,gram_count,document_count,Average_freq,maha_dist,mad_z_gram_count,mad_z_document_count,mad_z_Average_freq
stratified,360,12,30.0,5.241961635123328,242.1455,7.4195,19.5605
random,485,19,25.526315789473685,7.4302326119414195,326.45799999999997,12.141,16.543
sampling,815,16,50.9375,9.216529421484639,549.043,10.1175,33.682843749999996
from,670,19,35.26315789473684,8.501945502249653,451.2405,12.141,23.1105
streaming,69,1,69.0,17.631719327041264,45.866,0.0,45.866
and,2188,19,115.15789473684211,24.27039043445575,1475.1315,12.141,76.9995
stored,30,3,10.0,1.8297291198653984,19.5605,1.349,6.0705
data,470,18,26.11111111111111,7.019270985077055,316.3405,11.4665,16.937444444444445
iowa,7,2,3.5,0.327398557299801,4.047,0.6745,1.68625
state,33,10,3.3,3.4500087483580897,21.584,6.0705,1.5513499999999998
university,33,10,3.3,3.4500087483580897,21.584,6.0705,1.5513499999999998
at,151,15,10.066666666666666,5.304737277527816,101.175,9.443,6.115466666666666
t,115,16,7.1875,5.815279373130747,76.893,10.1175,4.17346875
usa,17,4,4.25,0.9453141468208098,10.792,2.0235,2.192125
tirthapura,8,1,8.0,1.6177985932376384,4.7215,0.0,4.7215
xu,8,2,4.0,0.44957225393225925,4.7215,0.6745,2.0235
abstract,11,7,1.5714285714285714,2.235520229697045,6.745,4.047,0.3854285714285714
srs,126,8,15.75,3.11079755529561,84.3125,4.7215,9.948875
is,1487,19,78.26315789473684,16.339090326592892,1002.307,12.141,52.114
a,1915,19,100.78947368421052,21.13274786480141,1290.993,12.141,67.30799999999999
widely,13,6,2.1666666666666665,1.7722115033939791,8.094,3.3725,0.7869166666666666
used,248,17,14.588235294117647,6.082458073275524,166.6015,10.792,9.165264705882352
for,1325,19,69.73684210526316,14.591175826061958,893.038,12.141,46.36300000000001
approximate,20,5,4.0,1.3212527781584862,12.8155,2.698,2.0235
query,29,1,29.0,7.107360232295761,18.886,0.0,18.886
processing,51,6,8.5,1.9458896105491914,33.725,3.3725,5.05875
we,703,19,37.0,8.73939489415492,473.49899999999997,12.141,24.282
consider,57,11,5.181818181818182,3.7986116701429196,37.772,6.745,2.8206363636363636
on,624,19,32.8421052631579,8.191815940882105,420.2135,12.141,21.477500000000003
arriving,7,1,7.0,1.3643281590068304,4.047,0.0,4.047
streams,16,2,8.0,1.4408440559517086,10.1175,0.6745,4.7215
make,34,12,2.8333333333333335,4.3350209100571675,22.258499999999998,7.4195,1.2365833333333334
the,6433,19,338.57894736842104,74.82396735496705,4338.384,12.141,227.69699999999997
following,62,15,4.133333333333334,5.5485726314253405,41.1445,9.443,2.1134333333333335
present,42,6,7.0,1.8286635101974036,27.6545,3.3725,4.047
lower,46,9,5.111111111111111,2.963996427172979,30.3525,5.396,2.772944444444444
bound,12,3,4.0,0.5896361141233036,7.4195,1.349,2.0235
that,768,19,40.421052631578945,9.239533623051877,517.3415,12.141,26.589499999999997
shows,34,10,3.4,3.4455060935456014,22.258499999999998,6.0705,1.6188
any,60,15,4.0,5.556477427175496,39.7955,9.443,2.0235
ing,28,6,4.666666666666667,1.735775832111276,18.2115,3.3725,2.4731666666666667
algorithm,138,7,19.714285714285715,3.5406117640470427,92.4065,4.047,12.622785714285715
must,45,11,4.090909090909091,3.8424170089236585,29.678,6.745,2.0848181818181817
have,223,18,12.38888888888889,6.505778837732026,149.739,11.4665,7.681805555555556
in,2159,19,113.63157894736842,23.93507618093758,1455.571,12.141,75.97
worst,7,3,2.3333333333333335,0.4697139373905674,4.047,1.349,0.8993333333333334
case,144,15,9.6,5.31592777444828,96.4535,9.443,5.8007
variance,275,11,25.0,4.539572431925915,184.813,6.745,16.188
r,70,15,4.666666666666667,5.517968006612259,46.5405,9.443,2.4731666666666667
factor,26,7,3.7142857142857144,2.154497115821596,16.8625,4.047,1.8307857142857142
optimal,59,8,7.375,2.5580842174043097,39.121,4.7215,4.2999374999999995
where,156,18,8.666666666666666,6.595214861285629,104.5475,11.4665,5.171166666666666
number,229,17,13.470588235294118,6.081521472197588,153.786,10.792,8.411411764705882
of,3563,19,187.52631578947367,40.45647549393001,2402.569,12.141,125.81199999999998
strata,414,13,31.846153846153847,5.6633353476398725,278.5685,8.094,20.80573076923077
results,194,15,12.933333333333334,5.2673164777927335,130.17849999999999,9.443,8.049033333333334
experiments,28,7,4.0,2.1493370701826944,18.2115,4.047,2.0235
real,15,8,1.875,2.6539573180616016,9.443,4.7215,0.5901875
synthetic,7,3,2.3333333333333335,0.4697139373905674,4.047,1.349,0.8993333333333334
show,41,9,4.555555555555555,2.977865020229023,26.98,5.396,2.398222222222222
typically,10,3,3.3333333333333335,0.5099032887135141,6.0705,1.349,1.5738333333333334
close,11,5,2.2,1.3375249312622703,6.745,2.698,0.8094000000000001
to,1885,19,99.21052631578948,20.790927204103337,1270.758,12.141,66.24300000000001
an,382,18,21.22222222222222,6.690562461300442,256.98449999999997,11.4665,13.639888888888889
offline,31,1,31.0,7.633133917549889,20.235,0.0,20.235
which,275,17,16.176470588235293,6.098703156869712,184.813,10.792,10.236529411764705
was,230,16,14.375,5.671199328396963,154.4605,10.1175,9.0214375
given,143,13,11.0,4.484930783013207,95.779,8.094,6.745
entire,36,10,3.6,3.436746123477122,23.607499999999998,6.0705,1.7537
input,23,6,3.8333333333333335,1.7320671502775518,14.839,3.3725,1.9110833333333335
also,165,15,11.0,5.286612617725695,110.618,9.443,6.745
voila,50,1,50.0,12.631239302365303,33.0505,0.0,33.0505
generalization,8,4,2.0,0.9127906897719432,4.7215,2.0235,0.6745
neyman,48,6,8.0,1.9023738903109146,31.7015,3.3725,4.7215
allocation,376,13,28.923076923076923,5.365108470995195,252.9375,8.094,18.834115384615384
only,98,17,5.764705882352941,6.307216806724427,65.4265,10.792,3.213794117647059
under,126,13,9.692307692307692,4.500652077580194,84.3125,8.094,5.862961538461538
assumption,14,5,2.8,1.3200996638193465,8.7685,2.698,1.2141
each,323,18,17.944444444444443,6.557580882196993,217.189,11.4665,11.429027777777776
stratum,472,13,36.30769230769231,6.17310196372258,317.6895,8.094,23.81503846153846
has,116,17,6.823529411764706,6.252937900687186,77.5675,10.792,3.927970588235294
large,100,16,6.25,5.858734674195169,66.7755,10.1175,3.541125
points,13,8,1.625,2.6672787472915793,8.094,4.7215,0.4215625
choose,21,8,2.625,2.6183895465988156,13.49,4.7215,1.0960625
can,354,19,18.63157894736842,7.010642989133409,238.0985,12.141,11.8925
significantly,10,3,3.3333333333333335,0.5099032887135141,6.0705,1.349,1.5738333333333334
smaller,51,14,3.642857142857143,5.1490089863563755,33.725,8.7685,1.7826071428571428
ance,7,2,3.5,0.327398557299801,4.047,0.6745,1.68625
than,137,17,8.058823529411764,6.198682807218982,91.732,10.792,4.761176470588235
1,922,19,48.526315789473685,10.563473554879906,621.2145,12.141,32.0565
introduction,30,13,2.3076923076923075,4.79882953226429,19.5605,8.094,0.8820384615384614
method,104,15,6.933333333333334,5.406542161691928,69.4735,9.443,4.002033333333333
analysis,92,12,7.666666666666667,4.13779191052533,61.3795,7.4195,4.496666666666667
features,33,7,4.714285714285714,2.1424493747123745,21.584,4.047,2.5052857142857143
every,30,12,2.5,4.354189966302844,19.5605,7.4195,1.01175
system,16,6,2.6666666666666665,1.7536346875965576,10.1175,3.3725,1.1241666666666665
its,50,13,3.8461538461538463,4.708961907189596,33.0505,8.094,1.9197307692307692
many,68,14,4.857142857142857,5.0821581957268895,45.1915,8.7685,2.6016428571428567
important,44,10,4.4,3.4050222114112243,29.0035,6.0705,2.2933000000000003
classes,35,7,5.0,2.142113183186786,22.933,4.047,2.698
queries,18,1,18.0,4.21909889424038,11.4665,0.0,11.4665
answer,9,4,2.25,0.9028838888464695,5.396,2.0235,0.843125
whose,22,6,3.6666666666666665,1.7332456138429237,14.1645,3.3725,1.7986666666666666
error,91,12,7.583333333333333,4.139847716281952,60.705,7.4195,4.440458333333333
small,78,13,6.0,4.60682245576804,51.9365,8.094,3.3725
statistical,76,11,6.909090909090909,3.747464235218759,50.5875,6.745,3.9856818181818183
sense,13,5,2.6,1.3245967556788107,8.094,2.698,1.0792
be,715,19,37.63157894736842,8.828613147261208,481.593,12.141,24.708
obtained,79,11,7.181818181818182,3.741481447589383,52.611,6.745,4.169636363636363
through,43,11,3.909090909090909,3.8505584836879634,28.329,6.745,1.9621818181818182
over,59,14,4.214285714285714,5.116491790704877,39.121,8.7685,2.1680357142857143
derived,17,7,2.4285714285714284,2.19436137613984,10.792,4.047,0.9635714285714284
sample,984,17,57.88235294117647,10.896281784524833,663.0335,10.792,38.36714705882353
are,731,19,38.473684210526315,8.949834311607814,492.385,12.141,25.276
part,31,11,2.8181818181818183,3.9043141236851855,20.235,6.745,1.2263636363636365
all,263,19,13.842105263157896,6.919791069905721,176.719,12.141,8.662
major,7,6,1.1666666666666667,1.825276782848588,4.047,3.3725,0.11241666666666672
database,31,6,5.166666666666667,1.7456397954508032,20.235,3.3725,2.810416666666667
pling,7,2,3.5,0.327398557299801,4.047,0.6745,1.68625
uniform,16,2,8.0,1.4408440559517086,10.1175,0.6745,4.7215
element,58,5,11.6,2.174185757941716,38.4465,2.698,7.149699999999999
population,469,13,36.07692307692308,6.145327582114497,315.666,8.094,23.659384615384617
chosen,27,7,3.857142857142857,2.15174629860453,17.537,4.047,1.927142857142857
with,682,19,35.89473684210526,8.586912589417006,459.3345,12.141,23.536499999999997
same,88,16,5.5,5.897375071914369,58.6815,10.1175,3.03525
ability,15,6,2.5,1.7592182807292909,9.443,3.3725,1.01175
may,172,16,10.75,5.701148523636054,115.3395,10.1175,6.576375
however,86,13,6.615384615384615,4.582945709659067,57.332499999999996,8.094,3.787576923076923
lead,14,9,1.5555555555555556,3.1061298357863727,8.7685,5.396,0.37472222222222223
high,24,8,3.0,2.6031401720159586,15.5135,4.7215,1.349
estimation,31,7,4.428571428571429,2.144169615898502,20.235,4.047,2.3125714285714287
instance,10,3,3.3333333333333335,0.5099032887135141,6.0705,1.349,1.5738333333333334
suppose,31,9,3.4444444444444446,3.0150813028256445,20.235,5.396,1.648777777777778
estimate,110,13,8.461538461538462,4.526031453126901,73.5205,8.094,5.032807692307692
mean,190,15,12.666666666666666,5.268506044211794,127.48049999999999,9.443,7.869166666666666
size,452,19,23.789473684210527,7.294571988586654,304.1995,12.141,15.371500000000001
two,116,14,8.285714285714286,4.941112208570607,77.5675,8.7685,4.914214285714286
leads,8,5,1.6,1.3664447425443078,4.7215,2.698,0.40470000000000006
approximately,9,5,1.8,1.3555670301251002,5.396,2.698,0.5396
alternative,17,8,2.125,2.6413617586142877,10.792,4.7215,0.7588125
into,121,19,6.368421052631579,7.122452061531521,80.94,12.141,3.621
subgroups,8,3,2.6666666666666665,0.4706060532975808,4.7215,1.349,1.1241666666666665
called,43,15,2.8666666666666667,5.627685673219827,28.329,9.443,1.2590666666666666
within,113,14,8.071428571428571,4.947783276123434,75.544,8.7685,4.769678571428571
select,47,11,4.2727272727272725,3.8345133020919975,31.027,6.745,2.2074545454545453
samples,233,18,12.944444444444445,6.500931682080857,156.484,11.4665,8.056527777777777
combined,16,10,1.6,3.5387261149303635,10.1175,6.0705,0.40470000000000006
derive,11,6,1.8333333333333333,1.7875941634100148,6.745,3.3725,0.5620833333333333
divided,37,14,2.642857142857143,5.210329527893443,24.282,8.7685,1.1081071428571427
one,164,16,10.25,5.712178530206724,109.9435,10.1175,6.239125
elements,95,7,13.571428571428571,2.7026936315346584,63.403,4.047,8.47942857142857
other,152,16,9.5,5.731813474199335,101.84949999999999,10.1175,5.73325
much,30,10,3.0,3.464003547704593,19.5605,6.0705,1.349
by,430,19,22.63157894736842,7.214940280208472,289.3605,12.141,14.5905
s,291,19,15.31578947368421,6.929351082640206,195.605,12.141,9.656
published,12,8,1.5,2.6742082962762694,7.4195,4.7215,0.33725
proceedings,34,6,5.666666666666667,1.7611265604292758,22.258499999999998,3.3725,3.147666666666667
international,25,5,5.0,1.3585595521839893,16.188,2.698,2.698
conference,20,5,4.0,1.3212527781584862,12.8155,2.698,2.0235
2019,50,6,8.333333333333334,1.9309188832724107,33.0505,3.3725,4.9463333333333335
distribution,14,6,2.3333333333333335,1.7654126876339178,8.7685,3.3725,0.8993333333333334
this,578,19,30.42105263157895,7.908554424095652,389.18649999999997,12.141,19.8445
paper,48,9,5.333333333333333,2.95934908707904,31.7015,5.396,2.922833333333333
terms,39,11,3.5454545454545454,3.867548686938902,25.631,6.745,1.716909090909091
provides,30,10,3.0,3.464003547704593,19.5605,6.0705,1.349
some,113,15,7.533333333333333,5.382256306805878,75.544,9.443,4.406733333333333
others,10,4,2.5,0.8963187704492105,6.0705,2.0235,1.01175
sizes,123,16,7.6875,5.794343325392252,82.289,10.1175,4.51071875
standard,82,11,7.454545454545454,3.7360780986845303,54.634499999999996,6.745,4.353590909090909
deviation,18,6,3.0,1.7443227637712917,11.4665,3.3725,1.349
larger,51,15,3.4,5.59328764021762,33.725,9.443,1.6188
another,28,8,3.5,2.585504472457193,18.2115,4.7215,1.68625
above,42,12,3.5,4.298737361553525,27.6545,7.4195,1.68625
example,152,17,8.941176470588236,6.166045769155113,101.84949999999999,10.792,5.356323529411765
if,248,17,14.588235294117647,6.082458073275524,166.6015,10.792,9.165264705882352
three,77,12,6.416666666666667,4.173731412206062,51.262,7.4195,3.653541666666667
it,313,19,16.473684210526315,6.948395952590954,210.444,12.141,10.437
best,62,10,6.2,3.3536304218551196,41.1445,6.0705,3.5074
allocate,17,6,2.8333333333333335,1.7486677593322508,10.792,3.3725,1.2365833333333334
first,69,15,4.6,5.521704254576864,45.866,9.443,2.4282
second,61,14,4.357142857142857,5.108654800104905,40.47,8.7685,2.2643928571428567
since,71,13,5.461538461538462,4.629678735578337,47.214999999999996,8.094,3.0093076923076922
higher,27,10,2.7,3.478721684976106,17.537,6.0705,1.1466500000000002
so,96,13,7.384615384615385,4.556521470962375,64.0775,8.094,4.306423076923077
further,45,9,5.0,2.9665136463845956,29.678,5.396,2.698
reduces,13,9,1.4444444444444444,3.1125252569729787,8.094,5.396,0.29977777777777775
not,369,16,23.0625,5.9530415836786315,248.216,10.1175,14.88115625
such,146,16,9.125,5.743011197455608,97.8025,10.1175,5.4803125
as,598,19,31.473684210526315,8.028221716877129,402.6765,12.141,20.5545
sum,52,9,5.777777777777778,2.951610977710052,34.399499999999996,5.396,3.222611111111111
but,79,14,5.642857142857143,5.043495762449231,52.611,8.7685,3.1316071428571433
subsets,7,3,2.3333333333333335,0.4697139373905674,4.047,1.349,0.8993333333333334
defined,17,6,2.8333333333333335,1.7486677593322508,10.792,3.3725,1.2365833333333334
selection,69,11,6.2727272727272725,3.7636614227466896,45.866,6.745,3.556454545454545
provided,34,8,4.25,2.5649546849368043,22.258499999999998,4.7215,2.192125
time,90,11,8.181818181818182,3.7245203015289112,60.030499999999996,6.745,4.8441363636363635
been,58,12,4.833333333333333,4.234628007000348,38.4465,7.4195,2.585583333333333
systems,17,6,2.8333333333333335,1.7486677593322508,10.792,3.3725,1.2365833333333334
8,75,13,5.769230769230769,4.6163952190336275,49.913,8.094,3.216846153846154
14,46,13,3.5384615384615383,4.725839384232604,30.3525,8.094,1.7121923076923076
30,75,10,7.5,3.334278486172846,49.913,6.0705,4.38425
31,24,8,3.0,2.6031401720159586,15.5135,4.7215,1.349
problem,84,13,6.461538461538462,4.588688472979279,55.9835,8.094,3.6838076923076923
current,27,6,4.5,1.7337555192974885,17.537,3.3725,2.36075
methods,78,15,5.2,5.489006836861792,51.9365,9.443,2.8329
assume,25,11,2.272727272727273,3.934273541186202,16.188,6.745,0.8584545454545456
available,73,16,4.5625,5.950410644176648,48.564,10.1175,2.40290625
before,29,10,2.9,3.468829667952046,18.886,6.0705,1.28155
result,50,12,4.166666666666667,4.265250941343207,33.0505,7.4195,2.1359166666666667
easily,14,7,2.0,2.2135290804982004,8.7685,4.047,0.6745
new,79,11,7.181818181818182,3.741481447589383,52.611,6.745,4.169636363636363
more,188,19,9.894736842105264,6.975272319512911,126.1315,12.141,5.9995
29,37,9,4.111111111111111,2.991250274641267,24.282,5.396,2.098444444444444
work,72,11,6.545454545454546,3.7563378105822904,47.8895,6.745,3.740409090909091
dynamic,25,3,8.333333333333334,1.4543941556711901,16.188,1.349,4.9463333333333335
maintain,7,2,3.5,0.327398557299801,4.047,0.6745,1.68625
manner,19,5,3.8,1.3177038226776527,12.141,2.698,1.8885999999999998
address,7,5,1.4,1.3785222738124179,4.047,2.698,0.26979999999999993
study,222,17,13.058823529411764,6.083365117235496,149.0645,10.792,8.133676470588235
there,115,15,7.666666666666667,5.377162802732268,76.893,9.443,4.496666666666667
allocates,7,1,7.0,1.3643281590068304,4.047,0.0,4.047
among,77,12,6.416666666666667,4.173731412206062,51.262,7.4195,3.653541666666667
different,203,16,12.6875,5.674148576688634,136.249,10.1175,7.88321875
minimizes,8,6,1.3333333333333333,1.8150128756359525,4.7215,3.3725,0.22483333333333327
actual,15,5,3.0,1.316933120314868,9.443,2.698,1.349
while,61,12,5.083333333333333,4.22389554629836,40.47,7.4195,2.754208333333333
these,150,16,9.375,5.735444248029973,100.5005,10.1175,5.6489375
steps,25,7,3.5714285714285716,2.1575882153083277,16.188,4.047,1.7344285714285714
ple,11,6,1.8333333333333333,1.7875941634100148,6.745,3.3725,0.5620833333333333
done,31,10,3.1,3.4592578008400032,20.235,6.0705,1.41645
far,24,6,4.0,1.7315286670834846,15.5135,3.3725,2.0235
challenging,11,4,2.75,0.8931690253795873,6.745,2.0235,1.180375
do,50,14,3.5714285714285716,5.1532040353258335,33.0505,8.7685,1.7344285714285714
them,34,10,3.4,3.4455060935456014,22.258499999999998,6.0705,1.6188
well,47,13,3.6153846153846154,4.7215678271127155,31.027,8.094,1.764076923076923
algorithms,63,6,10.5,2.1577778640883496,41.819,3.3725,6.40775
task,37,7,5.285714285714286,2.1431616926573387,24.282,4.047,2.8907142857142856
stream,43,1,43.0,10.789380615720173,28.329,0.0,28.329
quality,21,3,7.0,1.1620097555575348,13.49,1.349,4.047
measured,14,4,3.5,0.9043754228817774,8.7685,2.0235,1.68625
using,277,17,16.294117647058822,6.100600231421202,186.162,10.792,10.315882352941175
computed,12,4,3.0,0.8934707749290605,7.4195,2.0235,1.349
our,126,10,12.6,3.4048763205540977,84.3125,6.0705,7.824199999999999
uses,24,5,4.8,1.348555782610503,15.5135,2.698,2.5631
memory,54,2,27.0,6.16725534692533,35.7485,0.6745,17.537
practical,15,8,1.875,2.6539573180616016,9.443,4.7215,0.5901875
upon,16,8,2.0,2.647568143136568,10.1175,4.7215,0.6745
obtain,53,12,4.416666666666667,4.253428328123724,35.074,7.4195,2.3045416666666667
smallest,30,5,6.0,1.4262672619459456,19.5605,2.698,3.3725
possible,67,11,6.090909090909091,3.768860299802224,44.516999999999996,6.745,3.433818181818182
when,182,18,10.11111111111111,6.548842864841775,122.08449999999999,11.4665,6.145444444444444
minibatch,33,1,33.0,8.159008638164078,21.584,0.0,21.584
multiple,34,9,3.7777777777777777,3.0026077422912807,22.258499999999998,5.396,1.8736111111111111
seen,24,9,2.6666666666666665,3.0484473852543363,15.5135,5.396,1.1241666666666665
42,13,6,2.1666666666666665,1.7722115033939791,8.094,3.3725,0.7869166666666666
made,25,9,2.7777777777777777,3.043320581203494,16.188,5.396,1.199111111111111
respect,30,8,3.75,2.5778603789226726,19.5605,4.7215,1.854875
improve,12,7,1.7142857142857142,2.227881070755732,7.4195,4.047,0.4817857142857142
increases,14,6,2.3333333333333335,1.7654126876339178,8.7685,3.3725,0.8993333333333334
reduction,41,6,6.833333333333333,1.8182242714060823,26.98,3.3725,3.934583333333333
based,165,17,9.705882352941176,6.1419564377639855,110.618,10.792,5.872117647058823
novel,11,6,1.8333333333333333,1.7875941634100148,6.745,3.3725,0.5620833333333333
reducing,9,3,3.0,0.4843484809731123,5.396,1.349,1.349
existing,8,4,2.0,0.9127906897719432,4.7215,2.0235,0.6745
down,7,3,2.3333333333333335,0.4697139373905674,4.047,1.349,0.8993333333333334
desired,18,10,1.8,3.5271233491421827,11.4665,6.0705,0.5396
target,26,5,5.2,1.3697841357504765,16.8625,2.698,2.8329
technique,48,8,6.0,2.5453181123448867,31.7015,4.7215,3.3725
independent,28,10,2.8,3.473735826590056,18.2115,6.0705,1.2141
interest,46,9,5.111111111111111,2.963996427172979,30.3525,5.396,2.772944444444444
tasks,16,6,2.6666666666666665,1.7536346875965576,10.1175,3.3725,1.1241666666666665
sliding,23,2,11.5,2.311069059168841,14.839,0.6745,7.08225
window,46,3,15.333333333333334,3.0587866895330187,30.3525,1.349,9.667833333333334
most,49,12,4.083333333333333,4.2692814734120805,32.376,7.4195,2.079708333333333
recent,12,5,2.4,1.3304109032922478,7.4195,2.698,0.9442999999999999
allowed,14,3,4.666666666666667,0.6960446875833781,8.7685,1.349,2.4731666666666667
allocations,50,4,12.5,2.322683287695695,33.0505,2.0235,7.75675
known,64,14,4.571428571428571,5.097120756859237,42.4935,8.7685,2.408928571428571
36,12,7,1.7142857142857142,2.227881070755732,7.4195,4.047,0.4817857142857142
neyalloc,16,1,16.0,3.695272871609357,10.1175,0.0,10.1175
statistics,36,10,3.6,3.436746123477122,23.607499999999998,6.0705,1.7537
literature,25,6,4.166666666666667,1.7316307613026696,16.188,3.3725,2.1359166666666667
subset,18,5,3.6,1.3154926790036738,11.4665,2.698,1.7537
does,29,10,2.9,3.468829667952046,18.886,6.0705,1.28155
no,71,15,4.733333333333333,5.514257438778714,47.214999999999996,9.443,2.518133333333333
how,64,13,4.923076923076923,4.654339988723543,42.4935,8.094,2.646115384615385
hence,32,10,3.2,3.4545927585971015,20.9095,6.0705,1.4839
addition,23,6,3.8333333333333335,1.7320671502775518,14.839,3.3725,1.9110833333333335
experimental,12,5,2.4,1.3304109032922478,7.4195,2.698,0.9442999999999999
evaluation,39,6,6.5,1.7990147321311438,25.631,3.3725,3.70975
detailed,20,7,2.857142857142857,2.1780916587770363,12.8155,4.047,1.2526428571428572
considering,13,8,1.625,2.6672787472915793,8.094,4.7215,0.4215625
both,80,14,5.714285714285714,5.040163723812862,53.2855,8.7685,3.1797857142857144
accuracy,132,8,16.5,3.1917077269196814,88.3595,4.7215,10.45475
found,30,10,3.0,3.464003547704593,19.5605,6.0705,1.349
prior,19,4,4.75,0.9874103489474779,12.141,2.0235,2.529375
5,184,18,10.222222222222221,6.5458834753918325,123.4335,11.4665,6.2203888888888885
100,130,12,10.833333333333334,4.096501759353994,87.0105,7.4195,6.632583333333334
b,215,13,16.53846153846154,4.547862183919053,144.343,8.094,10.480692307692308
produced,8,4,2.0,0.9127906897719432,4.7215,2.0235,0.6745
yield,7,5,1.4,1.3785222738124179,4.047,2.698,0.26979999999999993
accurate,12,5,2.4,1.3304109032922478,7.4195,2.698,0.9442999999999999
range,29,5,5.8,1.4104754964035122,18.886,2.698,3.2376
tion,31,8,3.875,2.5743349379150593,20.235,4.7215,1.9391875
followed,8,4,2.0,0.9127906897719432,4.7215,2.0235,0.6745
function,48,15,3.2,5.60600351533966,31.7015,9.443,1.4839
average,52,14,3.7142857142857144,5.144842752516166,34.399499999999996,8.7685,1.8307857142857142
c,276,16,17.25,5.710285110055603,185.48749999999998,10.1175,10.960625
related,22,10,2.2,3.504834378142861,14.1645,6.0705,0.8094000000000001
reservoir,28,2,14.0,2.9329081486905686,18.2115,0.6745,8.7685
variants,7,3,2.3333333333333335,0.4697139373905674,4.047,1.349,0.8993333333333334
considered,22,9,2.4444444444444446,3.0590559080741744,14.1645,5.396,0.9742777777777779
25,57,10,5.7,3.365075675621288,37.772,6.0705,3.17015
distinct,10,4,2.5,0.8963187704492105,6.0705,2.0235,1.01175
or,306,19,16.105263157894736,6.9412399553509,205.7225,12.141,10.1885
26,37,9,4.111111111111111,2.991250274641267,24.282,5.396,2.098444444444444
distributed,22,10,2.2,3.504834378142861,14.1645,6.0705,0.8094000000000001
15,68,16,4.25,5.96923641865285,45.1915,10.1175,2.192125
16,75,12,6.25,4.179341758304118,49.913,7.4195,3.541125
18,68,14,4.857142857142857,5.0821581957268895,45.1915,8.7685,2.6016428571428567
40,48,11,4.363636363636363,3.830651073300935,31.7015,6.745,2.268772727272727
online,23,6,3.8333333333333335,1.7320671502775518,14.839,3.3725,1.9110833333333335
weight,16,9,1.7777777777777777,3.0936757597367044,10.1175,5.396,0.524611111111111
depends,22,9,2.4444444444444446,3.0590559080741744,14.1645,5.396,0.9742777777777779
changes,12,4,3.0,0.8934707749290605,7.4195,2.0235,1.349
even,40,11,3.6363636363636362,3.8632132103630585,26.3055,6.745,1.7782272727272725
after,60,12,5.0,4.2274271133056835,39.7955,7.4195,2.698
observed,33,5,6.6,1.4798272920723003,21.584,2.698,3.7771999999999997
weighted,18,8,2.25,2.635339455942587,11.4665,4.7215,0.843125
22,87,11,7.909090909090909,3.728366878935793,58.007,6.745,4.660181818181818
observation,10,5,2.0,1.3459182276804824,6.0705,2.698,0.6745
change,23,5,4.6,1.3398001733464862,14.839,2.698,2.4282
35,36,7,5.142857142857143,2.142464414433525,23.607499999999998,4.047,2.794357142857143
et,169,8,21.125,3.763600468442534,113.316,4.7215,13.5743125
al,68,9,7.555555555555555,2.9416426304215073,45.1915,5.396,4.421722222222222
their,79,14,5.642857142857143,5.043495762449231,52.611,8.7685,3.1316071428571433
6,136,16,8.5,5.7637004740781,91.0575,10.1175,5.05875
32,55,9,6.111111111111111,2.9471773064312545,36.423,5.396,3.4474444444444443
machine,66,6,11.0,2.218852140183361,43.8425,3.3725,6.745
learning,149,7,21.285714285714285,3.7834851705841896,99.826,4.047,13.682714285714285
determining,9,4,2.25,0.9028838888464695,5.396,2.0235,0.843125
probability,41,8,5.125,2.5501296071667268,26.98,4.7215,2.7823124999999997
version,14,7,2.0,2.2135290804982004,8.7685,4.047,0.6745
weights,27,13,2.076923076923077,4.813470114367191,17.537,8.094,0.7263846153846155
resulting,16,6,2.6666666666666665,1.7536346875965576,10.1175,3.3725,1.1241666666666665
like,18,11,1.6363636363636365,3.9717422844832058,11.4665,6.745,0.4292272727272728
here,33,12,2.75,4.3397495914200865,21.584,7.4195,1.180375
majority,8,5,1.6,1.3664447425443078,4.7215,2.698,0.40470000000000006
assumed,12,6,2.0,1.7796078007700256,7.4195,3.3725,0.6745
7,123,16,7.6875,5.794343325392252,82.289,10.1175,4.51071875
2,763,20,38.15,9.472872362812838,513.9689999999999,12.8155,25.057675
being,37,11,3.3636363636363638,3.876394315539738,24.282,6.745,1.5942727272727273
parts,14,5,2.8,1.3200996638193465,8.7685,2.698,1.2141
stratification,114,10,11.4,3.367524159346356,76.21849999999999,6.0705,7.0148
cation,18,7,2.5714285714285716,2.1886127100317236,11.4665,4.047,1.0599285714285716
partitioning,8,2,4.0,0.44957225393225925,4.7215,0.6745,2.0235
assignment,9,4,2.25,0.9028838888464695,5.396,2.0235,0.843125
unique,8,4,2.0,0.9127906897719432,4.7215,2.0235,0.6745
applications,27,6,4.5,1.7337555192974885,17.537,3.3725,2.36075
usually,22,9,2.4444444444444446,3.0590559080741744,14.1645,5.396,0.9742777777777779
17,45,11,4.090909090909091,3.8424170089236585,29.678,6.745,2.0848181818181817
works,24,7,3.4285714285714284,2.161018136855794,15.5135,4.047,1.6380714285714284
3,294,18,16.333333333333332,6.519706386062749,197.6285,11.4665,10.342333333333332
stratify,14,8,1.75,2.660527966493362,8.7685,4.7215,0.505875
table,150,14,10.714285714285714,4.886263560282782,100.5005,8.7685,6.552285714285714
set,138,13,10.615384615384615,4.48834357827109,92.4065,8.094,6.4855769230769225
rows,46,3,15.333333333333334,3.0587866895330187,30.3525,1.349,9.667833333333334
group,46,11,4.181818181818182,3.838435341683104,30.3525,6.745,2.1461363636363635
note,43,10,4.3,3.4086944676993607,28.329,6.0705,2.22585
performed,52,8,6.5,2.5470912895834688,34.399499999999996,4.7215,3.70975
specific,9,4,2.25,0.9028838888464695,5.396,2.0235,0.843125
budget,43,2,21.5,4.798800402013157,28.329,0.6745,13.82725
needs,12,5,2.4,1.3304109032922478,7.4195,2.698,0.9442999999999999
characteristics,59,6,9.833333333333334,2.081025506532241,39.121,3.3725,5.958083333333334
once,13,6,2.1666666666666665,1.7722115033939791,8.094,3.3725,0.7869166666666666
final,24,6,4.0,1.7315286670834846,15.5135,3.3725,2.0235
step,33,6,5.5,1.7553476245529538,21.584,3.3725,3.03525
assigned,14,6,2.3333333333333335,1.7654126876339178,8.7685,3.3725,0.8993333333333334
uniformly,10,1,10.0,2.1318835993066867,6.0705,0.0,6.0705
pass,16,4,4.0,0.9285483174506097,10.1175,2.0235,2.0235
belonging,12,4,3.0,0.8934707749290605,7.4195,2.0235,1.349
determined,17,11,1.5454545454545454,3.9773120430218816,10.792,6.745,0.36790909090909085
occur,9,5,1.8,1.3555670301251002,5.396,2.698,0.5396
n,573,19,30.157894736842106,7.879509387969248,385.814,12.141,19.667
rstrata,9,1,9.0,1.8739755619519085,5.396,0.0,5.396
let,43,11,3.909090909090909,3.8505584836879634,28.329,6.745,1.9621818181818182
without,39,14,2.7857142857142856,5.20123108951332,25.631,8.7685,1.2044642857142855
replacement,17,6,2.8333333333333335,1.7486677593322508,10.792,3.3725,1.2365833333333334
s1,44,3,14.666666666666666,2.9039902415946752,29.0035,1.349,9.218166666666667
s2,64,8,8.0,2.572022238104344,42.4935,4.7215,4.7215
sn,22,5,4.4,1.3323173322791781,14.1645,2.698,2.2933000000000003
denote,15,5,3.0,1.316933120314868,9.443,2.698,1.349
dom,17,4,4.25,0.9453141468208098,10.792,2.0235,2.192125
si,26,3,8.666666666666666,1.528797756427766,16.8625,1.349,5.171166666666666
estimated,39,11,3.5454545454545454,3.867548686938902,25.631,6.745,1.716909090909091
shown,29,9,3.2222222222222223,3.0240102920092786,18.886,5.396,1.498888888888889
store,13,2,6.5,1.0682334471793369,8.094,0.6745,3.70975
question,22,9,2.4444444444444446,3.0590559080741744,14.1645,5.396,0.9742777777777779
split,124,8,15.5,3.084713994666865,82.9635,4.7215,9.78025
minimize,35,7,5.0,2.142113183186786,22.933,4.047,2.698
follows,22,10,2.2,3.504834378142861,14.1645,6.0705,0.8094000000000001
see,50,9,5.555555555555555,2.95521987907448,33.0505,5.396,3.072722222222222
theorem,21,4,5.25,1.039731576275873,13.49,2.0235,2.866625
i,812,17,47.76470588235294,9.243209925625829,547.0195,10.792,31.54279411764706
iσ2,10,1,10.0,2.1318835993066867,6.0705,0.0,6.0705
theory,37,7,5.285714285714286,2.1431616926573387,24.282,4.047,2.8907142857142856
around,16,5,3.2,1.3151067363730369,10.1175,2.698,1.4839
useful,10,5,2.0,1.3459182276804824,6.0705,2.698,0.6745
types,27,12,2.25,4.369008882288475,17.537,7.4195,0.843125
including,16,9,1.7777777777777777,3.0936757597367044,10.1175,5.396,0.524611111111111
across,24,9,2.6666666666666665,3.0484473852543363,15.5135,5.396,1.1241666666666665
section,70,10,7.0,3.339930936416989,46.5405,6.0705,4.047
studies,36,7,5.142857142857143,2.142464414433525,23.607499999999998,4.047,2.794357142857143
they,89,13,6.846153846153846,4.574616567108727,59.356,8.094,3.943230769230769
very,49,12,4.083333333333333,4.2692814734120805,32.376,7.4195,2.079708333333333
volume,16,4,4.0,0.9285483174506097,10.1175,2.0235,2.0235
true,30,9,3.3333333333333335,3.0194848219466026,19.5605,5.396,1.5738333333333334
scenario,8,3,2.6666666666666665,0.4706060532975808,4.7215,1.349,1.1241666666666665
especially,25,7,3.5714285714285716,2.1575882153083277,16.188,4.047,1.7344285714285714
text,8,6,1.3333333333333333,1.8150128756359525,4.7215,3.3725,0.22483333333333327
out,68,11,6.181818181818182,3.766229299622794,45.1915,6.745,3.4951363636363633
little,12,8,1.5,2.6742082962762694,7.4195,4.7215,0.33725
say,21,8,2.625,2.6183895465988156,13.49,4.7215,1.0960625
otherwise,8,3,2.6666666666666665,0.4706060532975808,4.7215,1.349,1.1241666666666665
bounded,18,2,9.0,1.6894074974933044,11.4665,0.6745,5.396
v,146,13,11.23076923076923,4.4833692231857185,97.8025,8.094,6.900653846153846
general,27,8,3.375,2.589621373931668,17.537,4.7215,1.6019375
whether,21,9,2.3333333333333335,3.0645363982331473,13.49,5.396,0.8993333333333334
solution,55,9,6.111111111111111,2.9471773064312545,36.423,5.396,3.4474444444444443
consists,18,11,1.6363636363636365,3.9717422844832058,11.4665,6.745,0.4292272727272728
achieved,43,8,5.375,2.5477284062115975,28.329,4.7215,2.9509374999999998
m,110,12,9.166666666666666,4.109231002714732,73.5205,7.4195,5.508416666666666
find,21,7,3.0,2.173323999807144,13.49,4.047,1.349
describe,16,4,4.0,0.9285483174506097,10.1175,2.0235,2.0235
start,8,2,4.0,0.44957225393225925,4.7215,0.6745,2.0235
then,192,16,12.0,5.68085073314828,128.8295,10.1175,7.4195
multielementssr,9,1,9.0,1.8739755619519085,5.396,0.0,5.396
windows,10,2,5.0,0.6963060425724137,6.0705,0.6745,2.698
now,59,10,5.9,3.3602332450890358,39.121,6.0705,3.30505
need,36,13,2.769230769230769,4.770444180279595,23.607499999999998,8.094,1.1933461538461538
simple,113,16,7.0625,5.820758381497698,75.544,10.1175,4.08915625
o,42,9,4.666666666666667,2.974835519693766,27.6545,5.396,2.4731666666666667
space,22,4,5.5,1.0692690726045957,14.1645,2.0235,3.03525
constant,24,6,4.0,1.7315286670834846,15.5135,3.3725,2.0235
end,14,6,2.3333333333333335,1.7654126876339178,8.7685,3.3725,0.8993333333333334
rate,31,9,3.4444444444444446,3.0150813028256445,20.235,5.396,1.648777777777778
order,32,9,3.5555555555555554,3.0108002697333953,20.9095,5.396,1.7237222222222222
compared,41,9,4.555555555555555,2.977865020229023,26.98,5.396,2.398222222222222
clearly,16,6,2.6666666666666665,1.7536346875965576,10.1175,3.3725,1.1241666666666665
either,20,11,1.8181818181818181,3.960764461235918,12.8155,6.745,0.5518636363636363
greater,24,9,2.6666666666666665,3.0484473852543363,15.5135,5.396,1.1241666666666665
α,7,2,3.5,0.327398557299801,4.047,0.6745,1.68625
idea,7,3,2.3333333333333335,0.4697139373905674,4.047,1.349,0.8993333333333334
proof,17,3,5.666666666666667,0.8842077194638219,10.792,1.349,3.147666666666667
construct,10,6,1.6666666666666667,1.7961627204265262,6.0705,3.3725,0.4496666666666667
certain,32,10,3.2,3.4545927585971015,20.9095,6.0705,1.4839
point,47,9,5.222222222222222,2.9616081366881333,31.027,5.396,2.847888888888889
single,33,10,3.3,3.4500087483580897,21.584,6.0705,1.5513499999999998
increasing,19,9,2.111111111111111,3.0758466960375985,12.141,5.396,0.7494444444444445
value,134,16,8.375,5.768140351655108,89.7085,10.1175,4.9744375
will,143,17,8.411764705882353,6.1850100686233285,95.779,10.792,4.999235294117647
though,9,6,1.5,1.8053051819952584,5.396,3.3725,0.33725
actually,7,5,1.4,1.3785222738124179,4.047,2.698,0.26979999999999993
limited,13,7,1.8571428571428572,2.220549668372045,8.094,4.047,0.5781428571428572
total,171,17,10.058823529411764,6.132166328429346,114.66499999999999,10.792,6.110176470588235
least,11,6,1.8333333333333333,1.7875941634100148,6.745,3.3725,0.5620833333333333
next,18,9,2.0,3.0816752216258525,11.4665,5.396,0.6745
left,10,5,2.0,1.3459182276804824,6.0705,2.698,0.6745
inequality,7,3,2.3333333333333335,0.4697139373905674,4.047,1.349,0.8993333333333334
right,11,7,1.5714285714285714,2.235520229697045,6.745,4.047,0.3854285714285714
thus,92,16,5.75,5.884116757478154,61.3795,10.1175,3.203875
4,207,18,11.5,6.51816317702595,138.947,11.4665,7.08225
observe,20,6,3.3333333333333335,1.7375165661556542,12.8155,3.3725,1.5738333333333334
fact,15,8,1.875,2.6539573180616016,9.443,4.7215,0.5901875
definition,7,4,1.75,0.9259319186889675,4.047,2.0235,0.505875
n2,49,8,6.125,2.545452978912006,32.376,4.7215,3.4568125
hand,16,6,2.6666666666666665,1.7536346875965576,10.1175,3.3725,1.1241666666666665
know,23,9,2.5555555555555554,3.0536926974150895,14.839,5.396,1.049222222222222
whereas,15,8,1.875,2.6539573180616016,9.443,4.7215,0.5901875
equally,9,6,1.5,1.8053051819952584,5.396,3.3725,0.33725
equal,67,13,5.153846153846154,4.643551659403844,44.516999999999996,8.094,2.801769230769231
observations,9,5,1.8,1.3555670301251002,5.396,2.698,0.5396
equation,22,5,4.4,1.3323173322791781,14.1645,2.698,2.2933000000000003
up,25,10,2.5,3.488931128791239,16.188,6.0705,1.01175
factors,38,9,4.222222222222222,2.9877147086844595,24.9565,5.396,2.173388888888889
always,15,6,2.5,1.7592182807292909,9.443,3.3725,1.01175
call,15,5,3.0,1.316933120314868,9.443,2.698,1.349
senate,17,1,17.0,3.9570952679550113,10.792,0.0,10.792
due,63,12,5.25,4.2169707488085795,41.819,7.4195,2.866625
resources,24,12,2.0,4.384202500891182,15.5135,7.4195,0.6745
performs,12,5,2.4,1.3304109032922478,7.4195,2.698,0.9442999999999999
practice,16,8,2.0,2.647568143136568,10.1175,4.7215,0.6745
good,24,12,2.0,4.384202500891182,15.5135,7.4195,0.6745
properties,15,5,3.0,1.316933120314868,9.443,2.698,1.349
allocated,15,4,3.75,0.9148555446725114,9.443,2.0235,1.854875
making,11,8,1.375,2.6813152274307064,6.745,4.7215,0.2529375
decisions,7,3,2.3333333333333335,0.4697139373905674,4.047,1.349,0.8993333333333334
tions,10,5,2.0,1.3459182276804824,6.0705,2.698,0.6745
problems,26,10,2.6,3.483786900920807,16.8625,6.0705,1.0792
belong,7,3,2.3333333333333335,0.4697139373905674,4.047,1.349,0.8993333333333334
variances,44,8,5.5,2.5468353700899584,29.0035,4.7215,3.03525
previous,17,8,2.125,2.6413617586142877,10.792,4.7215,0.7588125
approach,66,11,6.0,3.771554291182344,43.8425,6.745,3.3725
add,13,3,4.333333333333333,0.6402594923123793,8.094,1.349,2.248333333333333
optimization,9,5,1.8,1.3555670301251002,5.396,2.698,0.5396
threshold,10,5,2.0,1.3459182276804824,6.0705,2.698,0.6745
what,28,8,3.5,2.585504472457193,18.2115,4.7215,1.68625
way,32,11,2.909090909090909,3.8995179600443097,20.9095,6.745,1.2876818181818181
reduce,26,11,2.3636363636363638,3.929140606066816,16.8625,6.745,0.9197727272727273
issue,22,6,3.6666666666666665,1.7332456138429237,14.1645,3.3725,1.7986666666666666
decrease,27,3,9.0,1.6035795331900098,17.537,1.349,5.396
increase,59,12,4.916666666666667,4.231004639033489,39.121,7.4195,2.6417916666666668
simply,18,6,3.0,1.7443227637712917,11.4665,3.3725,1.349
according,42,10,4.2,3.4124510734897537,27.6545,6.0705,2.1584
ones,9,7,1.2857142857142858,2.251709161942617,5.396,4.047,0.19271428571428578
key,22,4,5.5,1.0692690726045957,14.1645,2.0235,3.03525
drawn,54,10,5.4,3.372996349155757,35.7485,6.0705,2.9678
maintained,7,2,3.5,0.327398557299801,4.047,0.6745,1.68625
keys,8,1,8.0,1.6177985932376384,4.7215,0.0,4.7215
strategy,38,6,6.333333333333333,1.790262339467854,24.9565,3.3725,3.5973333333333333
instead,12,8,1.5,2.6742082962762694,7.4195,4.7215,0.33725
until,12,7,1.7142857142857142,2.227881070755732,7.4195,4.047,0.4817857142857142
enough,22,9,2.4444444444444446,3.0590559080741744,14.1645,5.396,0.9742777777777779
variable,64,12,5.333333333333333,4.213577745675066,42.4935,7.4195,2.922833333333333
included,17,7,2.4285714285714284,2.19436137613984,10.792,4.047,0.9635714285714284
di,34,8,4.25,2.5649546849368043,22.258499999999998,4.7215,2.192125
respectively,43,11,3.909090909090909,3.8505584836879634,28.329,6.745,1.9621818181818182
0,123,14,8.785714285714286,4.926689594567507,82.289,8.7685,5.251464285714286
sr,19,2,9.5,1.8137168446642986,12.141,0.6745,5.73325
e,119,14,8.5,4.934734604800614,79.591,8.7685,5.05875
d,64,12,5.333333333333333,4.213577745675066,42.4935,7.4195,2.922833333333333
independently,12,9,1.3333333333333333,3.1190320169440633,7.4195,5.396,0.22483333333333327
ni,56,7,8.0,2.2207576467795067,37.0975,4.047,4.7215
selected,318,14,22.714285714285715,5.180770418470365,213.8165,8.7685,14.646285714285714
process,42,12,3.5,4.298737361553525,27.6545,7.4195,1.68625
vary,15,10,1.5,3.544640768269513,9.443,6.0705,0.33725
update,9,5,1.8,1.3555670301251002,5.396,2.698,0.5396
std,8,2,4.0,0.44957225393225925,4.7215,0.6745,2.0235
dev,38,6,6.333333333333333,1.790262339467854,24.9565,3.3725,3.5973333333333333
assign,16,4,4.0,0.9285483174506097,10.1175,2.0235,2.0235
sampled,22,6,3.6666666666666665,1.7332456138429237,14.1645,3.3725,1.7986666666666666
βelements,8,1,8.0,1.6177985932376384,4.7215,0.0,4.7215
faster,10,4,2.5,0.8963187704492105,6.0705,2.0235,1.01175
evicting,8,1,8.0,1.6177985932376384,4.7215,0.0,4.7215
9,54,13,4.153846153846154,4.69264456822564,35.7485,8.094,2.127269230769231
10,101,16,6.3125,5.8556690308191355,67.45,10.1175,3.5832812499999998
largest,7,4,1.75,0.9259319186889675,4.047,2.0235,0.505875
11,116,16,7.25,5.81257650015209,77.5675,10.1175,4.215625
amount,20,6,3.3333333333333335,1.7375165661556542,12.8155,3.3725,1.5738333333333334
get,43,9,4.777777777777778,2.9719335437816876,28.329,5.396,2.548111111111111
balance,9,5,1.8,1.3555670301251002,5.396,2.698,0.5396
returns,10,3,3.3333333333333335,0.5099032887135141,6.0705,1.349,1.5738333333333334
special,9,6,1.5,1.8053051819952584,5.396,3.3725,0.33725
use,125,18,6.944444444444445,6.669350030669542,83.638,11.4665,4.009527777777778
lemma,11,1,11.0,2.390962590857764,6.745,0.0,6.745
presents,21,5,4.2,1.3261288048258812,13.49,2.698,2.1584
complexity,8,4,2.0,0.9127906897719432,4.7215,2.0235,0.6745
cost,156,12,13.0,4.1101115966876804,104.5475,7.4195,8.094
expected,22,9,2.4444444444444446,3.0590559080741744,14.1645,5.396,0.9742777777777779
comes,8,5,1.6,1.3664447425443078,4.7215,2.698,0.40470000000000006
low,16,7,2.2857142857142856,2.2004321166318164,10.1175,4.047,0.8672142857142856
still,22,9,2.4444444444444446,3.0590559080741744,14.1645,5.396,0.9742777777777779
because,64,13,4.923076923076923,4.654339988723543,42.4935,8.094,2.646115384615385
appear,12,5,2.4,1.3304109032922478,7.4195,2.698,0.9442999999999999
necessary,16,7,2.2857142857142856,2.2004321166318164,10.1175,4.047,0.8672142857142856
reduced,12,6,2.0,1.7796078007700256,7.4195,3.3725,0.6745
minimized,12,4,3.0,0.8934707749290605,7.4195,2.0235,1.349
subsample,8,4,2.0,0.9127906897719432,4.7215,2.0235,0.6745
affect,7,6,1.1666666666666667,1.825276782848588,4.047,3.3725,0.11241666666666672
parameters,89,13,6.846153846153846,4.574616567108727,59.356,8.094,3.943230769230769
program,32,4,8.0,1.4511848556585465,20.9095,2.0235,4.7215
subject,14,6,2.3333333333333335,1.7654126876339178,8.7685,3.3725,0.8993333333333334
constraints,10,3,3.3333333333333335,0.5099032887135141,6.0705,1.349,1.5738333333333334
approaches,45,7,6.428571428571429,2.1611225081377246,29.678,4.047,3.6615714285714285
application,15,7,2.142857142857143,2.206822273529007,9.443,4.047,0.7708571428571428
items,15,8,1.875,2.6539573180616016,9.443,4.7215,0.5901875
would,113,14,8.071428571428571,4.947783276123434,75.544,8.7685,4.769678571428571
min,21,3,7.0,1.1620097555575348,13.49,1.349,4.047
required,31,10,3.1,3.4592578008400032,20.235,6.0705,1.41645
direct,8,6,1.3333333333333333,1.8150128756359525,4.7215,3.3725,0.22483333333333327
stated,7,4,1.75,0.9259319186889675,4.047,2.0235,0.505875
omit,7,3,2.3333333333333335,0.4697139373905674,4.047,1.349,0.8993333333333334
apply,16,6,2.6666666666666665,1.7536346875965576,10.1175,3.3725,1.1241666666666665
overall,22,10,2.2,3.504834378142861,14.1645,6.0705,0.8094000000000001
exhaustive,10,4,2.5,0.8963187704492105,6.0705,2.0235,1.01175
search,14,6,2.3333333333333335,1.7654126876339178,8.7685,3.3725,0.8993333333333334
feasible,18,2,9.0,1.6894074974933044,11.4665,0.6745,5.396
ways,13,6,2.1666666666666665,1.7722115033939791,8.094,3.3725,0.7869166666666666
oversized,23,1,23.0,5.530933502877365,14.839,0.0,14.839
impact,26,5,5.2,1.3697841357504765,16.8625,2.698,2.8329
last,17,9,1.8888888888888888,3.08761846323912,10.792,5.396,0.5995555555555555
exists,7,5,1.4,1.3785222738124179,4.047,2.698,0.26979999999999993
l,214,11,19.454545454545453,4.066621312358844,143.6685,6.745,12.447590909090907
consideration,16,7,2.2857142857142856,2.2004321166318164,10.1175,4.047,0.8672142857142856
output,19,5,3.8,1.3177038226776527,12.141,2.698,1.8885999999999998
j,98,8,12.25,2.7921037027522986,65.4265,4.7215,7.588125
keep,9,5,1.8,1.3555670301251002,5.396,2.698,0.5396
remaining,14,5,2.8,1.3200996638193465,8.7685,2.698,1.2141
again,19,8,2.375,2.6295024999199064,12.141,4.7215,0.9274375
statement,15,6,2.5,1.7592182807292909,9.443,3.3725,1.01175
base,7,4,1.75,0.9259319186889675,4.047,2.0235,0.505875
collection,12,4,3.0,0.8934707749290605,7.4195,2.0235,1.349
context,19,5,3.8,1.3177038226776527,12.141,2.698,1.8885999999999998
clear,16,8,2.0,2.647568143136568,10.1175,4.7215,0.6745
u,12,4,3.0,0.8934707749290605,7.4195,2.0235,1.349
corresponding,25,12,2.0833333333333335,4.379096566505573,16.188,7.4195,0.7307083333333334
20,98,12,8.166666666666666,4.126488740240285,65.4265,7.4195,4.833916666666666
24,33,11,3.0,3.8947786657050476,21.584,6.745,1.349
50,66,16,4.125,5.976925161641767,43.8425,10.1175,2.1078125
45,38,6,6.333333333333333,1.790262339467854,24.9565,3.3725,3.5973333333333333
60,63,8,7.875,2.568833043541426,41.819,4.7215,4.6371875
round,9,3,3.0,0.4843484809731123,5.396,1.349,1.349
54,14,5,2.8,1.3200996638193465,8.7685,2.698,1.2141
recall,12,5,2.4,1.3304109032922478,7.4195,2.698,0.9442999999999999
minimization,9,4,2.25,0.9028838888464695,5.396,2.0235,0.843125
formula,21,8,2.625,2.6183895465988156,13.49,4.7215,1.0960625
equivalent,10,3,3.3333333333333335,0.5099032887135141,6.0705,1.349,1.5738333333333334
minimizing,14,5,2.8,1.3200996638193465,8.7685,2.698,1.2141
exactly,7,4,1.75,0.9259319186889675,4.047,2.0235,0.505875
involves,11,4,2.75,0.8931690253795873,6.745,2.0235,1.180375
sequence,12,3,4.0,0.5896361141233036,7.4195,1.349,2.0235
therefore,61,13,4.6923076923076925,4.665454621109996,40.47,8.094,2.4904615384615387
becomes,13,6,2.1666666666666665,1.7722115033939791,8.094,3.3725,0.7869166666666666
vis,7,4,1.75,0.9259319186889675,4.047,2.0235,0.505875
array,8,2,4.0,0.44957225393225925,4.7215,0.6745,2.0235
numbers,29,5,5.8,1.4104754964035122,18.886,2.698,3.2376
q,76,5,15.2,2.815149798648054,50.5875,2.698,9.5779
x,114,12,9.5,4.105075619498473,76.21849999999999,7.4195,5.73325
y,299,13,23.0,4.8715671021350655,201.001,8.094,14.839
z,171,4,42.75,8.912742664036642,114.66499999999999,2.0235,28.160375
12,127,16,7.9375,5.784466999792566,84.987,10.1175,4.67934375
exist,10,6,1.6666666666666667,1.7961627204265262,6.0705,3.3725,0.4496666666666667
13,69,13,5.3076923076923075,4.636541846979512,45.866,8.094,2.905538461538461
procedure,75,12,6.25,4.179341758304118,49.913,7.4195,3.541125
w,133,11,12.090909090909092,3.734267380752845,89.03399999999999,6.745,7.480818181818182
similar,42,12,3.5,4.298737361553525,27.6545,7.4195,1.68625
provide,33,11,3.0,3.8947786657050476,21.584,6.745,1.349
exact,10,5,2.0,1.3459182276804824,6.0705,2.698,0.6745
requires,10,5,2.0,1.3459182276804824,6.0705,2.698,0.6745
linear,8,6,1.3333333333333333,1.8150128756359525,4.7215,3.3725,0.22483333333333327
21,48,11,4.363636363636363,3.830651073300935,31.7015,6.745,2.268772727272727
require,12,7,1.7142857142857142,2.227881070755732,7.4195,4.047,0.4817857142857142
just,16,11,1.4545454545454546,3.9829353987485723,10.1175,6.745,0.30659090909090914
27,29,8,3.625,2.5815838422813266,18.886,4.7215,1.7705625
43,25,9,2.7777777777777777,3.043320581203494,16.188,5.396,1.199111111111111
quite,10,5,2.0,1.3459182276804824,6.0705,2.698,0.6745
those,40,10,4.0,3.420216215590145,26.3055,6.0705,2.0235
additional,23,8,2.875,2.6080324387991625,14.839,4.7215,1.2646875
reason,20,7,2.857142857142857,2.1780916587770363,12.8155,4.047,1.2526428571428572
become,9,3,3.0,0.4843484809731123,5.396,1.349,1.349
cause,7,5,1.4,1.3785222738124179,4.047,2.698,0.26979999999999993
beyond,7,6,1.1666666666666667,1.825276782848588,4.047,3.3725,0.11241666666666672
give,17,8,2.125,2.6413617586142877,10.792,4.7215,0.7588125
us,34,13,2.6153846153846154,4.779772323802206,22.258499999999998,8.094,1.089576923076923
selecting,38,8,4.75,2.5552645248761503,24.9565,4.7215,2.529375
focus,9,6,1.5,1.8053051819952584,5.396,3.3725,0.33725
iin,8,3,2.6666666666666665,0.4706060532975808,4.7215,1.349,1.1241666666666665
full,10,7,1.4285714285714286,2.2434640013974523,6.0705,4.047,0.2890714285714286
removed,7,2,3.5,0.327398557299801,4.047,0.6745,1.68625
earlier,13,5,2.6,1.3245967556788107,8.094,2.698,1.0792
save,12,2,6.0,0.9441418324274715,7.4195,0.6745,3.3725
whole,30,11,2.727272727272727,3.909166947308549,19.5605,6.745,1.1650454545454545
records,14,2,7.0,1.192392676912969,8.7685,0.6745,4.047
created,10,7,1.4285714285714286,2.2434640013974523,6.0705,4.047,0.2890714285714286
could,66,12,5.5,4.206931090325111,43.8425,7.4195,3.03525
zero,8,5,1.6,1.3664447425443078,4.7215,2.698,0.40470000000000006
run,17,6,2.8333333333333335,1.7486677593322508,10.792,3.3725,1.2365833333333334
experiment,11,4,2.75,0.8931690253795873,6.745,2.0235,1.180375
finite,9,4,2.25,0.9028838888464695,5.396,2.0235,0.843125
source,21,7,3.0,2.173323999807144,13.49,4.047,1.349
access,9,6,1.5,1.8053051819952584,5.396,3.3725,0.33725
received,8,5,1.6,1.3664447425443078,4.7215,2.698,0.40470000000000006
evaluate,23,8,2.875,2.6080324387991625,14.839,4.7215,1.2646875
samplers,12,1,12.0,2.650869234130247,7.4195,0.0,7.4195
estimates,73,11,6.636363636363637,3.754023691219162,48.564,6.745,3.801727272727273
80,53,7,7.571428571428571,2.2006127119759493,35.074,4.047,4.432428571428571
relative,51,10,5.1,3.381700490644964,33.725,6.0705,2.7654499999999995
fraction,13,9,1.4444444444444444,3.1125252569729787,8.094,5.396,0.29977777777777775
150,14,5,2.8,1.3200996638193465,8.7685,2.698,1.2141
200,27,10,2.7,3.478721684976106,17.537,6.0705,1.1466500000000002
count,63,5,12.6,2.345263304420262,41.819,2.698,7.824199999999999
figure,157,8,19.625,3.5661660992317543,105.222,4.7215,12.5625625
openaq,13,1,13.0,2.9113818776869285,8.094,0.0,8.094
dataset,189,10,18.9,3.787476976173942,126.806,6.0705,12.07355
asrs,14,1,14.0,3.1723512312917093,8.7685,0.0,8.7685
proportional,105,11,9.545454545454545,3.714125006690217,70.148,6.745,5.763909090909091
parameter,39,12,3.25,4.3120195774964545,25.631,7.4195,1.517625
1in,8,2,4.0,0.44957225393225925,4.7215,0.6745,2.0235
implemented,14,5,2.8,1.3200996638193465,8.7685,2.698,1.2141
determine,21,9,2.3333333333333335,3.0645363982331473,13.49,5.396,0.8993333333333334
between,87,11,7.909090909090909,3.728366878935793,58.007,6.745,4.660181818181818
37,17,7,2.4285714285714284,2.19436137613984,10.792,4.047,0.9635714285714284
generate,29,7,4.142857142857143,2.147270580339907,18.886,4.047,2.119857142857143
type,41,11,3.727272727272727,3.858936221476977,26.98,6.745,1.8395454545454544
measurement,7,3,2.3333333333333335,0.4697139373905674,4.047,1.349,0.8993333333333334
stratifying,11,6,1.8333333333333333,1.7875941634100148,6.745,3.3725,0.5620833333333333
were,199,12,16.583333333333332,4.20614734553916,133.551,7.4195,10.510958333333333
figures,8,3,2.6666666666666665,0.4706060532975808,4.7215,1.349,1.1241666666666665
specified,16,6,2.6666666666666665,1.7536346875965576,10.1175,3.3725,1.1241666666666665
million,10,3,3.3333333333333335,0.5099032887135141,6.0705,1.349,1.5738333333333334
five,9,6,1.5,1.8053051819952584,5.396,3.3725,0.33725
vector,15,4,3.75,0.9148555446725114,9.443,2.0235,1.854875
normalized,17,3,5.666666666666667,0.8842077194638219,10.792,1.349,3.147666666666667
discussion,12,6,2.0,1.7796078007700256,7.4195,3.3725,0.6745
difference,18,8,2.25,2.635339455942587,11.4665,4.7215,0.843125
less,41,13,3.1538461538461537,4.7477148053702924,26.98,8.094,1.4527692307692306
times,9,5,1.8,1.3555670301251002,5.396,2.698,0.5396
comparison,44,11,4.0,3.8464581186426976,29.0035,6.745,2.0235
generally,19,10,1.9,3.521435983121933,12.141,6.0705,0.60705
fixed,66,8,8.25,2.5789979626412274,43.8425,4.7215,4.890125
better,63,12,5.25,4.2169707488085795,41.819,7.4195,2.866625
nearly,7,6,1.1666666666666667,1.825276782848588,4.047,3.3725,0.11241666666666672
substantial,7,4,1.75,0.9259319186889675,4.047,2.0235,0.505875
batch,14,3,4.666666666666667,0.6960446875833781,8.7685,1.349,2.4731666666666667
1k,16,2,8.0,1.4408440559517086,10.1175,0.6745,4.7215
performance,171,8,21.375,3.7974387637658893,114.66499999999999,4.7215,13.7429375
having,12,8,1.5,2.6742082962762694,7.4195,4.7215,0.33725
sensitivity,33,6,5.5,1.7553476245529538,21.584,3.3725,3.03525
conducted,9,5,1.8,1.3555670301251002,5.396,2.698,0.5396
5000,9,3,3.0,0.4843484809731123,5.396,1.349,1.349
decreases,12,4,3.0,0.8934707749290605,7.4195,2.0235,1.349
decreased,8,3,2.6666666666666665,0.4706060532975808,4.7215,1.349,1.1241666666666665
increased,12,5,2.4,1.3304109032922478,7.4195,2.698,0.9442999999999999
makes,13,7,1.8571428571428572,2.220549668372045,8.094,4.047,0.5781428571428572
constructed,16,5,3.2,1.3151067363730369,10.1175,2.698,1.4839
variety,7,5,1.4,1.3785222738124179,4.047,2.698,0.26979999999999993
evaluating,12,7,1.7142857142857142,2.227881070755732,7.4195,4.047,0.4817857142857142
implement,9,5,1.8,1.3555670301251002,5.396,2.698,0.5396
expensive,9,3,3.0,0.4843484809731123,5.396,1.349,1.349
knowledge,48,8,6.0,2.5453181123448867,31.7015,4.7215,3.3725
selectivity,9,2,4.5,0.5727122384228868,5.396,0.6745,2.36075
four,27,10,2.7,3.478721684976106,17.537,6.0705,1.1466500000000002
functions,7,4,1.75,0.9259319186889675,4.047,2.0235,0.505875
month,13,2,6.5,1.0682334471793369,8.094,0.6745,3.70975
year,7,5,1.4,1.3785222738124179,4.047,2.698,0.26979999999999993
2016,27,6,4.5,1.7337555192974885,17.537,3.3725,2.36075
errors,28,5,5.6,1.3957747358065578,18.2115,2.698,3.1026999999999996
accurately,11,4,2.75,0.8931690253795873,6.745,2.0235,1.180375
take,32,14,2.2857142857142856,5.233561005908837,20.9095,8.7685,0.8672142857142856
place,8,7,1.1428571428571428,2.260252413031539,4.7215,4.047,0.09635714285714281
often,35,8,4.375,2.5622290566161117,22.933,4.7215,2.2764375
quota,15,3,5.0,0.7558496648998655,9.443,1.349,2.698
123456789,11,1,11.0,2.390962590857764,6.745,0.0,6.745
2error,11,1,11.0,2.390962590857764,6.745,0.0,6.745
benefit,7,4,1.75,0.9259319186889675,4.047,2.0235,0.505875
remains,8,6,1.3333333333333333,1.8150128756359525,4.7215,3.3725,0.22483333333333327
termed,7,6,1.1666666666666667,1.825276782848588,4.047,3.3725,0.11241666666666672
described,20,9,2.2222222222222223,3.0701335398257665,12.8155,5.396,0.824388888888889
ask,8,2,4.0,0.44957225393225925,4.7215,0.6745,2.0235
attribute,8,3,2.6666666666666665,0.4706060532975808,4.7215,1.349,1.1241666666666665
report,29,6,4.833333333333333,1.7384320333809786,18.886,3.3725,2.585583333333333
compare,37,11,3.3636363636363638,3.876394315539738,24.282,6.745,1.5942727272727273
about,60,15,4.0,5.556477427175496,39.7955,9.443,2.0235
showed,8,5,1.6,1.3664447425443078,4.7215,2.698,0.40470000000000006
conclusions,10,6,1.6666666666666667,1.7961627204265262,6.0705,3.3725,0.4496666666666667
presented,55,7,7.857142857142857,2.2137280148265654,36.423,4.047,4.625142857142857
continuous,9,4,2.25,0.9028838888464695,5.396,2.0235,0.843125
limitation,7,4,1.75,0.9259319186889675,4.047,2.0235,0.505875
several,27,10,2.7,3.478721684976106,17.537,6.0705,1.1466500000000002
future,10,3,3.3333333333333335,0.5099032887135141,6.0705,1.349,1.5738333333333334
research,67,9,7.444444444444445,2.941277022538783,44.516999999999996,5.396,4.346777777777778
versions,10,3,3.3333333333333335,0.5099032887135141,6.0705,1.349,1.5738333333333334
references,10,9,1.1111111111111112,3.1323767660136443,6.0705,5.396,0.07494444444444448
proc,20,3,6.666666666666667,1.0907470137475161,12.8155,1.349,3.822166666666667
lee,7,4,1.75,0.9259319186889675,4.047,2.0235,0.505875
heterogeneous,19,6,3.1666666666666665,1.7406043584312332,12.141,3.3725,1.4614166666666666
information,99,17,5.823529411764706,6.304016323595682,66.101,10.792,3.253470588235294
39,14,6,2.3333333333333335,1.7654126876339178,8.7685,3.3725,0.8993333333333334
2014,24,5,4.8,1.348555782610503,15.5135,2.698,2.5631
wang,30,5,6.0,1.4262672619459456,19.5605,2.698,3.3725
models,141,8,17.625,3.320028937849916,94.42999999999999,4.7215,11.2135625
issues,12,4,3.0,0.8934707749290605,7.4195,2.0235,1.349
areas,75,6,12.5,2.4176457162587077,49.913,3.3725,7.75675
american,10,5,2.0,1.3459182276804824,6.0705,2.698,0.6745
inf,10,3,3.3333333333333335,0.5099032887135141,6.0705,1.349,1.5738333333333334
2015,31,5,6.2,1.4431142168061473,20.235,2.698,3.5074
optimized,7,4,1.75,0.9259319186889675,4.047,2.0235,0.505875
acm,8,3,2.6666666666666665,0.4706060532975808,4.7215,1.349,1.1241666666666665
ieee,15,5,3.0,1.316933120314868,9.443,2.698,1.349
28,35,8,4.375,2.5622290566161117,22.933,4.7215,2.2764375
cochran,20,5,4.0,1.3212527781584862,12.8155,2.698,2.0235
techniques,38,9,4.222222222222222,2.9877147086844595,24.9565,5.396,2.173388888888889
third,10,7,1.4285714285714286,2.2434640013974523,6.0705,4.047,0.2890714285714286
wiley,7,3,2.3333333333333335,0.4697139373905674,4.047,1.349,0.8993333333333334
york,8,6,1.3333333333333333,1.8150128756359525,4.7215,3.3725,0.22483333333333327
zhang,26,6,4.333333333333333,1.7323733196813733,16.8625,3.3725,2.248333333333333
59,21,7,3.0,2.173323999807144,13.49,4.047,1.349
2012,13,3,4.333333333333333,0.6402594923123793,8.094,1.349,2.248333333333333
19,38,12,3.1666666666666665,4.316533775799839,24.9565,7.4195,1.4614166666666666
model,155,8,19.375,3.534262400117422,103.873,4.7215,12.3939375
robust,7,3,2.3333333333333335,0.4697139373905674,4.047,1.349,0.8993333333333334
2009,13,4,3.25,0.8972205367266324,8.094,2.0235,1.517625
97,21,5,4.2,1.3261288048258812,13.49,2.698,2.1584
23,39,9,4.333333333333333,2.9843050253505408,25.631,5.396,2.248333333333333
datasets,74,7,10.571428571428571,2.3971933002234644,49.2385,4.047,6.455928571428571
journal,36,6,6.0,1.7745043504004983,23.607499999999998,3.3725,3.3725
2008,9,5,1.8,1.3555670301251002,5.396,2.698,0.5396
estimating,15,9,1.6666666666666667,3.099846442507252,9.443,5.396,0.4496666666666667
springer,8,4,2.0,0.9127906897719432,4.7215,2.0235,0.6745
complex,15,7,2.142857142857143,2.206822273529007,9.443,4.047,0.7708571428571428
clusters,9,6,1.5,1.8053051819952584,5.396,3.3725,0.33725
33,24,7,3.4285714285714284,2.161018136855794,15.5135,4.047,1.6380714285714284
design,91,8,11.375,2.7301695014100225,60.705,4.7215,6.9979375
34,39,9,4.333333333333333,2.9843050253505408,25.631,5.396,2.248333333333333
drawing,13,6,2.1666666666666665,1.7722115033939791,8.094,3.3725,0.7869166666666666
society,13,4,3.25,0.8972205367266324,8.094,2.0235,1.517625
series,13,7,1.8571428571428572,2.220549668372045,8.094,4.047,0.5781428571428572
applied,75,8,9.375,2.620069341614901,49.913,4.7215,5.6489375
aspects,17,7,2.4285714285714284,2.19436137613984,10.792,4.047,0.9635714285714284
representative,28,8,3.5,2.585504472457193,18.2115,4.7215,1.68625
38,40,7,5.714285714285714,2.147325601655372,26.3055,4.047,3.1797857142857144
p,152,15,10.133333333333333,5.303254045067517,101.84949999999999,9.443,6.160433333333333
41,8,5,1.6,1.3664447425443078,4.7215,2.698,0.40470000000000006
optimum,107,8,13.375,2.8828772637783846,71.497,4.7215,8.3469375
li,34,5,6.8,1.4996195003156039,22.258499999999998,2.698,3.9120999999999997
scale,20,3,6.666666666666667,1.0907470137475161,12.8155,1.349,3.822166666666667
chapter,70,7,10.0,2.3503064394132642,46.5405,4.047,6.0705
sa,8,3,2.6666666666666665,0.4706060532975808,4.7215,1.349,1.1241666666666665
list,73,7,10.428571428571429,2.385091567303295,48.564,4.047,6.359571428571429
members,22,2,11.0,2.186717698930431,14.1645,0.6745,6.745
convenience,39,9,4.333333333333333,2.9843050253505408,25.631,5.396,2.248333333333333
summary,22,6,3.6666666666666665,1.7332456138429237,14.1645,3.3725,1.7986666666666666
review,31,5,6.2,1.4431142168061473,20.235,2.698,3.5074
individuals,30,3,10.0,1.8297291198653984,19.5605,1.349,6.0705
participants,19,1,19.0,4.481251962875712,12.141,0.0,12.141
critical,13,4,3.25,0.8972205367266324,8.094,2.0235,1.517625
ts,34,2,17.0,3.679222653644543,22.258499999999998,0.6745,10.792
ran,17,4,4.25,0.9453141468208098,10.792,2.0235,2.192125
generalize,14,1,14.0,3.1723512312917093,8.7685,0.0,8.7685
findings,18,2,9.0,1.6894074974933044,11.4665,0.6745,5.396
th,38,9,4.222222222222222,2.9877147086844595,24.9565,5.396,2.173388888888889
treatment,10,2,5.0,0.6963060425724137,6.0705,0.6745,2.698
conditions,11,4,2.75,0.8931690253795873,6.745,2.0235,1.180375
bias,16,6,2.6666666666666665,1.7536346875965576,10.1175,3.3725,1.1241666666666665
groups,43,12,3.5833333333333335,4.294397196634228,28.329,7.4195,1.7424583333333334
stage,32,4,8.0,1.4511848556585465,20.9095,2.0235,4.7215
project,13,4,3.25,0.8972205367266324,8.094,2.0235,1.517625
risk,13,4,3.25,0.8972205367266324,8.094,2.0235,1.517625
effect,29,5,5.8,1.4104754964035122,18.886,2.698,3.2376
children,13,3,4.333333333333333,0.6402594923123793,8.094,1.349,2.248333333333333
g,49,7,7.0,2.1782346594930235,32.376,4.047,4.047
come,12,6,2.0,1.7796078007700256,7.4195,3.3725,0.6745
advantages,7,5,1.4,1.3785222738124179,4.047,2.698,0.26979999999999993
procedures,11,3,3.6666666666666665,0.5456132291834696,6.745,1.349,1.7986666666666666
define,11,5,2.2,1.3375249312622703,6.745,2.698,0.8094000000000001
few,13,8,1.625,2.6672787472915793,8.094,4.7215,0.4215625
term,13,7,1.8571428571428572,2.220549668372045,8.094,4.047,0.5781428571428572
criterion,10,5,2.0,1.3459182276804824,6.0705,2.698,0.6745
united,9,2,4.5,0.5727122384228868,5.396,0.6745,2.36075
states,11,2,5.5,0.820148524449224,6.745,0.6745,3.03525
people,34,8,4.25,2.5649546849368043,22.258499999999998,4.7215,2.192125
means,55,13,4.230769230769231,4.6886534447992245,36.423,8.094,2.179153846153846
limits,7,5,1.4,1.3785222738124179,4.047,2.698,0.26979999999999993
boundary,20,3,6.666666666666667,1.0907470137475161,12.8155,1.349,3.822166666666667
popula,8,2,4.0,0.44957225393225925,4.7215,0.6745,2.0235
objects,30,3,10.0,1.8297291198653984,19.5605,1.349,6.0705
referred,7,3,2.3333333333333335,0.4697139373905674,4.047,1.349,0.8993333333333334
census,29,3,9.666666666666666,1.7540839077074695,18.886,1.349,5.845666666666666
look,7,2,3.5,0.327398557299801,4.047,0.6745,1.68625
examples,28,6,4.666666666666667,1.735775832111276,18.2115,3.3725,2.4731666666666667
concerned,7,2,3.5,0.327398557299801,4.047,0.6745,1.68625
training,212,10,21.2,3.9931965610390856,142.3195,6.0705,13.624899999999998
studen,12,1,12.0,2.650869234130247,7.4195,0.0,7.4195
psychology,11,1,11.0,2.390962590857764,6.745,0.0,6.745
programs,16,2,8.0,1.4408440559517086,10.1175,0.6745,4.7215
did,12,3,4.0,0.5896361141233036,7.4195,1.349,2.0235
regarding,8,4,2.0,0.9127906897719432,4.7215,2.0235,0.6745
survey,101,10,10.1,3.341272811676667,67.45,6.0705,6.13795
95,29,6,4.833333333333333,1.7384320333809786,18.886,3.3725,2.585583333333333
researchers,25,4,6.25,1.1693046801842086,16.188,2.0235,3.541125
classify,10,3,3.3333333333333335,0.5099032887135141,6.0705,1.349,1.5738333333333334
schools,8,3,2.6666666666666665,0.4706060532975808,4.7215,1.349,1.1241666666666665
differen,15,1,15.0,3.433673162565237,9.443,0.0,9.443
complete,18,5,3.6,1.3154926790036738,11.4665,2.698,1.7537
reported,20,5,4.0,1.3212527781584862,12.8155,2.698,2.0235
per,33,11,3.0,3.8947786657050476,21.584,6.745,1.349
written,9,7,1.2857142857142858,2.251709161942617,5.396,4.047,0.19271428571428578
ed,71,6,11.833333333333334,2.3266235484071838,47.214999999999996,3.3725,7.307083333333334
read,10,7,1.4285714285714286,2.2434640013974523,6.0705,4.047,0.2890714285714286
noted,14,4,3.5,0.9043754228817774,8.7685,2.0235,1.68625
analyses,16,5,3.2,1.3151067363730369,10.1175,2.698,1.4839
had,21,4,5.25,1.039731576275873,13.49,2.0235,2.866625
differences,43,6,7.166666666666667,1.8396466026444436,28.329,3.3725,4.159416666666667
chance,14,2,7.0,1.192392676912969,8.7685,0.6745,4.047
words,14,7,2.0,2.2135290804982004,8.7685,4.047,0.6745
rather,15,6,2.5,1.7592182807292909,9.443,3.3725,1.01175
represented,13,4,3.25,0.8972205367266324,8.094,2.0235,1.517625
comparable,8,4,2.0,0.9127906897719432,4.7215,2.0235,0.6745
students,45,2,22.5,5.047605493327547,29.678,0.6745,14.50175
particular,31,8,3.875,2.5743349379150593,20.235,4.7215,1.9391875
percentage,12,4,3.0,0.8934707749290605,7.4195,2.0235,1.349
school,8,2,4.0,0.44957225393225925,4.7215,0.6745,2.0235
taken,27,7,3.857142857142857,2.15174629860453,17.537,4.047,1.927142857142857
appropriate,18,9,2.0,3.0816752216258525,11.4665,5.396,0.6745
treated,13,6,2.1666666666666665,1.7722115033939791,8.094,3.3725,0.7869166666666666
calculate,9,8,1.125,2.6960555901887613,5.396,4.7215,0.0843125
various,102,11,9.272727272727273,3.71502195562177,68.1245,6.745,5.579954545454545
allow,7,4,1.75,0.9259319186889675,4.047,2.0235,0.505875
he,22,7,3.142857142857143,2.1688878575135835,14.1645,4.047,1.4453571428571428
illustrate,8,2,4.0,0.44957225393225925,4.7215,0.6745,2.0235
extent,20,6,3.3333333333333335,1.7375165661556542,12.8155,3.3725,1.5738333333333334
h,113,11,10.272727272727273,3.7146292694829506,75.544,6.745,6.2544545454545455
nonprobability,8,1,8.0,1.6177985932376384,4.7215,0.0,4.7215
researcher,16,3,5.333333333333333,0.8187940790850259,10.1175,1.349,2.922833333333333
specify,8,2,4.0,0.44957225393225925,4.7215,0.6745,2.0235
generalizing,7,1,7.0,1.3643281590068304,4.047,0.0,4.047
precise,15,5,3.0,1.316933120314868,9.443,2.698,1.349
difficult,10,3,3.3333333333333335,0.5099032887135141,6.0705,1.349,1.5738333333333334
represen,12,1,12.0,2.650869234130247,7.4195,0.0,7.4195
es,8,4,2.0,0.9127906897719432,4.7215,2.0235,0.6745
test,118,6,19.666666666666668,3.5677969938772605,78.9165,3.3725,12.590666666666667
represent,22,4,5.5,1.0692690726045957,14.1645,2.0235,3.03525
description,24,7,3.4285714285714284,2.161018136855794,15.5135,4.047,1.6380714285714284
discuss,9,5,1.8,1.3555670301251002,5.396,2.698,0.5396
want,15,7,2.142857142857143,2.206822273529007,9.443,4.047,0.7708571428571428
differ,17,6,2.8333333333333335,1.7486677593322508,10.792,3.3725,1.2365833333333334
green,9,4,2.25,0.9028838888464695,5.396,2.0235,0.843125
college,15,2,7.5,1.3166003929015753,9.443,0.6745,4.38425
introductory,7,1,7.0,1.3643281590068304,4.047,0.0,4.047
local,7,4,1.75,0.9259319186889675,4.047,2.0235,0.505875
center,9,4,2.25,0.9028838888464695,5.396,2.0235,0.843125
should,74,12,6.166666666666667,4.182218324746567,49.2385,7.4195,3.484916666666667
you,70,9,7.777777777777778,2.942769449922186,46.5405,5.396,4.571611111111111
interested,12,4,3.0,0.8934707749290605,7.4195,2.0235,1.349
explicit,17,4,4.25,0.9453141468208098,10.792,2.0235,2.192125
studied,14,5,2.8,1.3200996638193465,8.7685,2.698,1.2141
political,10,1,10.0,2.1318835993066867,6.0705,0.0,6.0705
con,28,5,5.6,1.3957747358065578,18.2115,2.698,3.1026999999999996
randomly,55,7,7.857142857142857,2.2137280148265654,36.423,4.047,4.625142857142857
cases,25,12,2.0833333333333335,4.379096566505573,16.188,7.4195,0.7307083333333334
too,14,9,1.5555555555555556,3.1061298357863727,8.7685,5.396,0.37472222222222223
great,7,4,1.75,0.9259319186889675,4.047,2.0235,0.505875
avoid,12,6,2.0,1.7796078007700256,7.4195,3.3725,0.6745
might,18,7,2.5714285714285716,2.1886127100317236,11.4665,4.047,1.0599285714285716
names,9,4,2.25,0.9028838888464695,5.396,2.0235,0.843125
draw,25,7,3.5714285714285716,2.1575882153083277,16.188,4.047,1.7344285714285714
identify,10,5,2.0,1.3459182276804824,6.0705,2.698,0.6745
your,13,2,6.5,1.0682334471793369,8.094,0.6745,3.70975
moreover,15,6,2.5,1.7592182807292909,9.443,3.3725,1.01175
lists,24,2,12.0,2.4354270258066424,15.5135,0.6745,7.4195
sometimes,14,7,2.0,2.2135290804982004,8.7685,4.047,0.6745
limitations,16,6,2.6666666666666665,1.7536346875965576,10.1175,3.3725,1.1241666666666665
biased,9,5,1.8,1.3555670301251002,5.396,2.698,0.5396
sam,15,6,2.5,1.7592182807292909,9.443,3.3725,1.01175
questions,8,3,2.6666666666666665,0.4706060532975808,4.7215,1.349,1.1241666666666665
region,41,5,8.2,1.6615823930896227,26.98,2.698,4.8564
sources,9,3,3.0,0.4843484809731123,5.396,1.349,1.349
association,43,5,8.6,1.7143597915090987,28.329,2.698,5.1262
mind,7,4,1.75,0.9259319186889675,4.047,2.0235,0.505875
listed,8,4,2.0,0.9127906897719432,4.7215,2.0235,0.6745
universities,7,2,3.5,0.327398557299801,4.047,0.6745,1.68625
colleges,9,3,3.0,0.4843484809731123,5.396,1.349,1.349
election,10,1,10.0,2.1318835993066867,6.0705,0.0,6.0705
predict,8,5,1.6,1.3664447425443078,4.7215,2.698,0.40470000000000006
likely,23,6,3.8333333333333335,1.7320671502775518,14.839,3.3725,1.9110833333333335
polls,9,1,9.0,1.8739755619519085,5.396,0.0,5.396
poll,12,2,6.0,0.9441418324274715,7.4195,0.6745,3.3725
predicted,7,3,2.3333333333333335,0.4697139373905674,4.047,1.349,0.8993333333333334
landslide,260,2,130.0,31.7966156186993,174.6955,0.6745,87.0105
predictions,8,5,1.6,1.3664447425443078,4.7215,2.698,0.40470000000000006
discussed,23,6,3.8333333333333335,1.7320671502775518,14.839,3.3725,1.9110833333333335
systematic,37,6,6.166666666666667,1.7820895427854857,24.282,3.3725,3.484916666666667
prediction,15,5,3.0,1.316933120314868,9.443,2.698,1.349
why,11,7,1.5714285714285714,2.235520229697045,6.745,4.047,0.3854285714285714
who,28,4,7.0,1.2832733355075163,18.2115,2.0235,4.047
proportion,38,8,4.75,2.5552645248761503,24.9565,4.7215,2.529375
potential,8,6,1.3333333333333333,1.8150128756359525,4.7215,3.3725,0.22483333333333327
depending,11,9,1.2222222222222223,3.125649420367648,6.745,5.396,0.14988888888888896
along,12,4,3.0,0.8934707749290605,7.4195,2.0235,1.349
name,13,7,1.8571428571428572,2.220549668372045,8.094,4.047,0.5781428571428572
during,21,5,4.2,1.3261288048258812,13.49,2.698,2.1584
2000,7,5,1.4,1.3785222738124179,4.047,2.698,0.26979999999999993
populations,13,4,3.25,0.8972205367266324,8.094,2.0235,1.517625
options,20,4,5.0,1.0123846600469644,12.8155,2.0235,2.698
include,21,7,3.0,2.173323999807144,13.49,4.047,1.349
computer,28,4,7.0,1.2832733355075163,18.2115,2.0235,4.047
except,8,4,2.0,0.9127906897719432,4.7215,2.0235,0.6745
individual,27,9,3.0,3.0334248870356704,17.537,5.396,1.349
enter,8,3,2.6666666666666665,0.4706060532975808,4.7215,1.349,1.1241666666666665
starting,7,5,1.4,1.3785222738124179,4.047,2.698,0.26979999999999993
ny,8,5,1.6,1.3664447425443078,4.7215,2.698,0.40470000000000006
columns,22,3,7.333333333333333,1.2341348448293237,14.1645,1.349,4.271833333333333
common,22,9,2.4444444444444446,3.0590559080741744,14.1645,5.396,0.9742777777777779
column,72,5,14.4,2.667432575179617,47.8895,2.698,9.0383
ess,51,2,25.5,5.794034671832223,33.725,0.6745,16.52525
software,42,6,7.0,1.8286635101974036,27.6545,3.3725,4.047
mentioned,12,7,1.7142857142857142,2.227881070755732,7.4195,4.047,0.4817857142857142
menu,12,2,6.0,0.9441418324274715,7.4195,0.6745,3.3725
perform,17,7,2.4285714285714284,2.19436137613984,10.792,4.047,0.9635714285714284
decide,8,4,2.0,0.9127906897719432,4.7215,2.0235,0.6745
finally,17,5,3.4,1.3146260975769537,10.792,2.698,1.6188
needed,13,4,3.25,0.8972205367266324,8.094,2.0235,1.517625
his,10,4,2.5,0.8963187704492105,6.0705,2.0235,1.01175
return,8,3,2.6666666666666665,0.4706060532975808,4.7215,1.349,1.1241666666666665
located,10,2,5.0,0.6963060425724137,6.0705,0.6745,2.698
de,12,5,2.4,1.3304109032922478,7.4195,2.698,0.9442999999999999
assess,9,3,3.0,0.4843484809731123,5.396,1.349,1.349
whom,7,2,3.5,0.327398557299801,4.047,0.6745,1.68625
pattern,9,5,1.8,1.3555670301251002,5.396,2.698,0.5396
sex,8,2,4.0,0.44957225393225925,4.7215,0.6745,2.0235
characteristic,50,8,6.25,2.5457935272783883,33.0505,4.7215,3.541125
suggest,7,6,1.1666666666666667,1.825276782848588,4.047,3.3725,0.11241666666666672
values,139,15,9.266666666666667,5.324783121947501,93.081,9.443,5.575866666666667
situations,21,5,4.2,1.3261288048258812,13.49,2.698,2.1584
requiring,7,3,2.3333333333333335,0.4697139373905674,4.047,1.349,0.8993333333333334
surveys,35,6,5.833333333333333,1.76751432734551,22.933,3.3725,3.260083333333333
nature,17,7,2.4285714285714284,2.19436137613984,10.792,4.047,0.9635714285714284
years,9,5,1.8,1.3555670301251002,5.396,2.698,0.5396
although,14,6,2.3333333333333335,1.7654126876339178,8.7685,3.3725,0.8993333333333334
course,10,6,1.6666666666666667,1.7961627204265262,6.0705,3.3725,0.4496666666666667
variability,32,9,3.5555555555555554,3.0108002697333953,20.9095,5.396,1.7237222222222222
participate,9,1,9.0,1.8739755619519085,5.396,0.0,5.396
effort,17,4,4.25,0.9453141468208098,10.792,2.0235,2.192125
conduct,7,2,3.5,0.327398557299801,4.047,0.6745,1.68625
form,15,9,1.6666666666666667,3.099846442507252,9.443,5.396,0.4496666666666667
separate,14,7,2.0,2.2135290804982004,8.7685,4.047,0.6745
income,17,7,2.4285714285714284,2.19436137613984,10.792,4.047,0.9635714285714284
ic,7,2,3.5,0.327398557299801,4.047,0.6745,1.68625
representing,7,5,1.4,1.3785222738124179,4.047,2.698,0.26979999999999993
primary,7,3,2.3333333333333335,0.4697139373905674,4.047,1.349,0.8993333333333334
purposes,10,4,2.5,0.8963187704492105,6.0705,2.0235,1.01175
faculty,19,3,6.333333333333333,1.0205272868407913,12.141,1.349,3.5973333333333333
500,42,8,5.25,2.5488265735732543,27.6545,4.7215,2.866625
se,22,7,3.142857142857143,2.1688878575135835,14.1645,4.047,1.4453571428571428
against,7,3,2.3333333333333335,0.4697139373905674,4.047,1.349,0.8993333333333334
representation,20,10,2.0,3.515825121831944,12.8155,6.0705,0.6745
particularly,8,5,1.6,1.3664447425443078,4.7215,2.698,0.40470000000000006
assuming,14,5,2.8,1.3200996638193465,8.7685,2.698,1.2141
comparisons,9,3,3.0,0.4843484809731123,5.396,1.349,1.349
involved,8,4,2.0,0.9127906897719432,4.7215,2.0235,0.6745
90,37,7,5.285714285714286,2.1431616926573387,24.282,4.047,2.8907142857142856
proportions,13,4,3.25,0.8972205367266324,8.094,2.0235,1.517625
view,19,7,2.7142857142857144,2.183188662520717,12.141,4.047,1.1562857142857144
k,426,14,30.428571428571427,5.804300902536542,286.6625,8.7685,19.849571428571426
ce,9,2,4.5,0.5727122384228868,5.396,0.6745,2.36075
planning,7,3,2.3333333333333335,0.4697139373905674,4.047,1.349,0.8993333333333334
location,8,4,2.0,0.9127906897719432,4.7215,2.0235,0.6745
statements,7,2,3.5,0.327398557299801,4.047,0.6745,1.68625
my,15,2,7.5,1.3166003929015753,9.443,0.6745,4.38425
unknown,10,5,2.0,1.3459182276804824,6.0705,2.698,0.6745
generalized,10,4,2.5,0.8963187704492105,6.0705,2.0235,1.01175
below,19,8,2.375,2.6295024999199064,12.141,4.7215,0.9274375
extreme,7,6,1.1666666666666667,1.825276782848588,4.047,3.3725,0.11241666666666672
human,23,6,3.8333333333333335,1.7320671502775518,14.839,3.3725,1.9110833333333335
taking,28,12,2.3333333333333335,4.364027419516276,18.2115,7.4195,0.8993333333333334
choosing,7,6,1.1666666666666667,1.825276782848588,4.047,3.3725,0.11241666666666672
relevant,8,6,1.3333333333333333,1.8150128756359525,4.7215,3.3725,0.22483333333333327
site,7,2,3.5,0.327398557299801,4.047,0.6745,1.68625
skills,20,2,10.0,1.938039884264855,12.8155,0.6745,6.0705
assessment,24,4,6.0,1.1342187583647536,15.5135,2.0235,3.3725
obviously,9,5,1.8,1.3555670301251002,5.396,2.698,0.5396
evaluated,23,5,4.6,1.3398001733464862,14.839,2.698,2.4282
principle,8,5,1.6,1.3664447425443078,4.7215,2.698,0.40470000000000006
relationship,9,5,1.8,1.3555670301251002,5.396,2.698,0.5396
variables,80,9,8.88888888888889,2.956285696699022,53.2855,5.396,5.321055555555556
ds,13,2,6.5,1.0682334471793369,8.094,0.6745,3.70975
support,16,5,3.2,1.3151067363730369,10.1175,2.698,1.4839
desirable,7,5,1.4,1.3785222738124179,4.047,2.698,0.26979999999999993
reasons,13,8,1.625,2.6672787472915793,8.094,4.7215,0.4215625
reports,8,4,2.0,0.9127906897719432,4.7215,2.0235,0.6745
goal,7,6,1.1666666666666667,1.825276782848588,4.047,3.3725,0.11241666666666672
national,17,5,3.4,1.3146260975769537,10.792,2.698,1.6188
investigated,24,4,6.0,1.1342187583647536,15.5135,2.0235,3.3725
drug,8,2,4.0,0.44957225393225925,4.7215,0.6745,2.0235
age,22,6,3.6666666666666665,1.7332456138429237,14.1645,3.3725,1.7986666666666666
level,21,8,2.625,2.6183895465988156,13.49,4.7215,1.0960625
basis,14,8,1.75,2.660527966493362,8.7685,4.7215,0.505875
ad,7,3,2.3333333333333335,0.4697139373905674,4.047,1.349,0.8993333333333334
tab,12,2,6.0,0.9441418324274715,7.4195,0.6745,3.3725
le,7,4,1.75,0.9259319186889675,4.047,2.0235,0.505875
1000,11,5,2.2,1.3375249312622703,6.745,2.698,0.8094000000000001
italy,7,4,1.75,0.9259319186889675,4.047,2.0235,0.505875
together,10,7,1.4285714285714286,2.2434640013974523,6.0705,4.047,0.2890714285714286
ha,25,4,6.25,1.1693046801842086,16.188,2.0235,3.541125
article,21,4,5.25,1.039731576275873,13.49,2.0235,2.866625
details,14,5,2.8,1.3200996638193465,8.7685,2.698,1.2141
probably,7,3,2.3333333333333335,0.4697139373905674,4.047,1.349,0.8993333333333334
effective,11,8,1.375,2.6813152274307064,6.745,4.7215,0.2529375
importance,24,6,4.0,1.7315286670834846,15.5135,3.3725,2.0235
big,13,7,1.8571428571428572,2.220549668372045,8.094,4.047,0.5781428571428572
able,11,7,1.5714285714285714,2.235520229697045,6.745,4.047,0.3854285714285714
detect,11,4,2.75,0.8931690253795873,6.745,2.0235,1.180375
detected,12,3,4.0,0.5896361141233036,7.4195,1.349,2.0235
sufficiently,7,3,2.3333333333333335,0.4697139373905674,4.047,1.349,0.8993333333333334
achieve,15,8,1.875,2.6539573180616016,9.443,4.7215,0.5901875
conclusion,13,8,1.625,2.6672787472915793,8.094,4.7215,0.4215625
costs,7,3,2.3333333333333335,0.4697139373905674,4.047,1.349,0.8993333333333334
associated,15,7,2.142857142857143,2.206822273529007,9.443,4.047,0.7708571428571428
maximum,16,9,1.7777777777777777,3.0936757597367044,10.1175,5.396,0.524611111111111
relatively,17,6,2.8333333333333335,1.7486677593322508,10.792,3.3725,1.2365833333333334
organization,7,3,2.3333333333333335,0.4697139373905674,4.047,1.349,0.8993333333333334
persons,9,6,1.5,1.8053051819952584,5.396,3.3725,0.33725
networks,37,7,5.285714285714286,2.1431616926573387,24.282,4.047,2.8907142857142856
produce,13,9,1.4444444444444444,3.1125252569729787,8.094,5.396,0.29977777777777775
help,19,10,1.9,3.521435983121933,12.141,6.0705,0.60705
height,7,3,2.3333333333333335,0.4697139373905674,4.047,1.349,0.8993333333333334
slightly,15,5,3.0,1.316933120314868,9.443,2.698,1.349
unbiased,51,9,5.666666666666667,2.953350264404855,33.725,5.396,3.147666666666667
55,13,6,2.1666666666666665,1.7722115033939791,8.094,3.3725,0.7869166666666666
49,12,6,2.0,1.7796078007700256,7.4195,3.3725,0.6745
52,19,5,3.8,1.3177038226776527,12.141,2.698,1.8885999999999998
account,7,3,2.3333333333333335,0.4697139373905674,4.047,1.349,0.8993333333333334
47,10,5,2.0,1.3459182276804824,6.0705,2.698,0.6745
correctly,10,3,3.3333333333333335,0.5099032887135141,6.0705,1.349,1.5738333333333334
situation,19,8,2.375,2.6295024999199064,12.141,4.7215,0.9274375
formed,9,6,1.5,1.8053051819952584,5.396,3.3725,0.33725
scientists,9,2,4.5,0.5727122384228868,5.396,0.6745,2.36075
trained,17,5,3.4,1.3146260975769537,10.792,2.698,1.6188
methodology,11,4,2.75,0.8931690253795873,6.745,2.0235,1.180375
public,14,4,3.5,0.9043754228817774,8.7685,2.0235,1.68625
ation,7,4,1.75,0.9259319186889675,4.047,2.0235,0.505875
cnn,11,3,3.6666666666666665,0.5456132291834696,6.745,1.349,1.7986666666666666
community,7,3,2.3333333333333335,0.4697139373905674,4.047,1.349,0.8993333333333334
meeting,9,2,4.5,0.5727122384228868,5.396,0.6745,2.36075
peer,13,2,6.5,1.0682334471793369,8.094,0.6745,3.70975
obtaining,9,5,1.8,1.3555670301251002,5.396,2.698,0.5396
correspond,7,3,2.3333333333333335,0.4697139373905674,4.047,1.349,0.8993333333333334
degree,17,8,2.125,2.6413617586142877,10.792,4.7215,0.7588125
scores,9,5,1.8,1.3555670301251002,5.396,2.698,0.5396
understanding,31,6,5.166666666666667,1.7456397954508032,20.235,3.3725,2.810416666666667
shalabh,26,1,26.0,6.318944313873694,16.8625,0.0,16.8625
iit,26,1,26.0,6.318944313873694,16.8625,0.0,16.8625
kanpur,26,1,26.0,6.318944313873694,16.8625,0.0,16.8625
page,28,3,9.333333333333334,1.6786889460744265,18.2115,1.349,5.620833333333334
objective,21,6,3.5,1.7350627537461902,13.49,3.3725,1.68625
estimator,81,8,10.125,2.6559827627304364,53.96,4.7215,6.1548125
homogeneous,35,10,3.5,3.441085113520021,22.933,6.0705,1.68625
precision,101,13,7.769230769230769,4.544754328769028,67.45,8.094,4.565846153846154
heterogeneity,10,6,1.6666666666666667,1.7961627204265262,6.0705,3.3725,0.4496666666666667
divide,15,7,2.142857142857143,2.206822273529007,9.443,4.047,0.7708571428571428
subpopulations,11,4,2.75,0.8931690253795873,6.745,2.0235,1.180375
units,145,10,14.5,3.488722762871762,97.128,6.0705,9.10575
class,36,6,6.0,1.7745043504004983,23.607499999999998,3.3725,3.3725
notations,7,3,2.3333333333333335,0.4697139373905674,4.047,1.349,0.8993333333333334
ith,25,3,8.333333333333334,1.4543941556711901,16.188,1.349,4.9463333333333335
inn,13,2,6.5,1.0682334471793369,8.094,0.6745,3.70975
n1,13,5,2.6,1.3245967556788107,8.094,2.698,1.0792
nk,18,4,4.5,0.9649928718056053,11.4665,2.0235,2.36075
strat,8,4,2.0,0.9127906897719432,4.7215,2.0235,0.6745
non,15,8,1.875,2.6539573180616016,9.443,4.7215,0.5901875
cluster,16,3,5.333333333333333,0.8187940790850259,10.1175,1.349,2.922833333333333
estimators,22,7,3.142857142857143,2.1688878575135835,14.1645,4.047,1.4453571428571428
unit,63,11,5.7272727272727275,3.7800128499785712,41.819,6.745,3.1885454545454546
ij,33,4,8.25,1.495380591522419,21.584,2.0235,4.890125
111,13,4,3.25,0.8972205367266324,8.094,2.0235,1.517625
kk,21,1,21.0,5.005912501496326,13.49,0.0,13.49
expression,25,5,5.0,1.3585595521839893,16.188,2.698,2.698
ii,222,10,22.2,4.091574712304637,149.0645,6.0705,14.299399999999999
iy,8,1,8.0,1.6177985932376384,4.7215,0.0,4.7215
yn,23,4,5.75,1.1008208285952574,14.839,2.0235,3.203875
st,86,6,14.333333333333334,2.6861855089492934,57.332499999999996,3.3725,8.993333333333334
sty,37,3,12.333333333333334,2.3642257225777707,24.282,1.349,7.644333333333334
var,99,5,19.8,3.6989165754387794,66.101,2.698,12.6806
srswor,15,5,3.0,1.316933120314868,9.443,2.698,1.349
nnvar,8,1,8.0,1.6177985932376384,4.7215,0.0,4.7215
snn,14,2,7.0,1.192392676912969,8.7685,0.6745,4.047
variation,20,7,2.857142857142857,2.1780916587770363,12.8155,4.047,1.2526428571428572
geographical,11,3,3.6666666666666665,0.5456132291834696,6.745,1.349,1.7986666666666666
proximity,8,3,2.6666666666666665,0.4706060532975808,4.7215,1.349,1.1241666666666665
tend,8,6,1.3333333333333333,1.8150128756359525,4.7215,3.3725,0.22483333333333327
wn,8,4,2.0,0.9127906897719432,4.7215,2.0235,0.6745
investigation,9,6,1.5,1.8053051819952584,5.396,3.3725,0.33725
administrative,15,7,2.142857142857143,2.206822273529007,9.443,4.047,0.7708571428571428
villages,18,3,6.0,0.9515815033791849,11.4665,1.349,3.3725
purpose,7,4,1.75,0.9259319186889675,4.047,2.0235,0.505875
gain,24,6,4.0,1.7315286670834846,15.5135,3.3725,2.0235
efficiency,15,6,2.5,1.7592182807292909,9.443,3.3725,1.01175
frame,7,3,2.3333333333333335,0.4697139373905674,4.047,1.349,0.8993333333333334
providing,7,5,1.4,1.3785222738124179,4.047,2.698,0.26979999999999993
choice,22,9,2.4444444444444446,3.0590559080741744,14.1645,5.396,0.9742777777777779
directly,11,4,2.75,0.8931690253795873,6.745,2.0235,1.180375
ns,33,5,6.6,1.4798272920723003,21.584,2.698,3.7771999999999997
constraint,9,2,4.5,0.5727122384228868,5.396,0.6745,2.36075
overhead,7,3,2.3333333333333335,0.4697139373905674,4.047,1.349,0.8993333333333334
etc,21,8,2.625,2.6183895465988156,13.49,4.7215,1.0960625
multiplier,7,4,1.75,0.9259319186889675,4.047,2.0235,0.505875
minimum,20,10,2.0,3.515825121831944,12.8155,6.0705,0.6745
pre,29,3,9.666666666666666,1.7540839077074695,18.886,1.349,5.845666666666666
substituting,21,7,3.0,2.173323999807144,13.49,4.047,1.349
1ii,14,2,7.0,1.192392676912969,8.7685,0.6745,4.047
cc,8,6,1.3333333333333333,1.8150128756359525,4.7215,3.3725,0.22483333333333327
1111,18,3,6.0,0.9515815033791849,11.4665,1.349,3.3725
prop,15,2,7.5,1.3166003929015753,9.443,0.6745,4.38425
nn,69,7,9.857142857142858,2.3392306448588056,45.866,4.047,5.974142857142858
opt,10,3,3.3333333333333335,0.5099032887135141,6.0705,1.349,1.5738333333333334
1i,19,4,4.75,0.9874103489474779,12.141,2.0235,2.529375
combining,7,6,1.1666666666666667,1.825276782848588,4.047,3.3725,0.11241666666666672
intervals,15,5,3.0,1.316933120314868,9.443,2.698,1.349
freedom,8,3,2.6666666666666665,0.4706060532975808,4.7215,1.349,1.1241666666666665
similarly,12,6,2.0,1.7796078007700256,7.4195,3.3725,0.6745
ik,30,3,10.0,1.8297291198653984,19.5605,1.349,6.0705
advantage,22,3,7.333333333333333,1.2341348448293237,14.1645,1.349,4.271833333333333
gives,29,9,3.2222222222222223,3.0240102920092786,18.886,5.396,1.498888888888889
iii,33,9,3.6666666666666665,3.0066422458782163,21.584,5.396,1.7986666666666666
interpenetrating,7,1,7.0,1.3643281590068304,4.047,0.0,4.047
subsamples,9,2,4.5,0.5727122384228868,5.396,0.6745,2.36075
ˆ,31,4,7.75,1.4077952284335844,20.235,2.0235,4.552875
tot,12,1,12.0,2.650869234130247,7.4195,0.0,7.4195
yk,8,2,4.0,0.44957225393225925,4.7215,0.6745,2.0235
post,20,3,6.666666666666667,1.0907470137475161,12.8155,1.349,3.822166666666667
field,12,6,2.0,1.7796078007700256,7.4195,3.3725,0.6745
ratio,84,9,9.333333333333334,2.965342402423789,55.9835,5.396,5.620833333333334
nv,19,2,9.5,1.8137168446642986,12.141,0.6745,5.73325
agricultural,12,5,2.4,1.3304109032922478,7.4195,2.698,0.9442999999999999
objectives,12,6,2.0,1.7796078007700256,7.4195,3.3725,0.6745
contd,21,1,21.0,5.005912501496326,13.49,0.0,13.49
sub,14,6,2.3333333333333335,1.7654126876339178,8.7685,3.3725,0.8993333333333334
auxiliary,14,6,2.3333333333333335,1.7654126876339178,8.7685,3.3725,0.8993333333333334
character,7,5,1.4,1.3785222738124179,4.047,2.698,0.26979999999999993
completely,8,6,1.3333333333333333,1.8150128756359525,4.7215,3.3725,0.22483333333333327
designs,34,5,6.8,1.4996195003156039,22.258499999999998,2.698,3.9120999999999997
resolution,18,3,6.0,0.9515815033791849,11.4665,1.349,3.3725
usual,11,4,2.75,0.8931690253795873,6.745,2.0235,1.180375
square,14,7,2.0,2.2135290804982004,8.7685,4.047,0.6745
yst,7,3,2.3333333333333335,0.4697139373905674,4.047,1.349,0.8993333333333334
area,192,7,27.428571428571427,4.7948498283486645,128.8295,4.047,17.826071428571428
block,17,3,5.666666666666667,0.8842077194638219,10.792,1.349,3.147666666666667
67,10,4,2.5,0.8963187704492105,6.0705,2.0235,1.01175
determination,7,4,1.75,0.9259319186889675,4.047,2.0235,0.505875
µ,7,1,7.0,1.3643281590068304,4.047,0.0,4.047
ci,25,6,4.166666666666667,1.7316307613026696,16.188,3.3725,2.1359166666666667
f,54,9,6.0,2.9485242935034583,35.7485,5.396,3.3725
indicates,9,4,2.25,0.9028838888464695,5.396,2.0235,0.843125
57,31,6,5.166666666666667,1.7456397954508032,20.235,3.3725,2.810416666666667
70,45,7,6.428571428571429,2.1611225081377246,29.678,4.047,3.6615714285714285
122,9,6,1.5,1.8053051819952584,5.396,3.3725,0.33725
farms,10,3,3.3333333333333335,0.5099032887135141,6.0705,1.349,1.5738333333333334
96,9,3,3.0,0.4843484809731123,5.396,1.349,1.349
gains,14,3,4.666666666666667,0.6960446875833781,8.7685,1.349,2.4731666666666667
46,25,6,4.166666666666667,1.7316307613026696,16.188,3.3725,2.1359166666666667
om,8,5,1.6,1.3664447425443078,4.7215,2.698,0.40470000000000006
2001,7,4,1.75,0.9259319186889675,4.047,2.0235,0.505875
sets,8,5,1.6,1.3664447425443078,4.7215,2.698,0.40470000000000006
strati,43,4,10.75,1.969282748114754,28.329,2.0235,6.576375
elevation,10,3,3.3333333333333335,0.5099032887135141,6.0705,1.349,1.5738333333333334
vegetation,14,3,4.666666666666667,0.6960446875833781,8.7685,1.349,2.4731666666666667
levels,11,4,2.75,0.8931690253795873,6.745,2.0235,1.180375
spatial,10,2,5.0,0.6963060425724137,6.0705,0.6745,2.698
nh,137,3,45.666666666666664,10.165401041943896,91.732,1.349,30.127666666666663
speci,7,2,3.5,0.327398557299801,4.047,0.6745,1.68625
btstr,10,1,10.0,2.1318835993066867,6.0705,0.0,6.0705
cyustr,10,1,10.0,2.1318835993066867,6.0705,0.0,6.0705
bv,9,1,9.0,1.8739755619519085,5.396,0.0,5.396
root,7,5,1.4,1.3785222738124179,4.047,2.698,0.26979999999999993
generating,7,5,1.4,1.3785222738124179,4.047,2.698,0.26979999999999993
dence,9,3,3.0,0.4843484809731123,5.396,1.349,1.349
1977,12,3,4.0,0.5896361141233036,7.4195,1.349,2.0235
pages,26,3,8.666666666666666,1.528797756427766,16.8625,1.349,5.171166666666666
5a,15,2,7.5,1.3166003929015753,9.443,0.6745,4.38425
5b,16,3,5.333333333333333,0.8187940790850259,10.1175,1.349,2.922833333333333
erent,19,5,3.8,1.3177038226776527,12.141,2.698,1.8885999999999998
66,53,4,13.25,2.4774060592140565,35.074,2.0235,8.262625
65,11,6,1.8333333333333333,1.7875941634100148,6.745,3.3725,0.5620833333333333
upper,20,3,6.666666666666667,1.0907470137475161,12.8155,1.349,3.822166666666667
79,22,6,3.6666666666666665,1.7332456138429237,14.1645,3.3725,1.7986666666666666
generated,23,8,2.875,2.6080324387991625,14.839,4.7215,1.2646875
code,151,6,25.166666666666668,4.560106025085268,101.175,3.3725,16.300416666666667
44,46,6,7.666666666666667,1.8757611068793314,30.3525,3.3725,4.496666666666667
58,31,5,6.2,1.4431142168061473,20.235,2.698,3.5074
alpha,12,1,12.0,2.650869234130247,7.4195,0.0,7.4195
df,16,1,16.0,3.695272871609357,10.1175,0.0,10.1175
surveymeans,7,1,7.0,1.3643281590068304,4.047,0.0,4.047
create,9,5,1.8,1.3555670301251002,5.396,2.698,0.5396
contains,24,5,4.8,1.348555782610503,15.5135,2.698,2.5631
containing,7,5,1.4,1.3785222738124179,4.047,2.698,0.26979999999999993
index,38,4,9.5,1.7262457751725881,24.9565,2.0235,5.73325
cl,13,3,4.333333333333333,0.6402594923123793,8.094,1.349,2.248333333333333
positive,32,8,4.0,2.571008333860546,20.9095,4.7215,2.0235
xed,11,2,5.5,0.820148524449224,6.745,0.6745,3.03525
rounded,11,2,5.5,0.820148524449224,6.745,0.6745,3.03525
neural,60,6,10.0,2.099684193342199,39.7955,3.3725,6.0705
splits,40,4,10.0,1.822267230194039,26.3055,2.0235,6.0705
image,50,4,12.5,2.322683287695695,33.0505,2.0235,7.75675
images,65,3,21.666666666666668,4.536033083631088,43.168,1.349,13.939666666666668
validation,24,6,4.0,1.7315286670834846,15.5135,3.3725,2.0235
original,34,6,5.666666666666667,1.7611265604292758,22.258499999999998,3.3725,3.147666666666667
network,41,6,6.833333333333333,1.8182242714060823,26.98,3.3725,3.934583333333333
never,7,3,2.3333333333333335,0.4697139373905674,4.047,1.349,0.8993333333333334
predicting,7,5,1.4,1.3785222738124179,4.047,2.698,0.26979999999999993
train,47,5,9.4,1.8269905173921086,31.027,2.698,5.6658
reserved,25,2,12.5,2.5597906360015275,16.188,0.6745,7.75675
overﬁtting,23,5,4.6,1.3398001733464862,14.839,2.698,2.4282
detail,7,4,1.75,0.9259319186889675,4.047,2.0235,0.505875
loss,8,4,2.0,0.9127906897719432,4.7215,2.0235,0.6745
binary,30,5,6.0,1.4262672619459456,19.5605,2.698,3.3725
classiﬁcation,155,4,38.75,8.02862549107585,103.873,2.0235,25.462374999999998
regression,9,4,2.25,0.9028838888464695,5.396,2.0235,0.843125
truth,10,2,5.0,0.6963060425724137,6.0705,0.6745,2.698
quadratic,7,3,2.3333333333333335,0.4697139373905674,4.047,1.349,0.8993333333333334
sensitive,9,3,3.0,0.4843484809731123,5.396,1.349,1.349
control,8,5,1.6,1.3664447425443078,4.7215,2.698,0.40470000000000006
molecules,29,2,14.5,3.057287737879243,18.886,0.6745,9.10575
ratios,60,3,20.0,4.14646343091222,39.7955,1.349,12.8155
multiclass,32,2,16.0,3.4304423657714738,20.9095,0.6745,10.1175
2021,75,4,18.75,3.6444697073551025,49.913,2.0235,11.972375
https,20,6,3.3333333333333335,1.7375165661556542,12.8155,3.3725,1.5738333333333334
2020,132,5,26.4,5.021532560216986,88.3595,2.698,17.132299999999997
maps,9,2,4.5,0.5727122384228868,5.396,0.6745,2.36075
authors,28,6,4.666666666666667,1.735775832111276,18.2115,3.3725,2.4731666666666667
open,21,6,3.5,1.7350627537461902,13.49,3.3725,1.68625
institute,10,5,2.0,1.3459182276804824,6.0705,2.698,0.6745
environmental,8,2,4.0,0.44957225393225925,4.7215,0.6745,2.0235
natural,45,5,9.0,1.7695693248023756,29.678,2.698,5.396
sciences,8,4,2.0,0.9127906897719432,4.7215,2.0235,0.6745
itself,9,5,1.8,1.3555670301251002,5.396,2.698,0.5396
ﬁve,13,2,6.5,1.0682334471793369,8.094,0.6745,3.70975
settings,20,3,6.666666666666667,1.0907470137475161,12.8155,1.349,3.822166666666667
calculated,32,5,6.4,1.4609798584177802,20.9095,2.698,3.6423
anova,16,1,16.0,3.695272871609357,10.1175,0.0,10.1175
xgboost,17,2,8.5,1.5651151053210237,10.792,0.6745,5.05875
modeling,29,3,9.666666666666666,1.7540839077074695,18.886,1.349,5.845666666666666
signiﬁcant,25,4,6.25,1.1693046801842086,16.188,2.0235,3.541125
imbalanced,25,3,8.333333333333334,1.4543941556711901,16.188,1.349,4.9463333333333335
qsar,9,1,9.0,1.8739755619519085,5.396,0.0,5.396
working,8,5,1.6,1.3664447425443078,4.7215,2.698,0.40470000000000006
developed,9,3,3.0,0.4843484809731123,5.396,1.349,1.349
suitable,9,5,1.8,1.3555670301251002,5.396,2.698,0.5396
compounds,7,1,7.0,1.3643281590068304,4.047,0.0,4.047
metrics,19,4,4.75,0.9874103489474779,12.141,2.0235,2.529375
speciﬁc,9,3,3.0,0.4843484809731123,5.396,1.349,1.349
score,60,5,12.0,2.241812820404618,39.7955,2.698,7.4195
balanced,13,2,6.5,1.0682334471793369,8.094,0.6745,3.70975
cohen,9,3,3.0,0.4843484809731123,5.396,1.349,1.349
kappa,13,2,6.5,1.0682334471793369,8.094,0.6745,3.70975
f1,63,5,12.6,2.345263304420262,41.819,2.698,7.824199999999999
six,10,5,2.0,1.3459182276804824,6.0705,2.698,0.6745
neighbor,8,3,2.6666666666666665,0.4706060532975808,4.7215,1.349,1.1241666666666665
classiﬁer,23,2,11.5,2.311069059168841,14.839,0.6745,7.08225
imbalance,11,3,3.6666666666666665,0.5456132291834696,6.745,1.349,1.7986666666666666
minority,7,3,2.3333333333333335,0.4697139373905674,4.047,1.349,0.8993333333333334
development,25,4,6.25,1.1693046801842086,16.188,2.0235,3.541125
convolutional,10,3,3.3333333333333335,0.5099032887135141,6.0705,1.349,1.5738333333333334
measure,18,4,4.5,0.9649928718056053,11.4665,2.0235,2.36075
classifying,7,3,2.3333333333333335,0.4697139373905674,4.047,1.349,0.8993333333333334
propose,15,4,3.75,0.9148555446725114,9.443,2.0235,1.854875
ensemble,15,3,5.0,0.7558496648998655,9.443,1.349,2.698
toxicity,7,1,7.0,1.3643281590068304,4.047,0.0,4.047
solutions,13,4,3.25,0.8972205367266324,8.094,2.0235,1.517625
classiﬁers,10,2,5.0,0.6963060425724137,6.0705,0.6745,2.698
predictive,11,2,5.5,0.820148524449224,6.745,0.6745,3.03525
geometric,15,3,5.0,0.7558496648998655,9.443,1.349,2.698
ﬁeld,11,3,3.6666666666666665,0.5456132291834696,6.745,1.349,1.7986666666666666
employed,10,3,3.3333333333333335,0.5099032887135141,6.0705,1.349,1.5738333333333334
naïve,13,1,13.0,2.9113818776869285,8.094,0.0,8.094
bayes,16,1,16.0,3.695272871609357,10.1175,0.0,10.1175
nb,17,1,17.0,3.9570952679550113,10.792,0.0,10.792
furthermore,12,4,3.0,0.8934707749290605,7.4195,2.0235,1.349
measures,17,5,3.4,1.3146260975769537,10.792,2.698,1.6188
confusion,19,3,6.333333333333333,1.0205272868407913,12.141,1.349,3.5973333333333333
matrix,20,5,4.0,1.3212527781584862,12.8155,2.698,2.0235
deep,36,6,6.0,1.7745043504004983,23.607499999999998,3.3725,3.3725
signiﬁcantly,10,3,3.3333333333333335,0.5099032887135141,6.0705,1.349,1.5738333333333334
rf,24,2,12.0,2.4354270258066424,15.5135,0.6745,7.4195
comparative,8,4,2.0,0.9127906897719432,4.7215,2.0235,0.6745
chen,29,5,5.8,1.4104754964035122,18.886,2.698,3.2376
effects,13,3,4.333333333333333,0.6402594923123793,8.094,1.349,2.248333333333333
decision,17,5,3.4,1.3146260975769537,10.792,2.698,1.6188
tree,14,3,4.666666666666667,0.6960446875833781,8.7685,1.349,2.4731666666666667
variant,16,3,5.333333333333333,0.8187940790850259,10.1175,1.349,2.922833333333333
negative,11,3,3.6666666666666665,0.5456132291834696,6.745,1.349,1.7986666666666666
suggested,7,4,1.75,0.9259319186889675,4.047,2.0235,0.505875
strategies,26,6,4.333333333333333,1.7323733196813733,16.8625,3.3725,2.248333333333333
additionally,18,2,9.0,1.6894074974933044,11.4665,0.6745,5.396
combination,16,4,4.0,0.9285483174506097,10.1175,2.0235,2.0235
structure,28,4,7.0,1.2832733355075163,18.2115,2.0235,4.047
matrices,11,2,5.5,0.820148524449224,6.745,0.6745,3.03525
summarized,7,4,1.75,0.9259319186889675,4.047,2.0235,0.505875
ml,19,3,6.333333333333333,1.0205272868407913,12.141,1.349,3.5973333333333333
cv,10,2,5.0,0.6963060425724137,6.0705,0.6745,2.698
iv,16,4,4.0,0.9285483174506097,10.1175,2.0235,2.0235
pp,31,4,7.75,1.4077952284335844,20.235,2.0235,4.552875
ﬁrst,24,4,6.0,1.1342187583647536,15.5135,2.0235,3.3725
descriptors,8,1,8.0,1.6177985932376384,4.7215,0.0,4.7215
carried,25,5,5.0,1.3585595521839893,16.188,2.698,2.698
univariate,9,2,4.5,0.5727122384228868,5.396,0.6745,2.36075
normalization,7,2,3.5,0.327398557299801,4.047,0.6745,1.68625
circles,8,1,8.0,1.6177985932376384,4.7215,0.0,4.7215
red,7,4,1.75,0.9259319186889675,4.047,2.0235,0.505875
enrichment,8,1,8.0,1.6177985932376384,4.7215,0.0,4.7215
bigger,9,1,9.0,1.8739755619519085,5.396,0.0,5.396
performances,11,2,5.5,0.820148524449224,6.745,0.6745,3.03525
ranking,9,2,4.5,0.5727122384228868,5.396,0.6745,2.36075
srd,17,1,17.0,3.9570952679550113,10.792,0.0,10.792
bubble,8,2,4.0,0.44957225393225925,4.7215,0.6745,2.0235
plot,7,2,3.5,0.327398557299801,4.047,0.6745,1.68625
mance,8,3,2.6666666666666665,0.4706060532975808,4.7215,1.349,1.1241666666666665
contained,8,3,2.6666666666666665,0.4706060532975808,4.7215,1.349,1.1241666666666665
accessed,7,3,2.3333333333333335,0.4697139373905674,4.047,1.349,0.8993333333333334
classiﬁed,14,2,7.0,1.192392676912969,8.7685,0.6745,4.047
highly,15,5,3.0,1.316933120314868,9.443,2.698,1.349
fu,8,4,2.0,0.9127906897719432,4.7215,2.0235,0.6745
workﬂow,7,2,3.5,0.327398557299801,4.047,0.6745,1.68625
reference,16,6,2.6666666666666665,1.7536346875965576,10.1175,3.3725,1.1241666666666665
comparing,21,8,2.625,2.6183895465988156,13.49,4.7215,1.0960625
benchmark,16,5,3.2,1.3151067363730369,10.1175,2.698,1.4839
forest,37,3,12.333333333333334,2.3642257225777707,24.282,1.349,7.644333333333334
worked,8,3,2.6666666666666665,0.4706060532975808,4.7215,1.349,1.1241666666666665
lin,7,3,2.3333333333333335,0.4697139373905674,4.047,1.349,0.8993333333333334
feature,19,4,4.75,0.9874103489474779,12.141,2.0235,2.529375
codes,34,3,11.333333333333334,2.1342790425097657,22.258499999999998,1.349,6.969833333333334
calculation,7,4,1.75,0.9259319186889675,4.047,2.0235,0.505875
numerical,16,3,5.333333333333333,0.8187940790850259,10.1175,1.349,2.922833333333333
generation,12,3,4.0,0.5896361141233036,7.4195,1.349,2.0235
seed,21,2,10.5,2.0623741400952267,13.49,0.6745,6.40775
reproducibility,11,3,3.6666666666666665,0.5456132291834696,6.745,1.349,1.7986666666666666
splitting,24,5,4.8,1.348555782610503,15.5135,2.698,2.5631
deﬁned,8,4,2.0,0.9127906897719432,4.7215,2.0235,0.6745
randomization,30,2,15.0,3.1816701771346287,19.5605,0.6745,9.443
main,23,7,3.2857142857142856,2.164785269958782,14.839,4.047,1.5417142857142856
author,8,4,2.0,0.9127906897719432,4.7215,2.0235,0.6745
calculations,8,3,2.6666666666666665,0.4706060532975808,4.7215,1.349,1.1241666666666665
sci,14,2,7.0,1.192392676912969,8.7685,0.6745,4.047
crossref,123,2,61.5,14.751714039607112,82.289,0.6745,40.807249999999996
2017,24,4,6.0,1.1342187583647536,15.5135,2.0235,3.3725
res,14,5,2.8,1.3200996638193465,8.7685,2.698,1.2141
sar,9,2,4.5,0.5727122384228868,5.396,0.6745,2.36075
environ,11,2,5.5,0.820148524449224,6.745,0.6745,3.03525
pubmed,7,1,7.0,1.3643281590068304,4.047,0.0,4.047
2018,29,5,5.8,1.4104754964035122,18.886,2.698,3.2376
graph,24,3,8.0,1.380429882044617,15.5135,1.349,4.7215
trees,8,3,2.6666666666666665,0.4706060532975808,4.7215,1.349,1.1241666666666665
gini,7,2,3.5,0.327398557299801,4.047,0.6745,1.68625
int,47,5,9.4,1.8269905173921086,31.027,2.698,5.6658
2004,7,3,2.3333333333333335,0.4697139373905674,4.047,1.349,0.8993333333333334
liu,19,3,6.333333333333333,1.0205272868407913,12.141,1.349,3.5973333333333333
2005,8,3,2.6666666666666665,0.4706060532975808,4.7215,1.349,1.1241666666666665
science,27,6,4.5,1.7337555192974885,17.537,3.3725,2.36075
van,19,3,6.333333333333333,1.0205272868407913,12.141,1.349,3.5973333333333333
ranges,10,5,2.0,1.3459182276804824,6.0705,2.698,0.6745
2013,9,4,2.25,0.9028838888464695,5.396,2.0235,0.843125
2010,17,4,4.25,0.9453141468208098,10.792,2.0235,2.192125
nat,11,2,5.5,0.820148524449224,6.745,0.6745,3.03525
automatic,33,4,8.25,1.495380591522419,21.584,2.0235,4.890125
detection,137,4,34.25,7.035490115507794,91.732,2.0235,22.427125
sensing,15,2,7.5,1.3166003929015753,9.443,0.6745,4.38425
user,16,4,4.0,0.9285483174506097,10.1175,2.0235,2.0235
supervised,21,2,10.5,2.0623741400952267,13.49,0.6745,6.40775
borkowski,8,1,8.0,1.6177985932376384,4.7215,0.0,4.7215
poland,17,1,17.0,3.9570952679550113,10.792,0.0,10.792
remote,74,2,37.0,8.655453646876015,49.2385,0.6745,24.282
rs,16,2,8.0,1.4408440559517086,10.1175,0.6745,4.7215
satellite,15,1,15.0,3.433673162565237,9.443,0.0,9.443
lidar,29,1,29.0,7.107360232295761,18.886,0.0,18.886
testing,100,3,33.333333333333336,7.269925696910649,66.7755,1.349,21.808833333333336
ground,15,1,15.0,3.433673162565237,9.443,0.0,9.443
landslides,102,1,102.0,26.318400273251775,68.1245,0.0,68.1245
pba,55,1,55.0,13.94702911582465,36.423,0.0,36.423
obia,92,1,92.0,23.6859557327459,61.3795,0.0,61.3795
zn,17,2,8.5,1.5651151053210237,10.792,0.6745,5.05875
ów,16,1,16.0,3.695272871609357,10.1175,0.0,10.1175
lake,23,1,23.0,5.530933502877365,14.839,0.0,14.839
quantity,17,2,8.5,1.5651151053210237,10.792,0.6745,5.05875
ﬁltering,8,1,8.0,1.6177985932376384,4.7215,0.0,4.7215
elongated,7,1,7.0,1.3643281590068304,4.047,0.0,4.047
oa,37,1,37.0,9.210991962577648,24.282,0.0,24.282
mapping,55,1,55.0,13.94702911582465,36.423,0.0,36.423
terrain,19,1,19.0,4.481251962875712,12.141,0.0,12.141
ective,7,1,7.0,1.3643281590068304,4.047,0.0,4.047
introduced,11,6,1.8333333333333333,1.7875941634100148,6.745,3.3725,0.5620833333333333
sens,88,1,88.0,22.633000104826543,58.6815,0.0,58.6815
3054,32,1,32.0,7.896059910018351,20.9095,0.0,20.9095
investigate,9,2,4.5,0.5727122384228868,5.396,0.6745,2.36075
inﬂuence,15,2,7.5,1.3166003929015753,9.443,0.6745,4.38425
tune,23,2,11.5,2.311069059168841,14.839,0.6745,7.08225
assessed,7,1,7.0,1.3643281590068304,4.047,0.0,4.047
growing,27,1,27.0,6.581711795782485,17.537,0.0,17.537
river,14,1,14.0,3.1723512312917093,8.7685,0.0,8.7685
land,28,2,14.0,2.9329081486905686,18.2115,0.6745,8.7685
ro,13,1,13.0,2.9113818776869285,8.094,0.0,8.094
optical,14,1,14.0,3.1723512312917093,8.7685,0.0,8.7685
allows,11,3,3.6666666666666665,0.5456132291834696,6.745,1.349,1.7986666666666666
utilize,7,3,2.3333333333333335,0.4697139373905674,4.047,1.349,0.8993333333333334
attention,10,4,2.5,0.8963187704492105,6.0705,2.0235,1.01175
integrated,9,2,4.5,0.5727122384228868,5.396,0.6745,2.36075
cover,21,5,4.2,1.3261288048258812,13.49,2.698,2.1584
laser,11,1,11.0,2.390962590857764,6.745,0.0,6.745
62,7,3,2.3333333333333335,0.4697139373905674,4.047,1.349,0.8993333333333334
dem,55,1,55.0,13.94702911582465,36.423,0.0,36.423
commonly,8,6,1.3333333333333333,1.8150128756359525,4.7215,3.3725,0.22483333333333327
utilized,24,2,12.0,2.4354270258066424,15.5135,0.6745,7.4195
extraction,15,2,7.5,1.3166003929015753,9.443,0.6745,4.38425
roughness,11,1,11.0,2.390962590857764,6.745,0.0,6.745
63,8,4,2.0,0.9127906897719432,4.7215,2.0235,0.6745
collected,9,3,3.0,0.4843484809731123,5.396,1.349,1.349
topographic,14,1,14.0,3.1723512312917093,8.7685,0.0,8.7685
airborne,10,1,10.0,2.1318835993066867,6.0705,0.0,6.0705
mountains,9,1,9.0,1.8739755619519085,5.396,0.0,5.396
oregon,10,2,5.0,0.6963060425724137,6.0705,0.6745,2.698
aspect,9,3,3.0,0.4843484809731123,5.396,1.349,1.349
slope,17,1,17.0,3.9570952679550113,10.792,0.0,10.792
china,12,2,6.0,0.9441418324274715,7.4195,0.6745,3.3725
pawluszek,8,1,8.0,1.6177985932376384,4.7215,0.0,4.7215
derivatives,7,1,7.0,1.3643281590068304,4.047,0.0,4.047
carpathians,7,1,7.0,1.3643281590068304,4.047,0.0,4.047
tarolli,8,1,8.0,1.6177985932376384,4.7215,0.0,4.7215
proposed,44,7,6.285714285714286,2.1576827967964802,29.0035,4.047,3.5652142857142857
geomorphological,9,1,9.0,1.8739755619519085,5.396,0.0,5.396
68,10,3,3.3333333333333335,0.5099032887135141,6.0705,1.349,1.5738333333333334
spectral,8,1,8.0,1.6177985932376384,4.7215,0.0,4.7215
pixels,15,1,15.0,3.433673162565237,9.443,0.0,9.443
nevertheless,9,2,4.5,0.5727122384228868,5.396,0.6745,2.36075
map,30,1,30.0,7.370233093979498,19.5605,0.0,19.5605
manual,12,1,12.0,2.650869234130247,7.4195,0.0,7.4195
object,11,1,11.0,2.390962590857764,6.745,0.0,6.745
71,9,4,2.25,0.9028838888464695,5.396,2.0235,0.843125
forested,7,1,7.0,1.3643281590068304,4.047,0.0,4.047
polish,14,1,14.0,3.1723512312917093,8.7685,0.0,8.7685
nodes,34,2,17.0,3.679222653644543,22.258499999999998,0.6745,10.792
72,16,3,5.333333333333333,0.8187940790850259,10.1175,1.349,2.922833333333333
mapped,7,1,7.0,1.3643281590068304,4.047,0.0,4.047
morphology,13,1,13.0,2.9113818776869285,8.094,0.0,8.094
automated,7,2,3.5,0.327398557299801,4.047,0.6745,1.68625
inventory,21,1,21.0,5.005912501496326,13.49,0.0,13.49
identiﬁcation,10,1,10.0,2.1318835993066867,6.0705,0.0,6.0705
interpretation,7,3,2.3333333333333335,0.4697139373905674,4.047,1.349,0.8993333333333334
geological,18,1,18.0,4.21909889424038,11.4665,0.0,11.4665
covers,7,2,3.5,0.327398557299801,4.047,0.6745,1.68625
km2,12,1,12.0,2.650869234130247,7.4195,0.0,7.4195
74,7,3,2.3333333333333335,0.4697139373905674,4.047,1.349,0.8993333333333334
connected,12,3,4.0,0.5896361141233036,7.4195,1.349,2.0235
long,11,4,2.75,0.8931690253795873,6.745,2.0235,1.180375
mm,14,2,7.0,1.192392676912969,8.7685,0.6745,4.047
75,10,5,2.0,1.3459182276804824,6.0705,2.698,0.6745
smoothed,11,2,5.5,0.820148524449224,6.745,0.6745,3.03525
false,30,4,7.5,1.3652885677485538,19.5605,2.0235,4.38425
acquired,13,1,13.0,2.9113818776869285,8.094,0.0,8.094
sopo,10,1,10.0,2.1318835993066867,6.0705,0.0,6.0705
appendix,19,3,6.333333333333333,1.0205272868407913,12.141,1.349,3.5973333333333333
ndvi,15,1,15.0,3.433673162565237,9.443,0.0,9.443
covered,14,2,7.0,1.192392676912969,8.7685,0.6745,4.047
mainly,9,2,4.5,0.5727122384228868,5.396,0.6745,2.36075
foothills,10,1,10.0,2.1318835993066867,6.0705,0.0,6.0705
length,9,4,2.25,0.9028838888464695,5.396,2.0235,0.843125
92,17,3,5.666666666666667,0.8842077194638219,10.792,1.349,3.147666666666667
73,19,5,3.8,1.3177038226776527,12.141,2.698,1.8885999999999998
adjacent,8,3,2.6666666666666665,0.4706060532975808,4.7215,1.349,1.1241666666666665
explanation,7,1,7.0,1.3643281590068304,4.047,0.0,4.047
sandstones,11,1,11.0,2.390962590857764,6.745,0.0,6.745
shales,8,1,8.0,1.6177985932376384,4.7215,0.0,4.7215
sandstone,25,1,25.0,6.056221220911572,16.188,0.0,16.188
layers,35,6,5.833333333333333,1.76751432734551,22.933,3.3725,3.260083333333333
boundaries,9,3,3.0,0.4843484809731123,5.396,1.349,1.349
shale,18,1,18.0,4.21909889424038,11.4665,0.0,11.4665
susceptibility,13,1,13.0,2.9113818776869285,8.094,0.0,8.094
cloud,15,1,15.0,3.433673162565237,9.443,0.0,9.443
78,17,4,4.25,0.9453141468208098,10.792,2.0235,2.192125
capture,9,3,3.0,0.4843484809731123,5.396,1.349,1.349
mass,10,2,5.0,0.6963060425724137,6.0705,0.6745,2.698
2011,12,2,6.0,0.9441418324274715,7.4195,0.6745,3.3725
format,27,3,9.0,1.6035795331900098,17.537,1.349,5.396
geology,7,1,7.0,1.3643281590068304,4.047,0.0,4.047
overview,11,2,5.5,0.820148524449224,6.745,0.6745,3.03525
layer,17,3,5.666666666666667,0.8842077194638219,10.792,1.349,3.147666666666667
classification,65,2,32.5,7.535754406317399,43.168,0.6745,21.24675
classified,7,3,2.3333333333333335,0.4697139373905674,4.047,1.349,0.8993333333333334
relevance,8,1,8.0,1.6177985932376384,4.7215,0.0,4.7215
surface,7,1,7.0,1.3643281590068304,4.047,0.0,4.047
ﬁnal,19,3,6.333333333333333,1.0205272868407913,12.141,1.349,3.5973333333333333
reﬁnement,9,1,9.0,1.8739755619519085,5.396,0.0,5.396
hillshade,10,1,10.0,2.1318835993066867,6.0705,0.0,6.0705
sun,10,3,3.3333333333333335,0.5099032887135141,6.0705,1.349,1.5738333333333334
indicate,10,5,2.0,1.3459182276804824,6.0705,2.698,0.6745
segmented,7,1,7.0,1.3643281590068304,4.047,0.0,4.047
segmentation,21,1,21.0,5.005912501496326,13.49,0.0,13.49
tuning,11,2,5.5,0.820148524449224,6.745,0.6745,3.03525
99,26,4,6.5,1.2059312693896704,16.8625,2.0235,3.70975
classifier,12,2,6.0,0.9441418324274715,7.4195,0.6745,3.3725
101,7,2,3.5,0.327398557299801,4.047,0.6745,1.68625
fine,11,3,3.6666666666666665,0.5456132291834696,6.745,1.349,1.7986666666666666
69,10,4,2.5,0.8963187704492105,6.0705,2.0235,1.01175
108,7,4,1.75,0.9259319186889675,4.047,2.0235,0.505875
consequently,8,3,2.6666666666666665,0.4706060532975808,4.7215,1.349,1.1241666666666665
ttr,16,1,16.0,3.695272871609357,10.1175,0.0,10.1175
ta,31,5,6.2,1.4431142168061473,20.235,2.698,3.5074
pod,24,1,24.0,5.793548555685986,15.5135,0.0,15.5135
pofd,22,1,22.0,5.268384677972932,14.1645,0.0,14.1645
speciﬁcally,10,3,3.3333333333333335,0.5099032887135141,6.0705,1.349,1.5738333333333334
indexes,7,3,2.3333333333333335,0.4697139373905674,4.047,1.349,0.8993333333333334
superimposed,9,1,9.0,1.8739755619519085,5.396,0.0,5.396
body,10,2,5.0,0.6963060425724137,6.0705,0.6745,2.698
via,7,4,1.75,0.9259319186889675,4.047,2.0235,0.505875
positives,8,1,8.0,1.6177985932376384,4.7215,0.0,4.7215
commune,8,1,8.0,1.6177985932376384,4.7215,0.0,4.7215
namely,7,5,1.4,1.3785222738124179,4.047,2.698,0.26979999999999993
łososina,7,1,7.0,1.3643281590068304,4.047,0.0,4.047
improvement,9,4,2.25,0.9028838888464695,5.396,2.0235,0.843125
papers,18,2,9.0,1.6894074974933044,11.4665,0.6745,5.396
earth,10,1,10.0,2.1318835993066867,6.0705,0.0,6.0705
valuable,7,3,2.3333333333333335,0.4697139373905674,4.047,1.349,0.8993333333333334
a1,7,2,3.5,0.327398557299801,4.047,0.6745,1.68625
sands,14,1,14.0,3.1723512312917093,8.7685,0.0,8.7685
clays,11,1,11.0,2.390962590857764,6.745,0.0,6.745
terraces,7,1,7.0,1.3643281590068304,4.047,0.0,4.047
riverbank,7,1,7.0,1.3643281590068304,4.047,0.0,4.047
storage,12,2,6.0,0.9441418324274715,7.4195,0.6745,3.3725
tertiary,7,1,7.0,1.3643281590068304,4.047,0.0,4.047
marl,8,1,8.0,1.6177985932376384,4.7215,0.0,4.7215
period,7,2,3.5,0.327398557299801,4.047,0.6745,1.68625
51,20,5,4.0,1.3212527781584862,12.8155,2.698,2.0235
chang,8,3,2.6666666666666665,0.4706060532975808,4.7215,1.349,1.1241666666666665
geomorphology,11,1,11.0,2.390962590857764,6.745,0.0,6.745
lu,7,3,2.3333333333333335,0.4697139373905674,4.047,1.349,0.8993333333333334
casagli,7,1,7.0,1.3643281590068304,4.047,0.0,4.047
isprs,8,1,8.0,1.6177985932376384,4.7215,0.0,4.7215
photogramm,9,1,9.0,1.8739755619519085,5.396,0.0,5.396
imagery,10,2,5.0,0.6963060425724137,6.0705,0.6745,2.698
architecture,16,3,5.333333333333333,0.8187940790850259,10.1175,1.349,2.922833333333333
residual,7,3,2.3333333333333335,0.4697139373905674,4.047,1.349,0.8993333333333334
hazards,11,1,11.0,2.390962590857764,6.745,0.0,6.745
64,7,5,1.4,1.3785222738124179,4.047,2.698,0.26979999999999993
workshop,7,3,2.3333333333333335,0.4697139373905674,4.047,1.349,0.8993333333333334
multivariate,26,2,13.0,2.6841591053144933,16.8625,0.6745,8.094
chan,17,2,8.5,1.5651151053210237,10.792,0.6745,5.05875
plos,11,2,5.5,0.820148524449224,6.745,0.6745,3.03525
ncss,51,1,51.0,12.89438742131821,33.725,0.0,33.725
llc,24,1,24.0,5.793548555685986,15.5135,0.0,15.5135
rights,24,1,24.0,5.793548555685986,15.5135,0.0,15.5135
shared,10,2,5.0,0.6963060425724137,6.0705,0.6745,2.698
row,32,2,16.0,3.4304423657714738,20.9095,0.6745,10.1175
48,18,4,4.5,0.9649928718056053,11.4665,2.0235,2.36075
84,11,2,5.5,0.820148524449224,6.745,0.6745,3.03525
98,29,4,7.25,1.3237499346048345,18.886,2.0235,4.215625
86,13,4,3.25,0.8972205367266324,8.094,2.0235,1.517625
61,18,4,4.5,0.9649928718056053,11.4665,2.0235,2.36075
88,15,4,3.75,0.9148555446725114,9.443,2.0235,1.854875
collapsed,19,2,9.5,1.8137168446642986,12.141,0.6745,5.73325
c2,10,2,5.0,0.6963060425724137,6.0705,0.6745,2.698
custom,12,3,4.0,0.5896361141233036,7.4195,1.349,2.0235
yes,7,1,7.0,1.3643281590068304,4.047,0.0,4.047
demonstrate,7,4,1.75,0.9259319186889675,4.047,2.0235,0.505875
file,34,3,11.333333333333334,2.1342790425097657,22.258499999999998,1.349,6.969833333333334
filter,9,2,4.5,0.5727122384228868,5.396,0.6745,2.36075
setup,17,2,8.5,1.5651151053210237,10.792,0.6745,5.05875
click,14,1,14.0,3.1723512312917093,8.7685,0.0,8.7685
load,7,2,3.5,0.327398557299801,4.047,0.6745,1.68625
nev,94,2,47.0,11.143706622673262,62.7285,0.6745,31.027
vir,84,1,84.0,21.580059939851306,55.9835,0.0,55.9835
named,7,3,2.3333333333333335,0.4697139373905674,4.047,1.349,0.8993333333333334
ll,12,3,4.0,0.5896361141233036,7.4195,1.349,2.0235
price,10,2,5.0,0.6963060425724137,6.0705,0.6745,2.698
checked,13,1,13.0,2.9113818776869285,8.094,0.0,8.094
123,7,2,3.5,0.327398557299801,4.047,0.6745,1.68625
unchecked,7,1,7.0,1.3643281590068304,4.047,0.0,4.047
blocks,7,3,2.3333333333333335,0.4697139373905674,4.047,1.349,0.8993333333333334
rand,18,3,6.0,0.9515815033791849,11.4665,1.349,3.3725
nl,49,2,24.5,5.545222940178922,32.376,0.6745,15.85075
lx,14,2,7.0,1.192392676912969,8.7685,0.6745,4.047
sydu,16,1,16.0,3.695272871609357,10.1175,0.0,10.1175
stat3014,16,1,16.0,3.695272871609357,10.1175,0.0,10.1175
semester,16,1,16.0,3.695272871609357,10.1175,0.0,10.1175
nlp,25,3,8.333333333333334,1.4543941556711901,16.188,1.349,4.9463333333333335
nlx,16,1,16.0,3.695272871609357,10.1175,0.0,10.1175
ls2,9,1,9.0,1.8739755619519085,5.396,0.0,5.396
byst,11,1,11.0,2.390962590857764,6.745,0.0,6.745
ignoring,7,2,3.5,0.327398557299801,4.047,0.6745,1.68625
double,7,3,2.3333333333333335,0.4697139373905674,4.047,1.349,0.8993333333333334
phase,12,3,4.0,0.5896361141233036,7.4195,1.349,2.0235
n0,7,1,7.0,1.3643281590068304,4.047,0.0,4.047
negligible,7,4,1.75,0.9259319186889675,4.047,2.0235,0.505875
ijacsa,9,1,9.0,1.8739755619519085,5.396,0.0,5.396
advanced,13,1,13.0,2.9113818776869285,8.094,0.0,8.094
vol,18,3,6.0,0.9515815033791849,11.4665,1.349,3.3725
2024,9,1,9.0,1.8739755619519085,5.396,0.0,5.396
department,9,3,3.0,0.4843484809731123,5.396,1.349,1.349
mobilenetv2,20,1,20.0,4.743529696951736,12.8155,0.0,12.8155
resnet50v2,17,1,17.0,3.9570952679550113,10.792,0.0,10.792
vgg19,24,1,24.0,5.793548555685986,15.5135,0.0,15.5135
specificity,23,1,23.0,5.530933502877365,14.839,0.0,14.839
transfer,36,2,18.0,3.928009501859959,23.607499999999998,0.6745,11.4665
vgg,7,1,7.0,1.3643281590068304,4.047,0.0,4.047
vgg16,7,1,7.0,1.3643281590068304,4.047,0.0,4.047
computational,35,4,8.75,1.5859196115412086,22.933,2.0235,5.227375
disease,11,1,11.0,2.390962590857764,6.745,0.0,6.745
bert,10,2,5.0,0.6963060425724137,6.0705,0.6745,2.698
strawberry,8,1,8.0,1.6177985932376384,4.7215,0.0,4.7215
leaf,14,2,7.0,1.192392676912969,8.7685,0.6745,4.047
leaves,9,3,3.0,0.4843484809731123,5.396,1.349,1.349
hyperparameter,8,2,4.0,0.44957225393225925,4.7215,0.6745,2.0235
fig,33,1,33.0,8.159008638164078,21.584,0.0,21.584
dataset2,7,1,7.0,1.3643281590068304,4.047,0.0,4.047
dataset3,9,1,9.0,1.8739755619519085,5.396,0.0,5.396
experimentation,9,1,9.0,1.8739755619519085,5.396,0.0,5.396
ix,7,2,3.5,0.327398557299801,4.047,0.6745,1.68625
singh,7,3,2.3333333333333335,0.4697139373905674,4.047,1.349,0.8993333333333334
2022,11,1,11.0,2.390962590857764,6.745,0.0,6.745
khan,21,2,10.5,2.0623741400952267,13.49,0.6745,6.40775
2023,7,1,7.0,1.3643281590068304,4.047,0.0,4.047
versus,9,2,4.5,0.5727122384228868,5.396,0.6745,2.36075
i2,22,1,22.0,5.268384677972932,14.1645,0.0,14.1645
1iii,15,1,15.0,3.433673162565237,9.443,0.0,9.443
swn1,10,1,10.0,2.1318835993066867,6.0705,0.0,6.0705
n1x,11,1,11.0,2.390962590857764,6.745,0.0,6.745
1i2,26,1,26.0,6.318944313873694,16.8625,0.0,16.8625
putting,7,2,3.5,0.327398557299801,4.047,0.6745,1.68625
propst,7,1,7.0,1.3643281590068304,4.047,0.0,4.047
wh,18,3,6.0,0.9515815033791849,11.4665,1.349,3.3725
lagrange,10,3,3.3333333333333335,0.5099032887135141,6.0705,1.349,1.5738333333333334
language,38,3,12.666666666666666,2.4410935495587953,24.9565,1.349,7.869166666666666
picking,10,1,10.0,2.1318835993066867,6.0705,0.0,6.0705
hyperparameters,9,1,9.0,1.8739755619519085,5.396,0.0,5.396
acl,9,2,4.5,0.5727122384228868,5.396,0.6745,2.36075
setups,13,1,13.0,2.9113818776869285,8.094,0.0,8.094
lstm,7,2,3.5,0.327398557299801,4.047,0.6745,1.68625
dependencies,7,2,3.5,0.327398557299801,4.047,0.6745,1.68625
uuparser,10,1,10.0,2.1318835993066867,6.0705,0.0,6.0705
machamp,8,1,8.0,1.6177985932376384,4.7215,0.0,4.7215
external,28,2,14.0,2.9329081486905686,18.2115,0.6745,8.7685
embeddings,10,2,5.0,0.6963060425724137,6.0705,0.6745,2.698
annual,9,3,3.0,0.4843484809731123,5.396,1.349,1.349
linguistics,28,2,14.0,2.9329081486905686,18.2115,0.6745,8.7685
iclr,8,2,4.0,0.44957225393225925,4.7215,0.6745,2.0235
daniel,7,2,3.5,0.327398557299801,4.047,0.6745,1.68625
raw,11,2,5.5,0.820148524449224,6.745,0.6745,3.03525
yu,9,2,4.5,0.5727122384228868,5.396,0.6745,2.36075
ahmad,12,2,6.0,0.9441418324274715,7.4195,0.6745,3.3725
lynn,16,2,8.0,1.4408440559517086,10.1175,0.6745,4.7215
graphs,9,2,4.5,0.5727122384228868,5.396,0.6745,2.36075
behaviors,11,1,11.0,2.390962590857764,6.745,0.0,6.745
humans,7,1,7.0,1.3643281590068304,4.047,0.0,4.047
pgnn,7,1,7.0,1.3643281590068304,4.047,0.0,4.047
ast,30,1,30.0,7.370233093979498,19.5605,0.0,19.5605
comprehension,9,1,9.0,1.8739755619519085,5.396,0.0,5.396
clone,20,1,20.0,4.743529696951736,12.8155,0.0,12.8155
programming,38,2,19.0,4.176801738137995,24.9565,0.6745,12.141
allamanis,9,1,9.0,1.8739755619519085,5.396,0.0,5.396
summarization,21,1,21.0,5.005912501496326,13.49,0.0,13.49
api,13,1,13.0,2.9113818776869285,8.094,0.0,8.094
edges,22,1,22.0,5.268384677972932,14.1645,0.0,14.1645
trace,9,2,4.5,0.5727122384228868,5.396,0.6745,2.36075
oov,8,1,8.0,1.6177985932376384,4.7215,0.0,4.7215
gnn,10,1,10.0,2.1318835993066867,6.0705,0.0,6.0705
embedding,14,1,14.0,3.1723512312917093,8.7685,0.0,8.7685
subgraph,22,1,22.0,5.268384677972932,14.1645,0.0,14.1645
feng,8,1,8.0,1.6177985932376384,4.7215,0.0,4.7215
codexglue,11,1,11.0,2.390962590857764,6.745,0.0,6.745
functionalities,10,1,10.0,2.1318835993066867,6.0705,0.0,6.0705
subtoken,11,1,11.0,2.390962590857764,6.745,0.0,6.745
alon,7,1,7.0,1.3643281590068304,4.047,0.0,4.047
edge,8,1,8.0,1.6177985932376384,4.7215,0.0,4.7215
node,13,1,13.0,2.9113818776869285,8.094,0.0,8.094
plbart,11,1,11.0,2.390962590857764,6.745,0.0,6.745
codebert,11,1,11.0,2.390962590857764,6.745,0.0,6.745
vocabulary,10,1,10.0,2.1318835993066867,6.0705,0.0,6.0705
memberreference,8,1,8.0,1.6177985932376384,4.7215,0.0,4.7215
else,10,3,3.3333333333333335,0.5099032887135141,6.0705,1.349,1.5738333333333334
csn,10,1,10.0,2.1318835993066867,6.0705,0.0,6.0705
tlc,12,1,12.0,2.650869234130247,7.4195,0.0,7.4195
bcb,20,1,20.0,4.743529696951736,12.8155,0.0,12.8155
pairs,9,2,4.5,0.5727122384228868,5.396,0.6745,2.36075
disadvantage,12,1,12.0,2.650869234130247,7.4195,0.0,7.4195
implicitly,15,1,15.0,3.433673162565237,9.443,0.0,9.443
iss,53,1,53.0,13.420699003888648,35.074,0.0,35.074
modest,9,1,9.0,1.8739755619519085,5.396,0.0,5.396
madow,8,1,8.0,1.6177985932376384,4.7215,0.0,4.7215
wolter,8,1,8.0,1.6177985932376384,4.7215,0.0,4.7215
1985,8,2,4.0,0.44957225393225925,4.7215,0.6745,2.0235
vari,7,2,3.5,0.327398557299801,4.047,0.6745,1.68625
hy,19,2,9.5,1.8137168446642986,12.141,0.6745,5.73325
eleven,13,1,13.0,2.9113818776869285,8.094,0.0,8.094
integer,25,2,12.5,2.5597906360015275,16.188,0.6745,7.75675
arthritis,9,1,9.0,1.8739755619519085,5.396,0.0,5.396
dissertation,11,1,11.0,2.390962590857764,6.745,0.0,6.745
ahsan,10,1,10.0,2.1318835993066867,6.0705,0.0,6.0705
compromise,48,1,48.0,12.104960077002355,31.7015,0.0,31.7015
nfj,13,1,13.0,2.9113818776869285,8.094,0.0,8.094
cq,7,1,7.0,1.3643281590068304,4.047,0.0,4.047
whsh,8,1,8.0,1.6177985932376384,4.7215,0.0,4.7215
kw,7,2,3.5,0.327398557299801,4.047,0.6745,1.68625
sukhatme,8,1,8.0,1.6177985932376384,4.7215,0.0,4.7215
chatterjee,10,1,10.0,2.1318835993066867,6.0705,0.0,6.0705
nlpp,19,1,19.0,4.481251962875712,12.141,0.0,12.141
co,9,2,4.5,0.5727122384228868,5.396,0.6745,2.36075
off,10,1,10.0,2.1318835993066867,6.0705,0.0,6.0705
integers,8,1,8.0,1.6177985932376384,4.7215,0.0,4.7215
ck,7,1,7.0,1.3643281590068304,4.047,0.0,4.047
fl,7,1,7.0,1.3643281590068304,4.047,0.0,4.047
nres,14,1,14.0,3.1723512312917093,8.7685,0.0,8.7685
float,16,1,16.0,3.695272871609357,10.1175,0.0,10.1175
flk,8,1,8.0,1.6177985932376384,4.7215,0.0,4.7215
hth,7,1,7.0,1.3643281590068304,4.047,0.0,4.047
sh2,27,1,27.0,6.581711795782485,17.537,0.0,17.537
nhsh2,11,1,11.0,2.390962590857764,6.745,0.0,6.745
opty,9,1,9.0,1.8739755619519085,5.396,0.0,5.396
nhsh,17,1,17.0,3.9570952679550113,10.792,0.0,10.792
propy,8,1,8.0,1.6177985932376384,4.7215,0.0,4.7215
rany,14,1,14.0,3.1723512312917093,8.7685,0.0,8.7685
kzn,76,1,76.0,19.47423603137285,50.5875,0.0,50.5875
ykyy,16,1,16.0,3.695272871609357,10.1175,0.0,10.1175
yy,7,1,7.0,1.3643281590068304,4.047,0.0,4.047
ykmstzo,8,1,8.0,1.6177985932376384,4.7215,0.0,4.7215
mwtztmkw,26,1,26.0,6.318944313873694,16.8625,0.0,16.8625
wsv,10,1,10.0,2.1318835993066867,6.0705,0.0,6.0705
vuk,10,1,10.0,2.1318835993066867,6.0705,0.0,6.0705
22n,30,1,30.0,7.370233093979498,19.5605,0.0,19.5605
t1,35,1,35.0,8.684966041083632,22.933,0.0,22.933
r243146,10,1,10.0,2.1318835993066867,6.0705,0.0,6.0705
42u,16,1,16.0,3.695272871609357,10.1175,0.0,10.1175
zo135,11,1,11.0,2.390962590857764,6.745,0.0,6.745
zkw,16,1,16.0,3.695272871609357,10.1175,0.0,10.1175
jio,13,1,13.0,2.9113818776869285,8.094,0.0,8.094
ð,17,1,17.0,3.9570952679550113,10.792,0.0,10.792
ytm,9,1,9.0,1.8739755619519085,5.396,0.0,5.396
z1,8,1,8.0,1.6177985932376384,4.7215,0.0,4.7215
534,10,1,10.0,2.1318835993066867,6.0705,0.0,6.0705
kzmo,9,1,9.0,1.8739755619519085,5.396,0.0,5.396
zo,9,1,9.0,1.8739755619519085,5.396,0.0,5.396
zwþ,8,1,8.0,1.6177985932376384,4.7215,0.0,4.7215
io,8,1,8.0,1.6177985932376384,4.7215,0.0,4.7215
w1,20,1,20.0,4.743529696951736,12.8155,0.0,12.8155
wtoj,16,1,16.0,3.695272871609357,10.1175,0.0,10.1175
μ,7,1,7.0,1.3643281590068304,4.047,0.0,4.047
ˆr,8,1,8.0,1.6177985932376384,4.7215,0.0,4.7215
