,gram_count,document_count,Average_freq,maha_dist,zscore_gram_count,zscore_document_count,zscore_Average_freq
stratified,360,12,30.0,5.241961635123328,4.2854070157115105,3.224587938285373,4.050304053736693
random,485,19,25.526315789473685,7.4302326119414195,4.53787396428191,3.9202476248119167,3.8269934292500523
sampling,815,16,50.9375,9.216529421484639,4.9775401570446105,3.660093358789312,4.7823800060670605
from,670,19,35.26315789473684,8.501945502249653,4.811588960361135,3.9202476248119167,4.2738274712703666
streaming,69,1,69.0,17.631719327041264,2.8860378893061256,-0.5371699849871888,5.20208045167439
and,2188,19,115.15789473684211,24.27039043445575,5.814075336761019,3.9202476248119167,5.910365644383119
stored,30,3,10.0,1.8297291198653984,2.1804997194293376,1.1259562663971225,2.531103855624762
data,470,18,26.11111111111111,7.019270985077055,4.511262026695155,3.8383983537255593,3.8583160733515576
state,33,10,3.3,3.4500087483580897,2.2612347816085165,2.94858177084582,0.99800569516777
university,33,10,3.3,3.4500087483580897,2.2612347816085165,2.94858177084582,0.99800569516777
at,151,15,10.066666666666666,5.304737277527816,3.5494460142669673,3.5623921862860053,2.540292165931032
t,115,16,7.1875,5.815279373130747,3.318746531574301,3.660093358789312,2.0744338899839874
tirthapura,8,1,8.0,1.6177985932376384,1.0608707338818455,-0.5371699849871888,2.2225330059622936
abstract,11,7,1.5714285714285714,2.235520229697045,1.3306255684213535,2.408631991843541,-0.027971688050834977
srs,126,8,15.75,3.11079755529561,3.3961268289309547,2.610777522845187,3.159264223714358
is,1487,19,78.26315789473684,16.339090326592892,5.486911140340432,3.9202476248119167,5.376276893730137
a,1915,19,100.78947368421052,21.13274786480141,5.701185161698798,3.9202476248119167,5.7260747799803795
widely,13,6,2.1666666666666665,1.7722115033939791,1.4721332430501923,2.1752721023412476,0.4162016994869461
used,248,17,14.588235294117647,6.082458073275524,3.969722349163684,3.751869503169961,3.0533044957756803
for,1325,19,69.73684210526316,14.591175826061958,5.389202325107139,3.9202476248119167,5.216769283708392
query,29,1,29.0,7.107360232295761,2.151782494384479,-0.5371699849871888,4.003423780729337
processing,51,6,8.5,1.9458896105491914,2.629982712027672,2.1752721023412476,2.306366892060224
we,703,19,37.0,8.73939489415492,4.852315727936468,3.9202476248119167,4.340313072844205
consider,57,11,5.181818181818182,3.7986116701429196,2.724199390508171,3.0928663958147458,1.6219874856695509
on,624,19,32.8421052631579,8.191815940882105,4.751338622427375,3.9202476248119167,4.175470046877589
arriving,7,1,7.0,1.3643281590068304,0.9477593610091233,-0.5371699849871888,2.037881040731436
streams,16,2,8.0,1.4408440559517086,1.6480197754293502,0.5121458509569364,2.2225330059622936
make,34,12,2.8333333333333335,4.3350209100571675,2.2865225403880136,3.224587938285373,0.7871666939482935
the,6433,19,338.57894736842104,74.82396735496705,6.727608171342786,3.9202476248119167,7.401689009348831
following,62,15,4.133333333333334,5.5485726314253405,2.7954242660686743,3.5623921862860053,1.3093673340992122
present,42,6,7.0,1.8286635101974036,2.4655176157437917,2.1752721023412476,2.037881040731436
lower,46,9,5.111111111111111,2.963996427172979,2.5425777176664672,2.7890825177814342,1.6029884639590668
that,768,19,40.421052631578945,9.239533623051877,4.927225154806533,3.9202476248119167,4.462601155241005
shows,34,10,3.4,3.4455060935456014,2.2865225403880136,2.94858177084582,1.039287435777286
any,60,15,4.0,5.556477427175496,2.7676487609768423,3.5623921862860053,1.264024399341824
ing,28,6,4.666666666666667,1.735775832111276,2.122057444104133,2.1752721023412476,1.4771894492399755
algorithm,138,7,19.714285714285715,3.5406117640470427,3.4731869308536307,2.408631991843541,3.469715203664308
must,45,11,4.090909090909091,3.8424170089236585,2.523959891068996,3.0928663958147458,1.2951006647493215
have,223,18,12.38888888888889,6.505778837732026,3.8797145086855642,3.8383983537255593,2.8273278767149264
in,2159,19,113.63157894736842,23.93507618093758,5.802773014356509,3.9202476248119167,5.891914837972929
case,144,15,9.6,5.31592777444828,3.5092382018036767,3.5623921862860053,2.4746537477912867
variance,275,11,25.0,4.539572431925915,4.057261279332031,3.0928663958147458,3.7981833119076995
r,70,15,4.666666666666667,5.517968006612259,2.898226258011967,3.5623921862860053,1.4771894492399755
factor,26,7,3.7142857142857144,2.154497115821596,2.059282284597697,2.408631991843541,1.1615452562092647
optimal,59,8,7.375,2.5580842174043097,2.7534118374382275,2.610777522845187,2.1100453587288848
where,156,18,8.666666666666666,6.595214861285629,3.577040539332365,3.8383983537255593,2.3332189127278853
number,229,17,13.470588235294118,6.081521472197588,3.9022045999160206,3.751869503169961,2.9430831734637857
of,3563,19,187.52631578947367,40.45647549393001,6.2271227949859185,3.9202476248119167,6.584657034875397
strata,414,13,31.846153846153847,5.6633353476398725,4.403796144040793,3.3457600112148747,4.132885938288328
results,194,15,12.933333333333334,5.2673164777927335,3.7617051503740764,3.5623921862860053,2.8868007938873443
experiments,28,7,4.0,2.1493370701826944,2.122057444104133,2.408631991843541,1.264024399341824
real,15,8,1.875,2.6539573180616016,1.593350677881833,2.610777522845187,0.2162696272548135
show,41,9,4.555555555555555,2.977865020229023,2.445105133791752,2.7890825177814342,1.4438664967202068
to,1885,19,99.21052631578948,20.790927204103337,5.687809983650678,3.9202476248119167,5.704240079815639
an,382,18,21.22222222222222,6.690562461300442,4.3356527245624585,3.8383983537255593,3.5716375376033476
offline,31,1,31.0,7.633133917549889,2.2082752245211696,-0.5371699849871888,4.095646988494081
which,275,17,16.176470588235293,6.098703156869712,4.057261279332031,3.751869503169961,3.1962099798067225
was,230,16,14.375,5.671199328396963,3.9058955731218057,3.660093358789312,3.0329424966044565
given,143,13,11.0,4.484930783013207,3.503335202232214,3.3457600112148747,2.6629021665797166
entire,36,10,3.6,3.436746123477122,2.334940118708667,2.94858177084582,1.118328126041808
input,23,6,3.8333333333333335,1.7320671502775518,1.9554286761189623,2.1752721023412476,1.2051714488300582
also,165,15,11.0,5.286612617725695,3.624552637063855,3.5623921862860053,2.6629021665797166
voila,50,1,50.0,12.631239302365303,2.613208361697513,-0.5371699849871888,4.756691918528169
neyman,48,6,8.0,1.9023738903109146,2.5786289886165137,2.1752721023412476,2.2225330059622936
allocation,376,13,28.923076923076923,5.365108470995195,4.322242254334825,3.3457600112148747,3.9997509084149594
only,98,17,5.764705882352941,6.307216806724427,3.1832441543264207,3.751869503169961,1.7693951894026485
under,126,13,9.692307692307692,4.500652077580194,3.3961268289309547,3.3457600112148747,2.487886725457305
each,323,18,17.944444444444443,6.557580882196993,4.193540066922185,3.8383983537255593,3.3396415777719306
stratum,472,13,36.30769230769231,6.17310196372258,4.5148589620807416,3.3457600112148747,4.314193680333242
has,116,17,6.823529411764706,6.252937900687186,3.326080577479488,3.751869503169961,2.0025726813904674
large,100,16,6.25,5.858734674195169,3.200357403245018,3.660093358789312,1.8811660986667602
points,13,8,1.625,2.6672787472915793,1.4721332430501923,2.610777522845187,0.018384684357937383
choose,21,8,2.625,2.6183895465988156,1.8783685741962868,2.610777522845187,0.6815554189819576
can,354,19,18.63157894736842,7.010642989133409,4.271170092172895,3.9202476248119167,3.391604901387127
smaller,51,14,3.642857142857143,5.1490089863563755,2.629982712027672,3.4579478277876654,1.134693235541603
than,137,17,8.058823529411764,6.198682807218982,3.4670263436230435,3.751869503169961,2.2326637151069604
1,922,19,48.526315789473685,10.563473554879906,5.082033129275185,3.9202476248119167,4.715321955926635
introduction,30,13,2.3076923076923075,4.79882953226429,2.1804997194293376,3.3457600112148747,0.5034007356182303
method,104,15,6.933333333333334,5.406542161691928,3.2335803676927064,3.5623921862860053,2.024648063065418
analysis,92,12,7.666666666666667,4.13779191052533,3.129726759213972,3.224587938285373,2.163680055450528
features,33,7,4.714285714285714,2.1424493747123745,2.2612347816085165,2.408631991843541,1.491228510061096
every,30,12,2.5,4.354189966302844,2.1804997194293376,3.224587938285373,0.6140866423838225
system,16,6,2.6666666666666665,1.7536346875965576,1.6480197754293502,2.1752721023412476,0.7033328078503631
its,50,13,3.8461538461538463,4.708961907189596,2.613208361697513,3.3457600112148747,1.2097886004097076
many,68,14,4.857142857142857,5.0821581957268895,2.8736715819355183,3.4579478277876654,1.5325102506706119
important,44,10,4.4,3.4050222114112243,2.504923651516363,2.94858177084582,1.3958227102967788
classes,35,7,5.0,2.142113183186786,2.311077216464462,2.408631991843541,1.5725952490042923
queries,18,1,18.0,4.21909889424038,1.7477910771611622,-0.5371699849871888,3.3439161889452156
whose,22,6,3.6666666666666665,1.7332456138429237,1.9177746099688584,2.1752721023412476,1.143701968467786
error,91,12,7.583333333333333,4.139847716281952,3.1204689948199844,3.224587938285373,2.148566947497028
small,78,13,6.0,4.60682245576804,2.98989149778486,3.3457600112148747,1.8247159908332848
statistical,76,11,6.909090909090909,3.747464235218759,2.967888260416017,3.0928663958147458,2.01980450079856
be,715,19,37.63157894736842,8.828613147261208,4.866653057687553,3.9202476248119167,4.363718465666018
obtained,79,11,7.181818181818182,3.741481447589383,3.0006824336571296,3.0928663958147458,2.0733403069982295
through,43,11,3.909090909090909,3.8505584836879634,2.4854497591456743,3.0928663958147458,1.2322336748053255
over,59,14,4.214285714285714,5.116491790704877,2.7534118374382275,3.4579478277876654,1.336188717339273
derived,17,7,2.4285714285714284,2.19436137613984,1.6993734988405087,2.408631991843541,0.5740016440501421
sample,984,17,57.88235294117647,10.896281784524833,5.137161471621429,3.751869503169961,4.959124598337599
are,731,19,38.473684210526315,8.949834311607814,4.885399648746851,3.9202476248119167,4.394321885928399
part,31,11,2.8181818181818183,3.9043141236851855,2.2082752245211696,3.0928663958147458,0.7797520080152487
all,263,19,13.842105263157896,6.919791069905721,4.019467188880342,3.9202476248119167,2.980705143326716
major,7,6,1.1666666666666667,1.825276782848588,0.9477593610091233,2.1752721023412476,-0.43982776400096424
database,31,6,5.166666666666667,1.7456397954508032,2.2082752245211696,2.1752721023412476,1.6179381837616802
uniform,16,2,8.0,1.4408440559517086,1.6480197754293502,0.5121458509569364,2.2225330059622936
element,58,5,11.6,2.174185757941716,2.7389315359319832,1.899265934901694,2.736344324446399
population,469,13,36.07692307692308,6.145327582114497,4.5094578151280835,3.3457600112148747,4.305376420194147
chosen,27,7,3.857142857142857,2.15174629860453,2.091251248800821,2.408631991843541,1.2137339258061253
with,682,19,35.89473684210526,8.586912589417006,4.826626225250696,3.9202476248119167,4.298375493657814
same,88,16,5.5,5.897375071914369,3.092072693063868,3.660093358789312,1.7043935599592468
ability,15,6,2.5,1.7592182807292909,1.593350677881833,2.1752721023412476,0.6140866423838225
may,172,16,10.75,5.701148523636054,3.6597478422406833,3.660093358789312,2.631111442043218
however,86,13,6.615384615384615,4.582945709659067,3.0725988006931786,3.3457600112148747,1.9597339437861652
lead,14,9,1.5555555555555556,3.1061298357863727,1.5349084025566282,2.7890825177814342,-0.04201074887195552
high,24,8,3.0,2.6031401720159586,1.991479947069009,2.610777522845187,0.8662073842128154
estimation,31,7,4.428571428571429,2.144169615898502,2.2082752245211696,2.408631991843541,1.4047731338635294
suppose,31,9,3.4444444444444446,3.0150813028256445,2.2082752245211696,2.7890825177814342,1.0572465922702192
estimate,110,13,8.461538461538462,4.526031453126901,3.281092465424197,3.3457600112148747,2.300095517985132
mean,190,15,12.666666666666666,5.268506044211794,3.744057074323851,3.5623921862860053,2.8579906765449916
size,452,19,23.789473684210527,7.294571988586654,4.478183233298874,3.9202476248119167,3.729549551573079
two,116,14,8.285714285714286,4.941112208570607,3.326080577479488,3.4579478277876654,2.271058532719255
alternative,17,8,2.125,2.6413617586142877,1.6993734988405087,2.610777522845187,0.38934967881928456
into,121,19,6.368421052631579,7.122452061531521,3.3618275276033756,3.9202476248119167,1.9071220651229808
called,43,15,2.8666666666666667,5.627685673219827,2.4854497591456743,3.5623921862860053,0.8033403942688193
within,113,14,8.071428571428571,4.947783276123434,3.3038851502038646,3.4579478277876654,2.2348249590166858
select,47,11,4.2727272727272725,3.8345133020919975,2.5607951296923113,3.0928663958147458,1.3552334261931798
samples,233,18,12.944444444444445,6.500931682080857,3.916872966624258,3.8383983537255593,2.887988286973132
combined,16,10,1.6,3.5387261149303635,1.6480197754293502,2.94858177084582,-0.0030550569411136523
derive,11,6,1.8333333333333333,1.7875941634100148,1.3306255684213535,2.1752721023412476,0.18519336184731613
divided,37,14,2.642857142857143,5.210329527893443,2.358149159854792,3.4579478277876654,0.6909306115931845
one,164,16,10.25,5.712178530206724,3.6194032168867616,3.660093358789312,2.565249679703129
elements,95,7,13.571428571428571,2.7026936315346584,3.156908032776346,2.408631991843541,2.953396476309308
other,152,16,9.5,5.731813474199335,3.555037301963522,3.660093358789312,2.460173661415983
much,30,10,3.0,3.464003547704593,2.1804997194293376,2.94858177084582,0.8662073842128154
by,430,19,22.63157894736842,7.214940280208472,4.4359166561485175,3.9202476248119167,3.6605502428724668
s,291,19,15.31578947368421,6.929351082640206,4.105165322013735,3.9202476248119167,3.1206055644585753
published,12,8,1.5,2.6742082962762694,1.404330905521504,2.610777522845187,-0.09230122240765451
proceedings,34,6,5.666666666666667,1.7611265604292758,2.2865225403880136,2.1752721023412476,1.7456753005687633
international,25,5,5.0,1.3585595521839893,2.0260593201500083,1.899265934901694,1.5725952490042923
2019,50,6,8.333333333333334,1.9309188832724107,2.613208361697513,2.1752721023412476,2.278983113795769
distribution,14,6,2.3333333333333335,1.7654126876339178,1.5349084025566282,2.1752721023412476,0.5186808426195055
this,578,19,30.42105263157895,7.908554424095652,4.686472429989191,3.9202476248119167,4.069577335945405
paper,48,9,5.333333333333333,2.95934908707904,2.5786289886165137,2.7890825177814342,1.661841414470833
terms,39,11,3.5454545454545454,3.867548686938902,2.4027424562373554,3.0928663958147458,1.0972157218524452
provides,30,10,3.0,3.464003547704593,2.1804997194293376,2.94858177084582,0.8662073842128154
some,113,15,7.533333333333333,5.382256306805878,3.3038851502038646,3.5623921862860053,2.139419159252369
sizes,123,16,7.6875,5.794343325392252,3.375714346978915,3.660093358789312,2.1674326645741204
standard,82,11,7.454545454545454,3.7360780986845303,3.032254175339257,3.0928663958147458,2.124880519085706
deviation,18,6,3.0,1.7443227637712917,1.7477910771611622,2.1752721023412476,0.8662073842128154
larger,51,15,3.4,5.59328764021762,2.629982712027672,3.5623921862860053,1.039287435777286
another,28,8,3.5,2.585504472457193,2.122057444104133,2.610777522845187,1.0793724341109665
above,42,12,3.5,4.298737361553525,2.4655176157437917,3.224587938285373,1.0793724341109665
example,152,17,8.941176470588236,6.166045769155113,3.555037301963522,3.751869503169961,2.3763397753180526
if,248,17,14.588235294117647,6.082458073275524,3.969722349163684,3.751869503169961,3.0533044957756803
three,77,12,6.416666666666667,4.173731412206062,2.978961320191146,3.224587938285373,1.9175586098573982
it,313,19,16.473684210526315,6.948395952590954,4.1669002296265685,3.9202476248119167,3.221386517996134
best,62,10,6.2,3.3536304218551196,2.7954242660686743,2.94858177084582,1.8700589255906734
allocate,17,6,2.8333333333333335,1.7486677593322508,1.6993734988405087,2.1752721023412476,0.7871666939482935
first,69,15,4.6,5.521704254576864,2.8860378893061256,3.5623921862860053,1.4572921906590508
second,61,14,4.357142857142857,5.108654800104905,2.7816503526593803,3.4579478277876654,1.3822875065092597
since,71,13,5.461538461538462,4.629678735578337,2.9102417362160335,3.3457600112148747,1.6946894105671026
higher,27,10,2.7,3.478721684976106,2.091251248800821,2.94858177084582,0.7205111109127994
so,96,13,7.384615384615385,4.556521470962375,3.1657780301640184,3.3457600112148747,2.1118470991967024
further,45,9,5.0,2.9665136463845956,2.523959891068996,2.7890825177814342,1.5725952490042923
reduces,13,9,1.4444444444444444,3.1125252569729787,1.4721332430501923,2.7890825177814342,-0.1444898920045148
not,369,16,23.0625,5.9530415836786315,4.306323560166078,3.660093358789312,3.686632862686051
such,146,16,9.125,5.743011197455608,3.5209222078804445,3.660093358789312,2.404481479396724
as,598,19,31.473684210526315,8.028221716877129,4.715287351477327,3.9202476248119167,4.116617096365823
sum,52,9,5.777777777777778,2.951610977710052,2.6464313261452017,2.7890825177814342,1.7725273212364248
but,79,14,5.642857142857143,5.043495762449231,3.0006824336571296,3.4579478277876654,1.7398528262260406
defined,17,6,2.8333333333333335,1.7486677593322508,1.6993734988405087,2.1752721023412476,0.7871666939482935
selection,69,11,6.2727272727272725,3.7636614227466896,2.8860378893061256,3.0928663958147458,1.8861854711955572
provided,34,8,4.25,2.5649546849368043,2.2865225403880136,2.610777522845187,1.347858285439754
time,90,11,8.181818181818182,3.7245203015289112,3.1111089326165007,3.0928663958147458,2.253609271369791
been,58,12,4.833333333333333,4.234628007000348,2.7389315359319832,3.224587938285373,1.5257149759969364
systems,17,6,2.8333333333333335,1.7486677593322508,1.6993734988405087,2.1752721023412476,0.7871666939482935
8,75,13,5.769230769230769,4.6163952190336275,2.9566685333371714,3.3457600112148747,1.7704801919011683
14,46,13,3.5384615384615383,4.725839384232604,2.5425777176664672,3.3457600112148747,1.0944855420644664
30,75,10,7.5,3.334278486172846,2.9566685333371714,2.94858177084582,2.133286840495753
31,24,8,3.0,2.6031401720159586,1.991479947069009,2.610777522845187,0.8662073842128154
problem,84,13,6.461538461538462,4.588688472979279,3.052666657291296,3.3457600112148747,1.9271951339658444
current,27,6,4.5,1.7337555192974885,2.091251248800821,2.1752721023412476,1.4268989757042763
methods,78,15,5.2,5.489006836861792,2.98989149778486,3.5623921862860053,1.6268310479364088
assume,25,11,2.272727272727273,3.934273541186202,2.0260593201500083,3.0928663958147458,0.4822883314288678
available,73,16,4.5625,5.950410644176648,2.93377316633294,3.660093358789312,1.4459728727762544
before,29,10,2.9,3.468829667952046,2.151782494384479,2.94858177084582,0.8193271112054593
result,50,12,4.166666666666667,4.265250941343207,2.613208361697513,3.224587938285373,1.3204745071752995
easily,14,7,2.0,2.2135290804982004,1.5349084025566282,2.408631991843541,0.30551579272135426
new,79,11,7.181818181818182,3.741481447589383,3.0006824336571296,3.0928663958147458,2.0733403069982295
more,188,19,9.894736842105264,6.975272319512911,3.7350932127873206,3.9202476248119167,2.5164705379773835
29,37,9,4.111111111111111,2.991250274641267,2.358149159854792,2.7890825177814342,1.3019126766203444
work,72,11,6.545454545454546,3.7563378105822904,2.922089160256172,3.0928663958147458,1.9450384217073236
dynamic,25,3,8.333333333333334,1.4543941556711901,2.0260593201500083,1.1259562663971225,2.278983113795769
study,222,17,13.058823529411764,6.083365117235496,3.87590741458946,3.751869503169961,2.900153564996797
there,115,15,7.666666666666667,5.377162802732268,3.318746531574301,3.5623921862860053,2.163680055450528
allocates,7,1,7.0,1.3643281590068304,0.9477593610091233,-0.5371699849871888,2.037881040731436
among,77,12,6.416666666666667,4.173731412206062,2.978961320191146,3.224587938285373,1.9175586098573982
different,203,16,12.6875,5.674148576688634,3.8001182461542706,3.660093358789312,2.8602632088780093
minimizes,8,6,1.3333333333333333,1.8150128756359525,1.0608707338818455,2.1752721023412476,-0.25517579877010677
while,61,12,5.083333333333333,4.22389554629836,2.7816503526593803,3.224587938285373,1.5954525564074111
these,150,16,9.375,5.735444248029973,3.543817574884676,3.660093358789312,2.441857690158221
steps,25,7,3.5714285714285716,2.1575882153083277,2.0260593201500083,2.408631991843541,1.1073094572771482
ple,11,6,1.8333333333333333,1.7875941634100148,1.3306255684213535,2.1752721023412476,0.18519336184731613
done,31,10,3.1,3.4592578008400032,2.2082752245211696,2.94858177084582,0.9115503189702033
far,24,6,4.0,1.7315286670834846,1.991479947069009,2.1752721023412476,1.264024399341824
do,50,14,3.5714285714285716,5.1532040353258335,2.613208361697513,3.4579478277876654,1.1073094572771482
them,34,10,3.4,3.4455060935456014,2.2865225403880136,2.94858177084582,1.039287435777286
well,47,13,3.6153846153846154,4.7215678271127155,2.5607951296923113,3.3457600112148747,1.1242250885535499
algorithms,63,6,10.5,2.1577778640883496,2.8089777873834496,2.1752721023412476,2.598572632222897
task,37,7,5.285714285714286,2.1431616926573387,2.358149159854792,2.408631991843541,1.6494392182136544
stream,43,1,43.0,10.789380615720173,2.4854497591456743,-0.5371699849871888,4.548128655284158
quality,21,3,7.0,1.1620097555575348,1.8783685741962868,1.1259562663971225,2.037881040731436
using,277,17,16.294117647058822,6.100600231421202,4.0633995453986875,3.751869503169961,3.206230571578635
our,126,10,12.6,3.4048763205540977,3.3961268289309547,2.94858177084582,2.8506933740518896
memory,54,2,27.0,6.16725534692533,2.6784002903483257,0.5121458509569364,3.9046077804366766
practical,15,8,1.875,2.6539573180616016,1.593350677881833,2.610777522845187,0.2162696272548135
upon,16,8,2.0,2.647568143136568,1.6480197754293502,2.610777522845187,0.30551579272135426
obtain,53,12,4.416666666666667,4.253428328123724,2.6625666141964617,3.224587938285373,1.4010508284842742
smallest,30,5,6.0,1.4262672619459456,2.1804997194293376,1.899265934901694,1.8247159908332848
possible,67,11,6.090909090909091,3.768860299802224,2.861122063358291,3.0928663958147458,1.845510903203225
when,182,18,10.11111111111111,6.548842864841775,3.707618036367489,3.8383983537255593,2.5463839626260367
minibatch,33,1,33.0,8.159008638164078,2.2612347816085165,-0.5371699849871888,4.182102364691647
multiple,34,9,3.7777777777777777,3.0026077422912807,2.2865225403880136,2.7890825177814342,1.184983709077302
seen,24,9,2.6666666666666665,3.0484473852543363,1.991479947069009,2.7890825177814342,0.7033328078503631
42,13,6,2.1666666666666665,1.7722115033939791,1.4721332430501923,2.1752721023412476,0.4162016994869461
made,25,9,2.7777777777777777,3.043320581203494,2.0260593201500083,2.7890825177814342,0.7597829156838382
respect,30,8,3.75,2.5778603789226726,2.1804997194293376,2.610777522845187,1.1747782338752835
improve,12,7,1.7142857142857142,2.227881070755732,1.404330905521504,2.408631991843541,0.09235074282320302
increases,14,6,2.3333333333333335,1.7654126876339178,1.5349084025566282,2.1752721023412476,0.5186808426195055
reduction,41,6,6.833333333333333,1.8182242714060823,2.445105133791752,2.1752721023412476,2.004558088211668
based,165,17,9.705882352941176,6.1419564377639855,3.624552637063855,3.751869503169961,2.4898221150152455
novel,11,6,1.8333333333333333,1.7875941634100148,1.3306255684213535,2.1752721023412476,0.18519336184731613
desired,18,10,1.8,3.5271233491421827,1.7477910771611622,2.94858177084582,0.15981951942133846
target,26,5,5.2,1.3697841357504765,2.059282284597697,1.899265934901694,1.6268310479364088
technique,48,8,6.0,2.5453181123448867,2.5786289886165137,2.610777522845187,1.8247159908332848
independent,28,10,2.8,3.473735826590056,2.122057444104133,2.94858177084582,0.7708015844484982
interest,46,9,5.111111111111111,2.963996427172979,2.5425777176664672,2.7890825177814342,1.6029884639590668
tasks,16,6,2.6666666666666665,1.7536346875965576,1.6480197754293502,2.1752721023412476,0.7033328078503631
sliding,23,2,11.5,2.311069059168841,1.9554286761189623,0.5121458509569364,2.7243716469419885
window,46,3,15.333333333333334,3.0587866895330187,2.5425777176664672,1.1259562663971225,3.122188662070998
most,49,12,4.083333333333333,4.2692814734120805,2.5960951127789156,3.224587938285373,1.2925374840091175
allocations,50,4,12.5,2.322683287695695,2.613208361697513,1.5614616869010618,2.83967470528723
known,64,14,4.571428571428571,5.097120756859237,2.8223178585243596,3.4579478277876654,1.4486763645726815
36,12,7,1.7142857142857142,2.227881070755732,1.404330905521504,2.408631991843541,0.09235074282320302
neyalloc,16,1,16.0,3.695272871609357,1.6480197754293502,-0.5371699849871888,3.1810416125827636
statistics,36,10,3.6,3.436746123477122,2.334940118708667,2.94858177084582,1.118328126041808
literature,25,6,4.166666666666667,1.7316307613026696,2.0260593201500083,2.1752721023412476,1.3204745071752995
does,29,10,2.9,3.468829667952046,2.151782494384479,2.94858177084582,0.8193271112054593
no,71,15,4.733333333333333,5.514257438778714,2.9102417362160335,3.5623921862860053,1.4968044676702266
how,64,13,4.923076923076923,4.654339988723543,2.8223178585243596,3.3457600112148747,1.551155507705241
hence,32,10,3.2,3.4545927585971015,2.2351688169768553,2.94858177084582,0.955453549679356
addition,23,6,3.8333333333333335,1.7320671502775518,1.9554286761189623,2.1752721023412476,1.2051714488300582
evaluation,39,6,6.5,1.7990147321311438,2.4027424562373554,2.1752721023412476,1.9354018975988767
detailed,20,7,2.857142857142857,2.1780916587770363,1.8370395477896793,2.408631991843541,0.79873860761468
considering,13,8,1.625,2.6672787472915793,1.4721332430501923,2.610777522845187,0.018384684357937383
both,80,14,5.714285714285714,5.040163723812862,3.0113376308846886,3.4579478277876654,1.75724721423515
accuracy,132,8,16.5,3.1917077269196814,3.435532864703526,2.610777522845187,3.2235937580711775
found,30,10,3.0,3.464003547704593,2.1804997194293376,2.94858177084582,0.8662073842128154
5,184,18,10.222222222222221,6.5458834753918325,3.7168758007614766,3.8383983537255593,2.5614970705795366
100,130,12,10.833333333333334,4.096501759353994,3.4226001400530355,3.224587938285373,2.641789762390354
b,215,13,16.53846153846154,4.547862183919053,3.8487676146010124,3.3457600112148747,3.226813400069103
range,29,5,5.8,1.4104754964035122,2.151782494384479,1.899265934901694,1.7778357178259292
tion,31,8,3.875,2.5743349379150593,2.2082752245211696,2.610777522845187,1.2201211686326714
function,48,15,3.2,5.60600351533966,2.5786289886165137,3.5623921862860053,0.955453549679356
average,52,14,3.7142857142857144,5.144842752516166,2.6464313261452017,3.4579478277876654,1.1615452562092647
c,276,16,17.25,5.710285110055603,4.060335972401135,3.660093358789312,3.28506323843345
related,22,10,2.2,3.504834378142861,1.9177746099688584,2.94858177084582,0.43731410367630924
reservoir,28,2,14.0,2.9329081486905686,2.122057444104133,0.5121458509569364,2.9963896473519056
considered,22,9,2.4444444444444446,3.0590559080741744,1.9177746099688584,2.7890825177814342,0.5830103769763251
25,57,10,5.7,3.365075675621288,2.724199390508171,2.94858177084582,1.7537857966245063
or,306,19,16.105263157894736,6.9412399553509,4.14774096676234,3.9202476248119167,3.190109419589457
26,37,9,4.111111111111111,2.991250274641267,2.358149159854792,2.7890825177814342,1.3019126766203444
distributed,22,10,2.2,3.504834378142861,1.9177746099688584,2.94858177084582,0.43731410367630924
15,68,16,4.25,5.96923641865285,2.8736715819355183,3.660093358789312,1.347858285439754
16,75,12,6.25,4.179341758304118,2.9566685333371714,3.224587938285373,1.8811660986667602
18,68,14,4.857142857142857,5.0821581957268895,2.8736715819355183,3.4579478277876654,1.5325102506706119
40,48,11,4.363636363636363,3.830651073300935,2.5786289886165137,3.0928663958147458,1.3843468302158621
online,23,6,3.8333333333333335,1.7320671502775518,1.9554286761189623,2.1752721023412476,1.2051714488300582
weight,16,9,1.7777777777777777,3.0936757597367044,1.6480197754293502,2.7890825177814342,0.1426412163589021
depends,22,9,2.4444444444444446,3.0590559080741744,1.9177746099688584,2.7890825177814342,0.5830103769763251
even,40,11,3.6363636363636362,3.8632132103630585,2.424188589337184,3.0928663958147458,1.1322260883868693
after,60,12,5.0,4.2274271133056835,2.7676487609768423,3.224587938285373,1.5725952490042923
observed,33,5,6.6,1.4798272920723003,2.2612347816085165,1.899265934901694,1.9565143017882396
weighted,18,8,2.25,2.635339455942587,1.7477910771611622,2.610777522845187,0.46839036908380643
22,87,11,7.909090909090909,3.728366878935793,3.082391707571642,3.0928663958147458,2.206728998362435
35,36,7,5.142857142857143,2.142464414433525,2.334940118708667,2.408631991843541,1.611550940935134
et,169,8,21.125,3.763600468442534,3.6448428768610532,2.610777522845187,3.5652880024763998
al,68,9,7.555555555555555,2.9416426304215073,2.8736715819355183,2.7890825177814342,2.143492315697772
their,79,14,5.642857142857143,5.043495762449231,3.0006824336571296,3.4579478277876654,1.7398528262260406
6,136,16,8.5,5.7637004740781,3.4608206234830234,3.660093358789312,2.306366892060224
32,55,9,6.111111111111111,2.9471773064312545,2.693943423876692,2.7890825177814342,1.8500898332592628
machine,66,6,11.0,2.218852140183361,2.8483838231560212,2.1752721023412476,2.6629021665797166
learning,149,7,21.285714285714285,3.7834851705841896,3.5381514867986077,2.408631991843541,3.5757684909768774
probability,41,8,5.125,2.5501296071667268,2.445105133791752,2.610777522845187,1.6067410730826597
version,14,7,2.0,2.2135290804982004,1.5349084025566282,2.408631991843541,0.30551579272135426
weights,27,13,2.076923076923077,4.813470114367191,2.091251248800821,3.3457600112148747,0.3577044623182146
resulting,16,6,2.6666666666666665,1.7536346875965576,1.6480197754293502,2.1752721023412476,0.7033328078503631
like,18,11,1.6363636363636365,3.9717422844832058,1.7477910771611622,3.0928663958147458,0.02802120846638372
here,33,12,2.75,4.3397495914200865,2.2612347816085165,3.224587938285373,0.7458849533387771
assumed,12,6,2.0,1.7796078007700256,1.404330905521504,2.1752721023412476,0.30551579272135426
7,123,16,7.6875,5.794343325392252,3.375714346978915,3.660093358789312,2.1674326645741204
2,763,20,38.15,9.472872362812838,4.921692300318742,3.997897606789944,4.382638691079526
being,37,11,3.3636363636363638,3.876394315539738,2.358149159854792,3.0928663958147458,1.0244180923653736
stratification,114,10,11.4,3.367524159346356,3.311348432055676,2.94858177084582,2.7122944032449756
cation,18,7,2.5714285714285716,2.1886127100317236,1.7477910771611622,2.408631991843541,0.6530423343146643
applications,27,6,4.5,1.7337555192974885,2.091251248800821,2.1752721023412476,1.4268989757042763
usually,22,9,2.4444444444444446,3.0590559080741744,1.9177746099688584,2.7890825177814342,0.5830103769763251
17,45,11,4.090909090909091,3.8424170089236585,2.523959891068996,3.0928663958147458,1.2951006647493215
works,24,7,3.4285714285714284,2.161018136855794,1.991479947069009,2.408631991843541,1.0508593494436729
3,294,18,16.333333333333332,6.519706386062749,4.113853367513584,3.8383983537255593,3.209554697250057
stratify,14,8,1.75,2.660527966493362,1.5349084025566282,2.610777522845187,0.12086382749049658
table,150,14,10.714285714285714,4.886263560282782,3.543817574884676,3.4579478277876654,2.6265096553890785
set,138,13,10.615384615384615,4.48834357827109,3.4731869308536307,3.3457600112148747,2.613685740176397
rows,46,3,15.333333333333334,3.0587866895330187,2.5425777176664672,1.1259562663971225,3.122188662070998
group,46,11,4.181818181818182,3.838435341683104,2.5425777176664672,3.0928663958147458,1.3254938797040963
note,43,10,4.3,3.4086944676993607,2.4854497591456743,2.94858177084582,1.3640319857602803
performed,52,8,6.5,2.5470912895834688,2.6464313261452017,2.610777522845187,1.9354018975988767
budget,43,2,21.5,4.798800402013157,2.4854497591456743,0.5121458509569364,3.589620048663688
characteristics,59,6,9.833333333333334,2.081025506532241,2.7534118374382275,2.1752721023412476,2.507862373857894
once,13,6,2.1666666666666665,1.7722115033939791,1.4721332430501923,2.1752721023412476,0.4162016994869461
final,24,6,4.0,1.7315286670834846,1.991479947069009,2.1752721023412476,1.264024399341824
step,33,6,5.5,1.7553476245529538,2.2612347816085165,2.1752721023412476,1.7043935599592468
assigned,14,6,2.3333333333333335,1.7654126876339178,1.5349084025566282,2.1752721023412476,0.5186808426195055
uniformly,10,1,10.0,2.1318835993066867,1.2498905062421748,-0.5371699849871888,2.531103855624762
determined,17,11,1.5454545454545454,3.9773120430218816,1.6993734988405087,3.0928663958147458,-0.05101948179813843
n,573,19,30.157894736842106,7.879509387969248,4.679112896202117,3.9202476248119167,4.057563050003572
rstrata,9,1,9.0,1.8739755619519085,1.1606420356136578,-0.5371699849871888,2.385407582324746
let,43,11,3.909090909090909,3.8505584836879634,2.4854497591456743,3.0928663958147458,1.2322336748053255
without,39,14,2.7857142857142856,5.20123108951332,2.4027424562373554,3.4579478277876654,0.7637282410802558
replacement,17,6,2.8333333333333335,1.7486677593322508,1.6993734988405087,2.1752721023412476,0.7871666939482935
s1,44,3,14.666666666666666,2.9039902415946752,2.504923651516363,1.1259562663971225,3.0607191817087256
s2,64,8,8.0,2.572022238104344,2.8223178585243596,2.610777522845187,2.2225330059622936
si,26,3,8.666666666666666,1.528797756427766,2.059282284597697,1.1259562663971225,2.3332189127278853
estimated,39,11,3.5454545454545454,3.867548686938902,2.4027424562373554,3.0928663958147458,1.0972157218524452
shown,29,9,3.2222222222222223,3.0240102920092786,2.151782494384479,2.7890825177814342,0.9650233845054753
question,22,9,2.4444444444444446,3.0590559080741744,1.9177746099688584,2.7890825177814342,0.5830103769763251
split,124,8,15.5,3.084713994666865,3.382573307616179,2.610777522845187,3.1371383818736107
minimize,35,7,5.0,2.142113183186786,2.311077216464462,2.408631991843541,1.5725952490042923
follows,22,10,2.2,3.504834378142861,1.9177746099688584,2.94858177084582,0.43731410367630924
see,50,9,5.555555555555555,2.95521987907448,2.613208361697513,2.7890825177814342,1.7182915223043083
i,812,17,47.76470588235294,9.243209925625829,4.97441632924928,3.751869503169961,4.6934465360210185
iσ2,10,1,10.0,2.1318835993066867,1.2498905062421748,-0.5371699849871888,2.531103855624762
theory,37,7,5.285714285714286,2.1431616926573387,2.358149159854792,2.408631991843541,1.6494392182136544
types,27,12,2.25,4.369008882288475,2.091251248800821,3.224587938285373,0.46839036908380643
including,16,9,1.7777777777777777,3.0936757597367044,1.6480197754293502,2.7890825177814342,0.1426412163589021
across,24,9,2.6666666666666665,3.0484473852543363,1.991479947069009,2.7890825177814342,0.7033328078503631
section,70,10,7.0,3.339930936416989,2.898226258011967,2.94858177084582,2.037881040731436
studies,36,7,5.142857142857143,2.142464414433525,2.334940118708667,2.408631991843541,1.611550940935134
they,89,13,6.846153846153846,4.574616567108727,3.101644286548386,3.3457600112148747,2.0071500957436186
very,49,12,4.083333333333333,4.2692814734120805,2.5960951127789156,3.224587938285373,1.2925374840091175
true,30,9,3.3333333333333335,3.0194848219466026,2.1804997194293376,2.7890825177814342,1.0119036575128313
especially,25,7,3.5714285714285716,2.1575882153083277,2.0260593201500083,2.408631991843541,1.1073094572771482
text,8,6,1.3333333333333333,1.8150128756359525,1.0608707338818455,2.1752721023412476,-0.25517579877010677
out,68,11,6.181818181818182,3.766229299622794,2.8736715819355183,3.0928663958147458,1.8659977314428013
little,12,8,1.5,2.6742082962762694,1.404330905521504,2.610777522845187,-0.09230122240765451
say,21,8,2.625,2.6183895465988156,1.8783685741962868,2.610777522845187,0.6815554189819576
bounded,18,2,9.0,1.6894074974933044,1.7477910771611622,0.5121458509569364,2.385407582324746
v,146,13,11.23076923076923,4.4833692231857185,3.5209222078804445,3.3457600112148747,2.691612587760141
general,27,8,3.375,2.589621373931668,2.091251248800821,2.610777522845187,1.0290819605752675
whether,21,9,2.3333333333333335,3.0645363982331473,1.8783685741962868,2.7890825177814342,0.5186808426195055
solution,55,9,6.111111111111111,2.9471773064312545,2.693943423876692,2.7890825177814342,1.8500898332592628
consists,18,11,1.6363636363636365,3.9717422844832058,1.7477910771611622,3.0928663958147458,0.02802120846638372
achieved,43,8,5.375,2.5477284062115975,2.4854497591456743,2.610777522845187,1.6726028354227485
m,110,12,9.166666666666666,4.109231002714732,3.281092465424197,3.224587938285373,2.4107814247507235
find,21,7,3.0,2.173323999807144,1.8783685741962868,2.408631991843541,0.8662073842128154
then,192,16,12.0,5.68085073314828,3.752927071711523,3.660093358789312,2.7832245974537546
multielementssr,9,1,9.0,1.8739755619519085,1.1606420356136578,-0.5371699849871888,2.385407582324746
now,59,10,5.9,3.3602332450890358,2.7534118374382275,2.94858177084582,1.801474509066417
need,36,13,2.769230769230769,4.770444180279595,2.334940118708667,3.3457600112148747,0.7555214774472233
simple,113,16,7.0625,5.820758381497698,3.3038851502038646,3.660093358789312,2.050172993785828
o,42,9,4.666666666666667,2.974835519693766,2.4655176157437917,2.7890825177814342,1.4771894492399755
constant,24,6,4.0,1.7315286670834846,1.991479947069009,2.1752721023412476,1.264024399341824
end,14,6,2.3333333333333335,1.7654126876339178,1.5349084025566282,2.1752721023412476,0.5186808426195055
rate,31,9,3.4444444444444446,3.0150813028256445,2.2082752245211696,2.7890825177814342,1.0572465922702192
order,32,9,3.5555555555555554,3.0108002697333953,2.2351688169768553,2.7890825177814342,1.101149822979372
compared,41,9,4.555555555555555,2.977865020229023,2.445105133791752,2.7890825177814342,1.4438664967202068
clearly,16,6,2.6666666666666665,1.7536346875965576,1.6480197754293502,2.1752721023412476,0.7033328078503631
either,20,11,1.8181818181818181,3.960764461235918,1.8370395477896793,3.0928663958147458,0.17371748176639948
greater,24,9,2.6666666666666665,3.0484473852543363,1.991479947069009,2.7890825177814342,0.7033328078503631
construct,10,6,1.6666666666666667,1.7961627204265262,1.2498905062421748,2.1752721023412476,0.05339505089236146
certain,32,10,3.2,3.4545927585971015,2.2351688169768553,2.94858177084582,0.955453549679356
point,47,9,5.222222222222222,2.9616081366881333,2.5607951296923113,2.7890825177814342,1.6327280104481505
single,33,10,3.3,3.4500087483580897,2.2612347816085165,2.94858177084582,0.99800569516777
increasing,19,9,2.111111111111111,3.0758466960375985,1.7935901773210075,2.7890825177814342,0.38028187181259115
value,134,16,8.375,5.768140351655108,3.448271104905796,3.660093358789312,2.285880063820648
will,143,17,8.411764705882353,6.1850100686233285,3.503335202232214,3.751869503169961,2.2919371721183697
though,9,6,1.5,1.8053051819952584,1.1606420356136578,2.1752721023412476,-0.09230122240765451
limited,13,7,1.8571428571428572,2.220549668372045,1.4721332430501923,2.408631991843541,0.20303664958879517
total,171,17,10.058823529411764,6.132166328429346,3.6548086036953342,3.751869503169961,2.5392143516805046
least,11,6,1.8333333333333333,1.7875941634100148,1.3306255684213535,2.1752721023412476,0.18519336184731613
next,18,9,2.0,3.0816752216258525,1.7477910771611622,2.7890825177814342,0.30551579272135426
right,11,7,1.5714285714285714,2.235520229697045,1.3306255684213535,2.408631991843541,-0.027971688050834977
thus,92,16,5.75,5.884116757478154,3.129726759213972,3.660093358789312,1.7658630403215194
4,207,18,11.5,6.51816317702595,3.816647102493288,3.8383983537255593,2.7243716469419885
observe,20,6,3.3333333333333335,1.7375165661556542,1.8370395477896793,2.1752721023412476,1.0119036575128313
fact,15,8,1.875,2.6539573180616016,1.593350677881833,2.610777522845187,0.2162696272548135
n2,49,8,6.125,2.545452978912006,2.5960951127789156,2.610777522845187,1.8532290755005785
hand,16,6,2.6666666666666665,1.7536346875965576,1.6480197754293502,2.1752721023412476,0.7033328078503631
know,23,9,2.5555555555555554,3.0536926974150895,1.9554286761189623,2.7890825177814342,0.6444798573385971
whereas,15,8,1.875,2.6539573180616016,1.593350677881833,2.610777522845187,0.2162696272548135
equally,9,6,1.5,1.8053051819952584,1.1606420356136578,2.1752721023412476,-0.09230122240765451
equal,67,13,5.153846153846154,4.643551659403844,2.861122063358291,3.3457600112148747,1.6145025655635954
up,25,10,2.5,3.488931128791239,2.0260593201500083,2.94858177084582,0.6140866423838225
factors,38,9,4.222222222222222,2.9877147086844595,2.3807392188685124,2.7890825177814342,1.3387904784330609
always,15,6,2.5,1.7592182807292909,1.593350677881833,2.1752721023412476,0.6140866423838225
senate,17,1,17.0,3.9570952679550113,1.6993734988405087,-0.5371699849871888,3.264875498680694
due,63,12,5.25,4.2169707488085795,2.8089777873834496,3.224587938285373,1.6400640256024277
resources,24,12,2.0,4.384202500891182,1.991479947069009,3.224587938285373,0.30551579272135426
practice,16,8,2.0,2.647568143136568,1.6480197754293502,2.610777522845187,0.30551579272135426
good,24,12,2.0,4.384202500891182,1.991479947069009,3.224587938285373,0.30551579272135426
making,11,8,1.375,2.6813152274307064,1.3306255684213535,2.610777522845187,-0.21262365328169266
problems,26,10,2.6,3.483786900920807,2.059282284597697,2.94858177084582,0.6683224413159391
variances,44,8,5.5,2.5468353700899584,2.504923651516363,2.610777522845187,1.7043935599592468
previous,17,8,2.125,2.6413617586142877,1.6993734988405087,2.610777522845187,0.38934967881928456
approach,66,11,6.0,3.771554291182344,2.8483838231560212,3.0928663958147458,1.8247159908332848
what,28,8,3.5,2.585504472457193,2.122057444104133,2.610777522845187,1.0793724341109665
way,32,11,2.909090909090909,3.8995179600443097,2.2351688169768553,3.0928663958147458,0.8236552387244014
reduce,26,11,2.3636363636363638,3.929140606066816,2.059282284597697,3.0928663958147458,0.5365241303609845
issue,22,6,3.6666666666666665,1.7332456138429237,1.9177746099688584,2.1752721023412476,1.143701968467786
decrease,27,3,9.0,1.6035795331900098,2.091251248800821,1.1259562663971225,2.385407582324746
increase,59,12,4.916666666666667,4.231004639033489,2.7534118374382275,3.224587938285373,1.5493537672374242
simply,18,6,3.0,1.7443227637712917,1.7477910771611622,2.1752721023412476,0.8662073842128154
according,42,10,4.2,3.4124510734897537,2.4655176157437917,2.94858177084582,1.3314931759399595
ones,9,7,1.2857142857142858,2.251709161942617,1.1606420356136578,2.408631991843541,-0.30546627230580553
drawn,54,10,5.4,3.372996349155757,2.6784002903483257,2.94858177084582,1.6790197175332695
keys,8,1,8.0,1.6177985932376384,1.0608707338818455,-0.5371699849871888,2.2225330059622936
strategy,38,6,6.333333333333333,1.790262339467854,2.3807392188685124,2.1752721023412476,1.8994820699245216
instead,12,8,1.5,2.6742082962762694,1.404330905521504,2.610777522845187,-0.09230122240765451
until,12,7,1.7142857142857142,2.227881070755732,1.404330905521504,2.408631991843541,0.09235074282320302
enough,22,9,2.4444444444444446,3.0590559080741744,1.9177746099688584,2.7890825177814342,0.5830103769763251
variable,64,12,5.333333333333333,4.213577745675066,2.8223178585243596,3.224587938285373,1.661841414470833
included,17,7,2.4285714285714284,2.19436137613984,1.6993734988405087,2.408631991843541,0.5740016440501421
di,34,8,4.25,2.5649546849368043,2.2865225403880136,2.610777522845187,1.347858285439754
respectively,43,11,3.909090909090909,3.8505584836879634,2.4854497591456743,3.0928663958147458,1.2322336748053255
0,123,14,8.785714285714286,4.926689594567507,3.375714346978915,3.4579478277876654,2.352084629804978
sr,19,2,9.5,1.8137168446642986,1.7935901773210075,0.5121458509569364,2.460173661415983
e,119,14,8.5,4.934734604800614,3.347709250610301,3.4579478277876654,2.306366892060224
d,64,12,5.333333333333333,4.213577745675066,2.8223178585243596,3.224587938285373,1.661841414470833
independently,12,9,1.3333333333333333,3.1190320169440633,1.404330905521504,2.7890825177814342,-0.25517579877010677
ni,56,7,8.0,2.2207576467795067,2.709206485651638,2.408631991843541,2.2225330059622936
selected,318,14,22.714285714285715,5.180770418470365,4.180324868931129,3.4579478277876654,3.6655945833185233
process,42,12,3.5,4.298737361553525,2.4655176157437917,3.224587938285373,1.0793724341109665
vary,15,10,1.5,3.544640768269513,1.593350677881833,2.94858177084582,-0.09230122240765451
dev,38,6,6.333333333333333,1.790262339467854,2.3807392188685124,2.1752721023412476,1.8994820699245216
sampled,22,6,3.6666666666666665,1.7332456138429237,1.9177746099688584,2.1752721023412476,1.143701968467786
βelements,8,1,8.0,1.6177985932376384,1.0608707338818455,-0.5371699849871888,2.2225330059622936
evicting,8,1,8.0,1.6177985932376384,1.0608707338818455,-0.5371699849871888,2.2225330059622936
9,54,13,4.153846153846154,4.69264456822564,2.6784002903483257,3.3457600112148747,1.3162130689386846
10,101,16,6.3125,5.8556690308191355,3.2087860997576385,3.660093358789312,1.8949257705358407
11,116,16,7.25,5.81257650015209,3.326080577479488,3.660093358789312,2.086406567488397
amount,20,6,3.3333333333333335,1.7375165661556542,1.8370395477896793,2.1752721023412476,1.0119036575128313
get,43,9,4.777777777777778,2.9719335437816876,2.4854497591456743,2.7890825177814342,1.5097282590602963
takes,6,6,1.0,1.8360875757937958,0.8171818639739992,2.1752721023412476,-0.6529928138991155
special,9,6,1.5,1.8053051819952584,1.1606420356136578,2.1752721023412476,-0.09230122240765451
use,125,18,6.944444444444445,6.669350030669542,3.3893771756053472,3.8383983537255593,2.026862371966776
lemma,11,1,11.0,2.390962590857764,1.3306255684213535,-0.5371699849871888,2.6629021665797166
cost,156,12,13.0,4.1101115966876804,3.577040539332365,3.224587938285373,2.8939105042193467
expected,22,9,2.4444444444444446,3.0590559080741744,1.9177746099688584,2.7890825177814342,0.5830103769763251
low,16,7,2.2857142857142856,2.2004321166318164,1.6480197754293502,2.408631991843541,0.49016775795221196
still,22,9,2.4444444444444446,3.0590559080741744,1.9177746099688584,2.7890825177814342,0.5830103769763251
because,64,13,4.923076923076923,4.654339988723543,2.8223178585243596,3.3457600112148747,1.551155507705241
necessary,16,7,2.2857142857142856,2.2004321166318164,1.6480197754293502,2.408631991843541,0.49016775795221196
reduced,12,6,2.0,1.7796078007700256,1.404330905521504,2.1752721023412476,0.30551579272135426
affect,7,6,1.1666666666666667,1.825276782848588,0.9477593610091233,2.1752721023412476,-0.43982776400096424
parameters,89,13,6.846153846153846,4.574616567108727,3.101644286548386,3.3457600112148747,2.0071500957436186
program,32,4,8.0,1.4511848556585465,2.2351688169768553,1.5614616869010618,2.2225330059622936
subject,14,6,2.3333333333333335,1.7654126876339178,1.5349084025566282,2.1752721023412476,0.5186808426195055
approaches,45,7,6.428571428571429,2.1611225081377246,2.523959891068996,2.408631991843541,1.920121790597602
application,15,7,2.142857142857143,2.206822273529007,1.593350677881833,2.408631991843541,0.40092159248567116
items,15,8,1.875,2.6539573180616016,1.593350677881833,2.610777522845187,0.2162696272548135
would,113,14,8.071428571428571,4.947783276123434,3.3038851502038646,3.4579478277876654,2.2348249590166858
min,21,3,7.0,1.1620097555575348,1.8783685741962868,1.1259562663971225,2.037881040731436
required,31,10,3.1,3.4592578008400032,2.2082752245211696,2.94858177084582,0.9115503189702033
direct,8,6,1.3333333333333333,1.8150128756359525,1.0608707338818455,2.1752721023412476,-0.25517579877010677
implementation,6,6,1.0,1.8360875757937958,0.8171818639739992,2.1752721023412476,-0.6529928138991155
apply,16,6,2.6666666666666665,1.7536346875965576,1.6480197754293502,2.1752721023412476,0.7033328078503631
overall,22,10,2.2,3.504834378142861,1.9177746099688584,2.94858177084582,0.43731410367630924
search,14,6,2.3333333333333335,1.7654126876339178,1.5349084025566282,2.1752721023412476,0.5186808426195055
feasible,18,2,9.0,1.6894074974933044,1.7477910771611622,0.5121458509569364,2.385407582324746
ways,13,6,2.1666666666666665,1.7722115033939791,1.4721332430501923,2.1752721023412476,0.4162016994869461
oversized,23,1,23.0,5.530933502877365,1.9554286761189623,-0.5371699849871888,3.6828802535624585
impact,26,5,5.2,1.3697841357504765,2.059282284597697,1.899265934901694,1.6268310479364088
last,17,9,1.8888888888888888,3.08761846323912,1.6993734988405087,2.7890825177814342,0.22647510245683236
l,214,11,19.454545454545453,4.066621312358844,3.8448185304764144,3.0928663958147458,3.451374939955783
consideration,16,7,2.2857142857142856,2.2004321166318164,1.6480197754293502,2.408631991843541,0.49016775795221196
j,98,8,12.25,2.7921037027522986,3.1832441543264207,2.610777522845187,2.8117376821210485
again,19,8,2.375,2.6295024999199064,1.7935901773210075,2.610777522845187,0.5431564481750432
statement,15,6,2.5,1.7592182807292909,1.593350677881833,2.1752721023412476,0.6140866423838225
clear,16,8,2.0,2.647568143136568,1.6480197754293502,2.610777522845187,0.30551579272135426
corresponding,25,12,2.0833333333333335,4.379096566505573,2.0260593201500083,3.224587938285373,0.36196590055482963
20,98,12,8.166666666666666,4.126488740240285,3.1832441543264207,3.224587938285373,2.251046090629587
24,33,11,3.0,3.8947786657050476,2.2612347816085165,3.0928663958147458,0.8662073842128154
50,66,16,4.125,5.976925161641767,2.8483838231560212,3.660093358789312,1.306576544830238
45,38,6,6.333333333333333,1.790262339467854,2.3807392188685124,2.1752721023412476,1.8994820699245216
60,63,8,7.875,2.568833043541426,2.8089777873834496,2.610777522845187,2.2007556170938884
formula,21,8,2.625,2.6183895465988156,1.8783685741962868,2.610777522845187,0.6815554189819576
therefore,61,13,4.6923076923076925,4.665454621109996,2.7816503526593803,3.3457600112148747,1.4847666496418193
becomes,13,6,2.1666666666666665,1.7722115033939791,1.4721332430501923,2.1752721023412476,0.4162016994869461
numbers,29,5,5.8,1.4104754964035122,2.151782494384479,1.899265934901694,1.7778357178259292
q,76,5,15.2,2.815149798648054,2.967888260416017,1.899265934901694,3.110111418373984
x,114,12,9.5,4.105075619498473,3.311348432055676,3.224587938285373,2.460173661415983
y,299,13,23.0,4.8715671021350655,4.128138309929824,3.3457600112148747,3.6828802535624585
z,171,4,42.75,8.912742664036642,3.6548086036953342,1.5614616869010618,4.540065451019374
12,127,16,7.9375,5.784466999792566,3.402823124755332,3.660093358789312,2.211687180846808
exist,10,6,1.6666666666666667,1.7961627204265262,1.2498905062421748,2.1752721023412476,0.05339505089236146
13,69,13,5.3076923076923075,4.636541846979512,2.8860378893061256,3.3457600112148747,1.6551771335559275
procedure,75,12,6.25,4.179341758304118,2.9566685333371714,3.224587938285373,1.8811660986667602
w,133,11,12.090909090909092,3.734267380752845,3.4419259290907998,3.0928663958147458,2.7936611421881725
similar,42,12,3.5,4.298737361553525,2.4655176157437917,3.224587938285373,1.0793724341109665
provide,33,11,3.0,3.8947786657050476,2.2612347816085165,3.0928663958147458,0.8662073842128154
linear,8,6,1.3333333333333333,1.8150128756359525,1.0608707338818455,2.1752721023412476,-0.25517579877010677
21,48,11,4.363636363636363,3.830651073300935,2.5786289886165137,3.0928663958147458,1.3843468302158621
require,12,7,1.7142857142857142,2.227881070755732,1.404330905521504,2.408631991843541,0.09235074282320302
just,16,11,1.4545454545454546,3.9829353987485723,1.6480197754293502,3.0928663958147458,-0.13485336789606855
27,29,8,3.625,2.5815838422813266,2.151782494384479,2.610777522845187,1.1278979608679276
43,25,9,2.7777777777777777,3.043320581203494,2.0260593201500083,2.7890825177814342,0.7597829156838382
those,40,10,4.0,3.420216215590145,2.424188589337184,2.94858177084582,1.264024399341824
additional,23,8,2.875,2.6080324387991625,1.9554286761189623,2.610777522845187,0.8073544337010493
reason,20,7,2.857142857142857,2.1780916587770363,1.8370395477896793,2.408631991843541,0.79873860761468
beyond,7,6,1.1666666666666667,1.825276782848588,0.9477593610091233,2.1752721023412476,-0.43982776400096424
give,17,8,2.125,2.6413617586142877,1.6993734988405087,2.610777522845187,0.38934967881928456
us,34,13,2.6153846153846154,4.779772323802206,2.2865225403880136,3.3457600112148747,0.6764807871827015
selecting,38,8,4.75,2.5552645248761503,2.3807392188685124,2.610777522845187,1.501665054795513
focus,9,6,1.5,1.8053051819952584,1.1606420356136578,2.1752721023412476,-0.09230122240765451
full,10,7,1.4285714285714286,2.2434640013974523,1.2498905062421748,2.408631991843541,-0.1597699990057897
whole,30,11,2.727272727272727,3.909166947308549,2.1804997194293376,3.0928663958147458,0.7344090732578604
records,14,2,7.0,1.192392676912969,1.5349084025566282,0.5121458509569364,2.037881040731436
created,10,7,1.4285714285714286,2.2434640013974523,1.2498905062421748,2.408631991843541,-0.1597699990057897
could,66,12,5.5,4.206931090325111,2.8483838231560212,3.224587938285373,1.7043935599592468
run,17,6,2.8333333333333335,1.7486677593322508,1.6993734988405087,2.1752721023412476,0.7871666939482935
source,21,7,3.0,2.173323999807144,1.8783685741962868,2.408631991843541,0.8662073842128154
access,9,6,1.5,1.8053051819952584,1.1606420356136578,2.1752721023412476,-0.09230122240765451
evaluate,23,8,2.875,2.6080324387991625,1.9554286761189623,2.610777522845187,0.8073544337010493
samplers,12,1,12.0,2.650869234130247,1.404330905521504,-0.5371699849871888,2.7832245974537546
estimates,73,11,6.636363636363637,3.754023691219162,2.93377316633294,3.0928663958147458,1.9641123187793017
80,53,7,7.571428571428571,2.2006127119759493,2.6625666141964617,2.408631991843541,2.1463943852065928
relative,51,10,5.1,3.381700490644964,2.629982712027672,2.94858177084582,1.5999790272687473
fraction,13,9,1.4444444444444444,3.1125252569729787,1.4721332430501923,2.7890825177814342,-0.1444898920045148
200,27,10,2.7,3.478721684976106,2.091251248800821,2.94858177084582,0.7205111109127994
count,63,5,12.6,2.345263304420262,2.8089777873834496,1.899265934901694,2.8506933740518896
figure,157,8,19.625,3.5661660992317543,3.5824531904035912,2.610777522845187,3.463438136084356
openaq,13,1,13.0,2.9113818776869285,1.4721332430501923,-0.5371699849871888,2.8939105042193467
dataset,189,10,18.9,3.787476976173942,3.739587000570613,2.94858177084582,3.411384965543351
asrs,14,1,14.0,3.1723512312917093,1.5349084025566282,-0.5371699849871888,2.9963896473519056
proportional,105,11,9.545454545454545,3.714125006690217,3.241686429651625,3.0928663958147458,2.4667743212679425
parameter,39,12,3.25,4.3120195774964545,2.4027424562373554,3.224587938285373,0.9768932909784073
determine,21,9,2.3333333333333335,3.0645363982331473,1.8783685741962868,2.7890825177814342,0.5186808426195055
between,87,11,7.909090909090909,3.728366878935793,3.082391707571642,3.0928663958147458,2.206728998362435
37,17,7,2.4285714285714284,2.19436137613984,1.6993734988405087,2.408631991843541,0.5740016440501421
generate,29,7,4.142857142857143,2.147270580339907,2.151782494384479,2.408631991843541,1.3125499260987854
type,41,11,3.727272727272727,3.858936221476977,2.445105133791752,3.0928663958147458,1.1663719124652365
stratifying,11,6,1.8333333333333333,1.7875941634100148,1.3306255684213535,2.1752721023412476,0.18519336184731613
were,199,12,16.583333333333332,4.20614734553916,3.783260435849612,3.224587938285373,3.2305601990688806
specified,16,6,2.6666666666666665,1.7536346875965576,1.6480197754293502,2.1752721023412476,0.7033328078503631
five,9,6,1.5,1.8053051819952584,1.1606420356136578,2.1752721023412476,-0.09230122240765451
discussion,12,6,2.0,1.7796078007700256,1.404330905521504,2.1752721023412476,0.30551579272135426
difference,18,8,2.25,2.635339455942587,1.7477910771611622,2.610777522845187,0.46839036908380643
less,41,13,3.1538461538461537,4.7477148053702924,2.445105133791752,3.3457600112148747,0.9353635748256063
comparison,44,11,4.0,3.8464581186426976,2.504923651516363,3.0928663958147458,1.264024399341824
generally,19,10,1.9,3.521435983121933,1.7935901773210075,2.94858177084582,0.23458559851257504
fixed,66,8,8.25,2.5789979626412274,2.8483838231560212,2.610777522845187,2.2650851514507075
better,63,12,5.25,4.2169707488085795,2.8089777873834496,3.224587938285373,1.6400640256024277
nearly,7,6,1.1666666666666667,1.825276782848588,0.9477593610091233,2.1752721023412476,-0.43982776400096424
1k,16,2,8.0,1.4408440559517086,1.6480197754293502,0.5121458509569364,2.2225330059622936
performance,171,8,21.375,3.7974387637658893,3.6548086036953342,2.610777522845187,3.581556844398905
having,12,8,1.5,2.6742082962762694,1.404330905521504,2.610777522845187,-0.09230122240765451
sensitivity,33,6,5.5,1.7553476245529538,2.2612347816085165,2.1752721023412476,1.7043935599592468
makes,13,7,1.8571428571428572,2.220549668372045,1.4721332430501923,2.408631991843541,0.20303664958879517
evaluating,12,7,1.7142857142857142,2.227881070755732,1.404330905521504,2.408631991843541,0.09235074282320302
knowledge,48,8,6.0,2.5453181123448867,2.5786289886165137,2.610777522845187,1.8247159908332848
four,27,10,2.7,3.478721684976106,2.091251248800821,2.94858177084582,0.7205111109127994
2016,27,6,4.5,1.7337555192974885,2.091251248800821,2.1752721023412476,1.4268989757042763
errors,28,5,5.6,1.3957747358065578,2.122057444104133,1.899265934901694,1.7293101910689683
take,32,14,2.2857142857142856,5.233561005908837,2.2351688169768553,3.4579478277876654,0.49016775795221196
place,8,7,1.1428571428571428,2.260252413031539,1.0608707338818455,2.408631991843541,-0.46834084866825787
often,35,8,4.375,2.5622290566161117,2.311077216464462,2.610777522845187,1.3879432837734345
123456789,11,1,11.0,2.390962590857764,1.3306255684213535,-0.5371699849871888,2.6629021665797166
2error,11,1,11.0,2.390962590857764,1.3306255684213535,-0.5371699849871888,2.6629021665797166
remains,8,6,1.3333333333333333,1.8150128756359525,1.0608707338818455,2.1752721023412476,-0.25517579877010677
termed,7,6,1.1666666666666667,1.825276782848588,0.9477593610091233,2.1752721023412476,-0.43982776400096424
described,20,9,2.2222222222222223,3.0701335398257665,1.8370395477896793,2.7890825177814342,0.45121206602137026
report,29,6,4.833333333333333,1.7384320333809786,2.151782494384479,2.1752721023412476,1.5257149759969364
compare,37,11,3.3636363636363638,3.876394315539738,2.358149159854792,3.0928663958147458,1.0244180923653736
about,60,15,4.0,5.556477427175496,2.7676487609768423,3.5623921862860053,1.264024399341824
conclusions,10,6,1.6666666666666667,1.7961627204265262,1.2498905062421748,2.1752721023412476,0.05339505089236146
presented,55,7,7.857142857142857,2.2137280148265654,2.693943423876692,2.408631991843541,2.1976163748525726
several,27,10,2.7,3.478721684976106,2.091251248800821,2.94858177084582,0.7205111109127994
research,67,9,7.444444444444445,2.941277022538783,2.861122063358291,2.7890825177814342,2.1230054874581956
references,10,9,1.1111111111111112,3.1323767660136443,1.2498905062421748,2.7890825177814342,-0.5072965405990995
heterogeneous,19,6,3.1666666666666665,1.7406043584312332,1.7935901773210075,2.1752721023412476,0.9409734633040518
information,99,17,5.823529411764706,6.304016323595682,3.1918439947956796,3.751869503169961,1.783434250223769
39,14,6,2.3333333333333335,1.7654126876339178,1.5349084025566282,2.1752721023412476,0.5186808426195055
wang,30,5,6.0,1.4262672619459456,2.1804997194293376,1.899265934901694,1.8247159908332848
models,141,8,17.625,3.320028937849916,3.4914043428794743,2.610777522845187,3.314802784922533
areas,75,6,12.5,2.4176457162587077,2.9566685333371714,2.1752721023412476,2.83967470528723
2015,31,5,6.2,1.4431142168061473,2.2082752245211696,1.899265934901694,1.8700589255906734
28,35,8,4.375,2.5622290566161117,2.311077216464462,2.610777522845187,1.3879432837734345
techniques,38,9,4.222222222222222,2.9877147086844595,2.3807392188685124,2.7890825177814342,1.3387904784330609
third,10,7,1.4285714285714286,2.2434640013974523,1.2498905062421748,2.408631991843541,-0.1597699990057897
york,8,6,1.3333333333333333,1.8150128756359525,1.0608707338818455,2.1752721023412476,-0.25517579877010677
zhang,26,6,4.333333333333333,1.7323733196813733,2.059282284597697,2.1752721023412476,1.374710306107416
59,21,7,3.0,2.173323999807144,1.8783685741962868,2.408631991843541,0.8662073842128154
19,38,12,3.1666666666666665,4.316533775799839,2.3807392188685124,3.224587938285373,0.9409734633040518
model,155,8,19.375,3.534262400117422,3.571593079976508,2.610777522845187,3.4457092315360787
23,39,9,4.333333333333333,2.9843050253505408,2.4027424562373554,2.7890825177814342,1.374710306107416
datasets,74,7,10.571428571428571,2.3971933002234644,2.9452982014022973,2.408631991843541,2.6079478248341235
journal,36,6,6.0,1.7745043504004983,2.334940118708667,2.1752721023412476,1.8247159908332848
estimating,15,9,1.6666666666666667,3.099846442507252,1.593350677881833,2.7890825177814342,0.05339505089236146
complex,15,7,2.142857142857143,2.206822273529007,1.593350677881833,2.408631991843541,0.40092159248567116
clusters,9,6,1.5,1.8053051819952584,1.1606420356136578,2.1752721023412476,-0.09230122240765451
33,24,7,3.4285714285714284,2.161018136855794,1.991479947069009,2.408631991843541,1.0508593494436729
design,91,8,11.375,2.7301695014100225,3.1204689948199844,2.610777522845187,2.7092585389884887
34,39,9,4.333333333333333,2.9843050253505408,2.4027424562373554,2.7890825177814342,1.374710306107416
drawing,13,6,2.1666666666666665,1.7722115033939791,1.4721332430501923,2.1752721023412476,0.4162016994869461
series,13,7,1.8571428571428572,2.220549668372045,1.4721332430501923,2.408631991843541,0.20303664958879517
applied,75,8,9.375,2.620069341614901,2.9566685333371714,2.610777522845187,2.441857690158221
aspects,17,7,2.4285714285714284,2.19436137613984,1.6993734988405087,2.408631991843541,0.5740016440501421
representative,28,8,3.5,2.585504472457193,2.122057444104133,2.610777522845187,1.0793724341109665
38,40,7,5.714285714285714,2.147325601655372,2.424188589337184,2.408631991843541,1.75724721423515
p,152,15,10.133333333333333,5.303254045067517,3.555037301963522,3.5623921862860053,2.5494198268825237
optimum,107,8,13.375,2.8828772637783846,3.2576694889289097,2.610777522845187,2.9332354939527354
li,34,5,6.8,1.4996195003156039,2.2865225403880136,1.899265934901694,1.9977960423977559
chapter,70,7,10.0,2.3503064394132642,2.898226258011967,2.408631991843541,2.531103855624762
list,73,7,10.428571428571429,2.385091567303295,2.93377316633294,2.408631991843541,2.589133444627582
members,22,2,11.0,2.186717698930431,1.9177746099688584,0.5121458509569364,2.6629021665797166
convenience,39,9,4.333333333333333,2.9843050253505408,2.4027424562373554,2.7890825177814342,1.374710306107416
summary,22,6,3.6666666666666665,1.7332456138429237,1.9177746099688584,2.1752721023412476,1.143701968467786
review,31,5,6.2,1.4431142168061473,2.2082752245211696,1.899265934901694,1.8700589255906734
individuals,30,3,10.0,1.8297291198653984,2.1804997194293376,1.1259562663971225,2.531103855624762
participants,19,1,19.0,4.481251962875712,1.7935901773210075,-0.5371699849871888,3.418682268036452
ts,34,2,17.0,3.679222653644543,2.2865225403880136,0.5121458509569364,3.264875498680694
generalize,14,1,14.0,3.1723512312917093,1.5349084025566282,-0.5371699849871888,2.9963896473519056
findings,18,2,9.0,1.6894074974933044,1.7477910771611622,0.5121458509569364,2.385407582324746
th,38,9,4.222222222222222,2.9877147086844595,2.3807392188685124,2.7890825177814342,1.3387904784330609
bias,16,6,2.6666666666666665,1.7536346875965576,1.6480197754293502,2.1752721023412476,0.7033328078503631
groups,43,12,3.5833333333333335,4.294397196634228,2.4854497591456743,3.224587938285373,1.1119112439312875
stage,32,4,8.0,1.4511848556585465,2.2351688169768553,1.5614616869010618,2.2225330059622936
effect,29,5,5.8,1.4104754964035122,2.151782494384479,1.899265934901694,1.7778357178259292
g,49,7,7.0,2.1782346594930235,2.5960951127789156,2.408631991843541,2.037881040731436
come,12,6,2.0,1.7796078007700256,1.404330905521504,2.1752721023412476,0.30551579272135426
few,13,8,1.625,2.6672787472915793,1.4721332430501923,2.610777522845187,0.018384684357937383
term,13,7,1.8571428571428572,2.220549668372045,1.4721332430501923,2.408631991843541,0.20303664958879517
people,34,8,4.25,2.5649546849368043,2.2865225403880136,2.610777522845187,1.347858285439754
means,55,13,4.230769230769231,4.6886534447992245,2.693943423876692,3.3457600112148747,1.3415869113646621
objects,30,3,10.0,1.8297291198653984,2.1804997194293376,1.1259562663971225,2.531103855624762
census,29,3,9.666666666666666,1.7540839077074695,2.151782494384479,1.1259562663971225,2.484223582617406
examples,28,6,4.666666666666667,1.735775832111276,2.122057444104133,2.1752721023412476,1.4771894492399755
training,212,10,21.2,3.9931965610390856,3.836864697291471,2.94858177084582,3.5701887835542068
studen,12,1,12.0,2.650869234130247,1.404330905521504,-0.5371699849871888,2.7832245974537546
psychology,11,1,11.0,2.390962590857764,1.3306255684213535,-0.5371699849871888,2.6629021665797166
programs,16,2,8.0,1.4408440559517086,1.6480197754293502,0.5121458509569364,2.2225330059622936
survey,101,10,10.1,3.341272811676667,3.2087860997576385,2.94858177084582,2.544863527493842
95,29,6,4.833333333333333,1.7384320333809786,2.151782494384479,2.1752721023412476,1.5257149759969364
researchers,25,4,6.25,1.1693046801842086,2.0260593201500083,1.5614616869010618,1.8811660986667602
differen,15,1,15.0,3.433673162565237,1.593350677881833,-0.5371699849871888,3.0917954471162226
per,33,11,3.0,3.8947786657050476,2.2612347816085165,3.0928663958147458,0.8662073842128154
written,9,7,1.2857142857142858,2.251709161942617,1.1606420356136578,2.408631991843541,-0.30546627230580553
ed,71,6,11.833333333333334,2.3266235484071838,2.9102417362160335,2.1752721023412476,2.7638839239531645
read,10,7,1.4285714285714286,2.2434640013974523,1.2498905062421748,2.408631991843541,-0.1597699990057897
differences,43,6,7.166666666666667,1.8396466026444436,2.4854497591456743,2.1752721023412476,2.070419850551757
chance,14,2,7.0,1.192392676912969,1.5349084025566282,0.5121458509569364,2.037881040731436
words,14,7,2.0,2.2135290804982004,1.5349084025566282,2.408631991843541,0.30551579272135426
rather,15,6,2.5,1.7592182807292909,1.593350677881833,2.1752721023412476,0.6140866423838225
students,45,2,22.5,5.047605493327547,2.523959891068996,0.5121458509569364,3.6524870386076835
particular,31,8,3.875,2.5743349379150593,2.2082752245211696,2.610777522845187,1.2201211686326714
taken,27,7,3.857142857142857,2.15174629860453,2.091251248800821,2.408631991843541,1.2137339258061253
appropriate,18,9,2.0,3.0816752216258525,1.7477910771611622,2.7890825177814342,0.30551579272135426
treated,13,6,2.1666666666666665,1.7722115033939791,1.4721332430501923,2.1752721023412476,0.4162016994869461
calculate,9,8,1.125,2.6960555901887613,1.1606420356136578,2.610777522845187,-0.4901182375366633
various,102,11,9.272727272727273,3.71502195562177,3.2171317535751762,3.0928663958147458,2.426689322934262
he,22,7,3.142857142857143,2.1688878575135835,1.9177746099688584,2.408631991843541,0.9305369185696349
extent,20,6,3.3333333333333335,1.7375165661556542,1.8370395477896793,2.1752721023412476,1.0119036575128313
h,113,11,10.272727272727273,3.7146292694829506,3.3038851502038646,3.0928663958147458,2.5683124397888752
nonprobability,8,1,8.0,1.6177985932376384,1.0608707338818455,-0.5371699849871888,2.2225330059622936
generalizing,7,1,7.0,1.3643281590068304,0.9477593610091233,-0.5371699849871888,2.037881040731436
represen,12,1,12.0,2.650869234130247,1.404330905521504,-0.5371699849871888,2.7832245974537546
test,118,6,19.666666666666668,3.5677969938772605,3.340560878985732,2.1752721023412476,3.4663709804783633
description,24,7,3.4285714285714284,2.161018136855794,1.991479947069009,2.408631991843541,1.0508593494436729
later,6,6,1.0,1.8360875757937958,0.8171818639739992,2.1752721023412476,-0.6529928138991155
want,15,7,2.142857142857143,2.206822273529007,1.593350677881833,2.408631991843541,0.40092159248567116
differ,17,6,2.8333333333333335,1.7486677593322508,1.6993734988405087,2.1752721023412476,0.7871666939482935
college,15,2,7.5,1.3166003929015753,1.593350677881833,0.5121458509569364,2.133286840495753
introductory,7,1,7.0,1.3643281590068304,0.9477593610091233,-0.5371699849871888,2.037881040731436
should,74,12,6.166666666666667,4.182218324746567,2.9452982014022973,3.224587938285373,1.8626042681118051
you,70,9,7.777777777777778,2.942769449922186,2.898226258011967,2.7890825177814342,2.183577314031452
political,10,1,10.0,2.1318835993066867,1.2498905062421748,-0.5371699849871888,2.531103855624762
con,28,5,5.6,1.3957747358065578,2.122057444104133,1.899265934901694,1.7293101910689683
randomly,55,7,7.857142857142857,2.2137280148265654,2.693943423876692,2.408631991843541,2.1976163748525726
cases,25,12,2.0833333333333335,4.379096566505573,2.0260593201500083,3.224587938285373,0.36196590055482963
too,14,9,1.5555555555555556,3.1061298357863727,1.5349084025566282,2.7890825177814342,-0.04201074887195552
avoid,12,6,2.0,1.7796078007700256,1.404330905521504,2.1752721023412476,0.30551579272135426
might,18,7,2.5714285714285716,2.1886127100317236,1.7477910771611622,2.408631991843541,0.6530423343146643
draw,25,7,3.5714285714285716,2.1575882153083277,2.0260593201500083,2.408631991843541,1.1073094572771482
moreover,15,6,2.5,1.7592182807292909,1.593350677881833,2.1752721023412476,0.6140866423838225
lists,24,2,12.0,2.4354270258066424,1.991479947069009,0.5121458509569364,2.7832245974537546
sometimes,14,7,2.0,2.2135290804982004,1.5349084025566282,2.408631991843541,0.30551579272135426
limitations,16,6,2.6666666666666665,1.7536346875965576,1.6480197754293502,2.1752721023412476,0.7033328078503631
sam,15,6,2.5,1.7592182807292909,1.593350677881833,2.1752721023412476,0.6140866423838225
region,41,5,8.2,1.6615823930896227,2.445105133791752,1.899265934901694,2.256678830040661
association,43,5,8.6,1.7143597915090987,2.4854497591456743,1.899265934901694,2.32254059238075
election,10,1,10.0,2.1318835993066867,1.2498905062421748,-0.5371699849871888,2.531103855624762
likely,23,6,3.8333333333333335,1.7320671502775518,1.9554286761189623,2.1752721023412476,1.2051714488300582
polls,9,1,9.0,1.8739755619519085,1.1606420356136578,-0.5371699849871888,2.385407582324746
landslide,260,2,130.0,31.7966156186993,4.00974918160054,0.5121458509569364,6.078007173743224
discussed,23,6,3.8333333333333335,1.7320671502775518,1.9554286761189623,2.1752721023412476,1.2051714488300582
systematic,37,6,6.166666666666667,1.7820895427854857,2.358149159854792,2.1752721023412476,1.8626042681118051
why,11,7,1.5714285714285714,2.235520229697045,1.3306255684213535,2.408631991843541,-0.027971688050834977
who,28,4,7.0,1.2832733355075163,2.122057444104133,1.5614616869010618,2.037881040731436
proportion,38,8,4.75,2.5552645248761503,2.3807392188685124,2.610777522845187,1.501665054795513
potential,8,6,1.3333333333333333,1.8150128756359525,1.0608707338818455,2.1752721023412476,-0.25517579877010677
depending,11,9,1.2222222222222223,3.125649420367648,1.3306255684213535,2.7890825177814342,-0.3754982296441447
name,13,7,1.8571428571428572,2.220549668372045,1.4721332430501923,2.408631991843541,0.20303664958879517
include,21,7,3.0,2.173323999807144,1.8783685741962868,2.408631991843541,0.8662073842128154
computer,28,4,7.0,1.2832733355075163,2.122057444104133,1.5614616869010618,2.037881040731436
individual,27,9,3.0,3.0334248870356704,2.091251248800821,2.7890825177814342,0.8662073842128154
columns,22,3,7.333333333333333,1.2341348448293237,1.9177746099688584,1.1259562663971225,2.1022105750882556
common,22,9,2.4444444444444446,3.0590559080741744,1.9177746099688584,2.7890825177814342,0.5830103769763251
column,72,5,14.4,2.667432575179617,2.922089160256172,1.899265934901694,3.0353453392827476
ess,51,2,25.5,5.794034671832223,2.629982712027672,0.5121458509569364,3.8255670901721546
software,42,6,7.0,1.8286635101974036,2.4655176157437917,2.1752721023412476,2.037881040731436
mentioned,12,7,1.7142857142857142,2.227881070755732,1.404330905521504,2.408631991843541,0.09235074282320302
perform,17,7,2.4285714285714284,2.19436137613984,1.6993734988405087,2.408631991843541,0.5740016440501421
characteristic,50,8,6.25,2.5457935272783883,2.613208361697513,2.610777522845187,1.8811660986667602
suggest,7,6,1.1666666666666667,1.825276782848588,0.9477593610091233,2.1752721023412476,-0.43982776400096424
values,139,15,9.266666666666667,5.324783121947501,3.479303036922104,3.5623921862860053,2.4257852133149878
surveys,35,6,5.833333333333333,1.76751432734551,2.311077216464462,2.1752721023412476,1.785760298902443
nature,17,7,2.4285714285714284,2.19436137613984,1.6993734988405087,2.408631991843541,0.5740016440501421
although,14,6,2.3333333333333335,1.7654126876339178,1.5349084025566282,2.1752721023412476,0.5186808426195055
course,10,6,1.6666666666666667,1.7961627204265262,1.2498905062421748,2.1752721023412476,0.05339505089236146
variability,32,9,3.5555555555555554,3.0108002697333953,2.2351688169768553,2.7890825177814342,1.101149822979372
participate,9,1,9.0,1.8739755619519085,1.1606420356136578,-0.5371699849871888,2.385407582324746
form,15,9,1.6666666666666667,3.099846442507252,1.593350677881833,2.7890825177814342,0.05339505089236146
separate,14,7,2.0,2.2135290804982004,1.5349084025566282,2.408631991843541,0.30551579272135426
income,17,7,2.4285714285714284,2.19436137613984,1.6993734988405087,2.408631991843541,0.5740016440501421
500,42,8,5.25,2.5488265735732543,2.4655176157437917,2.610777522845187,1.6400640256024277
se,22,7,3.142857142857143,2.1688878575135835,1.9177746099688584,2.408631991843541,0.9305369185696349
representation,20,10,2.0,3.515825121831944,1.8370395477896793,2.94858177084582,0.30551579272135426
90,37,7,5.285714285714286,2.1431616926573387,2.358149159854792,2.408631991843541,1.6494392182136544
view,19,7,2.7142857142857144,2.183188662520717,1.7935901773210075,2.408631991843541,0.7278084134059011
k,426,14,30.428571428571427,5.804300902536542,4.427999990950702,3.4579478277876654,4.069919072166944
my,15,2,7.5,1.3166003929015753,1.593350677881833,0.5121458509569364,2.133286840495753
below,19,8,2.375,2.6295024999199064,1.7935901773210075,2.610777522845187,0.5431564481750432
extreme,7,6,1.1666666666666667,1.825276782848588,0.9477593610091233,2.1752721023412476,-0.43982776400096424
human,23,6,3.8333333333333335,1.7320671502775518,1.9554286761189623,2.1752721023412476,1.2051714488300582
taking,28,12,2.3333333333333335,4.364027419516276,2.122057444104133,3.224587938285373,0.5186808426195055
choosing,7,6,1.1666666666666667,1.825276782848588,0.9477593610091233,2.1752721023412476,-0.43982776400096424
relevant,8,6,1.3333333333333333,1.8150128756359525,1.0608707338818455,2.1752721023412476,-0.25517579877010677
skills,20,2,10.0,1.938039884264855,1.8370395477896793,0.5121458509569364,2.531103855624762
variables,80,9,8.88888888888889,2.956285696699022,3.0113376308846886,2.7890825177814342,2.3682292792623096
reasons,13,8,1.625,2.6672787472915793,1.4721332430501923,2.610777522845187,0.018384684357937383
goal,7,6,1.1666666666666667,1.825276782848588,0.9477593610091233,2.1752721023412476,-0.43982776400096424
age,22,6,3.6666666666666665,1.7332456138429237,1.9177746099688584,2.1752721023412476,1.143701968467786
level,21,8,2.625,2.6183895465988156,1.8783685741962868,2.610777522845187,0.6815554189819576
basis,14,8,1.75,2.660527966493362,1.5349084025566282,2.610777522845187,0.12086382749049658
together,10,7,1.4285714285714286,2.2434640013974523,1.2498905062421748,2.408631991843541,-0.1597699990057897
ha,25,4,6.25,1.1693046801842086,2.0260593201500083,1.5614616869010618,1.8811660986667602
effective,11,8,1.375,2.6813152274307064,1.3306255684213535,2.610777522845187,-0.21262365328169266
importance,24,6,4.0,1.7315286670834846,1.991479947069009,2.1752721023412476,1.264024399341824
big,13,7,1.8571428571428572,2.220549668372045,1.4721332430501923,2.408631991843541,0.20303664958879517
able,11,7,1.5714285714285714,2.235520229697045,1.3306255684213535,2.408631991843541,-0.027971688050834977
achieve,15,8,1.875,2.6539573180616016,1.593350677881833,2.610777522845187,0.2162696272548135
conclusion,13,8,1.625,2.6672787472915793,1.4721332430501923,2.610777522845187,0.018384684357937383
associated,15,7,2.142857142857143,2.206822273529007,1.593350677881833,2.408631991843541,0.40092159248567116
maximum,16,9,1.7777777777777777,3.0936757597367044,1.6480197754293502,2.7890825177814342,0.1426412163589021
relatively,17,6,2.8333333333333335,1.7486677593322508,1.6993734988405087,2.1752721023412476,0.7871666939482935
persons,9,6,1.5,1.8053051819952584,1.1606420356136578,2.1752721023412476,-0.09230122240765451
networks,37,7,5.285714285714286,2.1431616926573387,2.358149159854792,2.408631991843541,1.6494392182136544
produce,13,9,1.4444444444444444,3.1125252569729787,1.4721332430501923,2.7890825177814342,-0.1444898920045148
help,19,10,1.9,3.521435983121933,1.7935901773210075,2.94858177084582,0.23458559851257504
unbiased,51,9,5.666666666666667,2.953350264404855,2.629982712027672,2.7890825177814342,1.7456753005687633
55,13,6,2.1666666666666665,1.7722115033939791,1.4721332430501923,2.1752721023412476,0.4162016994869461
49,12,6,2.0,1.7796078007700256,1.404330905521504,2.1752721023412476,0.30551579272135426
situation,19,8,2.375,2.6295024999199064,1.7935901773210075,2.610777522845187,0.5431564481750432
formed,9,6,1.5,1.8053051819952584,1.1606420356136578,2.1752721023412476,-0.09230122240765451
degree,17,8,2.125,2.6413617586142877,1.6993734988405087,2.610777522845187,0.38934967881928456
understanding,31,6,5.166666666666667,1.7456397954508032,2.2082752245211696,2.1752721023412476,1.6179381837616802
keywords,6,6,1.0,1.8360875757937958,0.8171818639739992,2.1752721023412476,-0.6529928138991155
shalabh,26,1,26.0,6.318944313873694,2.059282284597697,-0.5371699849871888,3.8524191108398167
iit,26,1,26.0,6.318944313873694,2.059282284597697,-0.5371699849871888,3.8524191108398167
kanpur,26,1,26.0,6.318944313873694,2.059282284597697,-0.5371699849871888,3.8524191108398167
page,28,3,9.333333333333334,1.6786889460744265,2.122057444104133,1.1259562663971225,2.435698055860445
objective,21,6,3.5,1.7350627537461902,1.8783685741962868,2.1752721023412476,1.0793724341109665
estimator,81,8,10.125,2.6559827627304364,3.0218604619879845,2.610777522845187,2.548282158687198
homogeneous,35,10,3.5,3.441085113520021,2.311077216464462,2.94858177084582,1.0793724341109665
precision,101,13,7.769230769230769,4.544754328769028,3.2087860997576385,3.3457600112148747,2.1820568788992567
heterogeneity,10,6,1.6666666666666667,1.7961627204265262,1.2498905062421748,2.1752721023412476,0.05339505089236146
divide,15,7,2.142857142857143,2.206822273529007,1.593350677881833,2.408631991843541,0.40092159248567116
units,145,10,14.5,3.488722762871762,3.515100349839817,2.94858177084582,3.044915174108867
class,36,6,6.0,1.7745043504004983,2.334940118708667,2.1752721023412476,1.8247159908332848
ith,25,3,8.333333333333334,1.4543941556711901,2.0260593201500083,1.1259562663971225,2.278983113795769
non,15,8,1.875,2.6539573180616016,1.593350677881833,2.610777522845187,0.2162696272548135
estimators,22,7,3.142857142857143,2.1688878575135835,1.9177746099688584,2.408631991843541,0.9305369185696349
unit,63,11,5.7272727272727275,3.7800128499785712,2.8089777873834496,3.0928663958147458,1.7603864564764655
ij,33,4,8.25,1.495380591522419,2.2612347816085165,1.5614616869010618,2.2650851514507075
kk,21,1,21.0,5.005912501496326,1.8783685741962868,-0.5371699849871888,3.557081238843367
expression,25,5,5.0,1.3585595521839893,2.0260593201500083,1.899265934901694,1.5725952490042923
ii,222,10,22.2,4.091574712304637,3.87590741458946,2.94858177084582,3.633925208052729
iy,8,1,8.0,1.6177985932376384,1.0608707338818455,-0.5371699849871888,2.2225330059622936
st,86,6,14.333333333333334,2.6861855089492934,3.0725988006931786,2.1752721023412476,3.028928457172227
sty,37,3,12.333333333333334,2.3642257225777707,2.358149159854792,1.1259562663971225,2.821112874732275
var,99,5,19.8,3.6989165754387794,3.1918439947956796,1.899265934901694,3.4757144999001706
nnvar,8,1,8.0,1.6177985932376384,1.0608707338818455,-0.5371699849871888,2.2225330059622936
snn,14,2,7.0,1.192392676912969,1.5349084025566282,0.5121458509569364,2.037881040731436
variation,20,7,2.857142857142857,2.1780916587770363,1.8370395477896793,2.408631991843541,0.79873860761468
tend,8,6,1.3333333333333333,1.8150128756359525,1.0608707338818455,2.1752721023412476,-0.25517579877010677
investigation,9,6,1.5,1.8053051819952584,1.1606420356136578,2.1752721023412476,-0.09230122240765451
administrative,15,7,2.142857142857143,2.206822273529007,1.593350677881833,2.408631991843541,0.40092159248567116
gain,24,6,4.0,1.7315286670834846,1.991479947069009,2.1752721023412476,1.264024399341824
efficiency,15,6,2.5,1.7592182807292909,1.593350677881833,2.1752721023412476,0.6140866423838225
choice,22,9,2.4444444444444446,3.0590559080741744,1.9177746099688584,2.7890825177814342,0.5830103769763251
effectively,6,6,1.0,1.8360875757937958,0.8171818639739992,2.1752721023412476,-0.6529928138991155
ns,33,5,6.6,1.4798272920723003,2.2612347816085165,1.899265934901694,1.9565143017882396
etc,21,8,2.625,2.6183895465988156,1.8783685741962868,2.610777522845187,0.6815554189819576
minimum,20,10,2.0,3.515825121831944,1.8370395477896793,2.94858177084582,0.30551579272135426
pre,29,3,9.666666666666666,1.7540839077074695,2.151782494384479,1.1259562663971225,2.484223582617406
substituting,21,7,3.0,2.173323999807144,1.8783685741962868,2.408631991843541,0.8662073842128154
1ii,14,2,7.0,1.192392676912969,1.5349084025566282,0.5121458509569364,2.037881040731436
cc,8,6,1.3333333333333333,1.8150128756359525,1.0608707338818455,2.1752721023412476,-0.25517579877010677
prop,15,2,7.5,1.3166003929015753,1.593350677881833,0.5121458509569364,2.133286840495753
nn,69,7,9.857142857142858,2.3392306448588056,2.8860378893061256,2.408631991843541,2.511206597043838
combining,7,6,1.1666666666666667,1.825276782848588,0.9477593610091233,2.1752721023412476,-0.43982776400096424
similarly,12,6,2.0,1.7796078007700256,1.404330905521504,2.1752721023412476,0.30551579272135426
ik,30,3,10.0,1.8297291198653984,2.1804997194293376,1.1259562663971225,2.531103855624762
advantage,22,3,7.333333333333333,1.2341348448293237,1.9177746099688584,1.1259562663971225,2.1022105750882556
gives,29,9,3.2222222222222223,3.0240102920092786,2.151782494384479,2.7890825177814342,0.9650233845054753
iii,33,9,3.6666666666666665,3.0066422458782163,2.2612347816085165,2.7890825177814342,1.143701968467786
interpenetrating,7,1,7.0,1.3643281590068304,0.9477593610091233,-0.5371699849871888,2.037881040731436
ˆ,31,4,7.75,1.4077952284335844,2.2082752245211696,1.5614616869010618,2.1786297752531407
tot,12,1,12.0,2.650869234130247,1.404330905521504,-0.5371699849871888,2.7832245974537546
field,12,6,2.0,1.7796078007700256,1.404330905521504,2.1752721023412476,0.30551579272135426
ratio,84,9,9.333333333333334,2.965342402423789,3.052666657291296,2.7890825177814342,2.435698055860445
nv,19,2,9.5,1.8137168446642986,1.7935901773210075,0.5121458509569364,2.460173661415983
objectives,12,6,2.0,1.7796078007700256,1.404330905521504,2.1752721023412476,0.30551579272135426
contd,21,1,21.0,5.005912501496326,1.8783685741962868,-0.5371699849871888,3.557081238843367
sub,14,6,2.3333333333333335,1.7654126876339178,1.5349084025566282,2.1752721023412476,0.5186808426195055
auxiliary,14,6,2.3333333333333335,1.7654126876339178,1.5349084025566282,2.1752721023412476,0.5186808426195055
completely,8,6,1.3333333333333333,1.8150128756359525,1.0608707338818455,2.1752721023412476,-0.25517579877010677
designs,34,5,6.8,1.4996195003156039,2.2865225403880136,1.899265934901694,1.9977960423977559
square,14,7,2.0,2.2135290804982004,1.5349084025566282,2.408631991843541,0.30551579272135426
area,192,7,27.428571428571427,4.7948498283486645,3.752927071711523,2.408631991843541,3.9263851693050817
µ,7,1,7.0,1.3643281590068304,0.9477593610091233,-0.5371699849871888,2.037881040731436
ci,25,6,4.166666666666667,1.7316307613026696,2.0260593201500083,2.1752721023412476,1.3204745071752995
f,54,9,6.0,2.9485242935034583,2.6784002903483257,2.7890825177814342,1.8247159908332848
57,31,6,5.166666666666667,1.7456397954508032,2.2082752245211696,2.1752721023412476,1.6179381837616802
70,45,7,6.428571428571429,2.1611225081377246,2.523959891068996,2.408631991843541,1.920121790597602
122,9,6,1.5,1.8053051819952584,1.1606420356136578,2.1752721023412476,-0.09230122240765451
46,25,6,4.166666666666667,1.7316307613026696,2.0260593201500083,2.1752721023412476,1.3204745071752995
strati,43,4,10.75,1.969282748114754,2.4854497591456743,1.5614616869010618,2.631111442043218
nh,137,3,45.666666666666664,10.165401041943896,3.4670263436230435,1.1259562663971225,4.6313318295748385
btstr,10,1,10.0,2.1318835993066867,1.2498905062421748,-0.5371699849871888,2.531103855624762
cyustr,10,1,10.0,2.1318835993066867,1.2498905062421748,-0.5371699849871888,2.531103855624762
bv,9,1,9.0,1.8739755619519085,1.1606420356136578,-0.5371699849871888,2.385407582324746
pages,26,3,8.666666666666666,1.528797756427766,2.059282284597697,1.1259562663971225,2.3332189127278853
5a,15,2,7.5,1.3166003929015753,1.593350677881833,0.5121458509569364,2.133286840495753
66,53,4,13.25,2.4774060592140565,2.6625666141964617,1.5614616869010618,2.9202510265962047
65,11,6,1.8333333333333333,1.7875941634100148,1.3306255684213535,2.1752721023412476,0.18519336184731613
79,22,6,3.6666666666666665,1.7332456138429237,1.9177746099688584,2.1752721023412476,1.143701968467786
generated,23,8,2.875,2.6080324387991625,1.9554286761189623,2.610777522845187,0.8073544337010493
code,151,6,25.166666666666668,4.560106025085268,3.5494460142669673,2.1752721023412476,3.80737162221397
44,46,6,7.666666666666667,1.8757611068793314,2.5425777176664672,2.1752721023412476,2.163680055450528
58,31,5,6.2,1.4431142168061473,2.2082752245211696,1.899265934901694,1.8700589255906734
alpha,12,1,12.0,2.650869234130247,1.404330905521504,-0.5371699849871888,2.7832245974537546
df,16,1,16.0,3.695272871609357,1.6480197754293502,-0.5371699849871888,3.1810416125827636
surveymeans,7,1,7.0,1.3643281590068304,0.9477593610091233,-0.5371699849871888,2.037881040731436
index,38,4,9.5,1.7262457751725881,2.3807392188685124,1.5614616869010618,2.460173661415983
positive,32,8,4.0,2.571008333860546,2.2351688169768553,2.610777522845187,1.264024399341824
neural,60,6,10.0,2.099684193342199,2.7676487609768423,2.1752721023412476,2.531103855624762
splits,40,4,10.0,1.822267230194039,2.424188589337184,1.5614616869010618,2.531103855624762
image,50,4,12.5,2.322683287695695,2.613208361697513,1.5614616869010618,2.83967470528723
images,65,3,21.666666666666668,4.536033083631088,2.8354510985055303,1.1259562663971225,3.6002983690108237
validation,24,6,4.0,1.7315286670834846,1.991479947069009,2.1752721023412476,1.264024399341824
original,34,6,5.666666666666667,1.7611265604292758,2.2865225403880136,2.1752721023412476,1.7456753005687633
network,41,6,6.833333333333333,1.8182242714060823,2.445105133791752,2.1752721023412476,2.004558088211668
train,47,5,9.4,1.8269905173921086,2.5607951296923113,1.899265934901694,2.4455403437686045
reserved,25,2,12.5,2.5597906360015275,2.0260593201500083,0.5121458509569364,2.83967470528723
binary,30,5,6.0,1.4262672619459456,2.1804997194293376,1.899265934901694,1.8247159908332848
classiﬁcation,155,4,38.75,8.02862549107585,3.571593079976508,1.5614616869010618,4.404217838156549
molecules,29,2,14.5,3.057287737879243,2.151782494384479,0.5121458509569364,3.044915174108867
ratios,60,3,20.0,4.14646343091222,2.7676487609768423,1.1259562663971225,3.4896124622452316
multiclass,32,2,16.0,3.4304423657714738,2.2351688169768553,0.5121458509569364,3.1810416125827636
2021,75,4,18.75,3.6444697073551025,2.9566685333371714,1.5614616869010618,3.400366296778691
https,20,6,3.3333333333333335,1.7375165661556542,1.8370395477896793,2.1752721023412476,1.0119036575128313
2020,132,5,26.4,5.021532560216986,3.435532864703526,1.899265934901694,3.873531515029179
authors,28,6,4.666666666666667,1.735775832111276,2.122057444104133,2.1752721023412476,1.4771894492399755
open,21,6,3.5,1.7350627537461902,1.8783685741962868,2.1752721023412476,1.0793724341109665
natural,45,5,9.0,1.7695693248023756,2.523959891068996,1.899265934901694,2.385407582324746
calculated,32,5,6.4,1.4609798584177802,2.2351688169768553,1.899265934901694,1.9139621562998261
anova,16,1,16.0,3.695272871609357,1.6480197754293502,-0.5371699849871888,3.1810416125827636
xgboost,17,2,8.5,1.5651151053210237,1.6993734988405087,0.5121458509569364,2.306366892060224
modeling,29,3,9.666666666666666,1.7540839077074695,2.151782494384479,1.1259562663971225,2.484223582617406
signiﬁcant,25,4,6.25,1.1693046801842086,2.0260593201500083,1.5614616869010618,1.8811660986667602
imbalanced,25,3,8.333333333333334,1.4543941556711901,2.0260593201500083,1.1259562663971225,2.278983113795769
qsar,9,1,9.0,1.8739755619519085,1.1606420356136578,-0.5371699849871888,2.385407582324746
compounds,7,1,7.0,1.3643281590068304,0.9477593610091233,-0.5371699849871888,2.037881040731436
score,60,5,12.0,2.241812820404618,2.7676487609768423,1.899265934901694,2.7832245974537546
f1,63,5,12.6,2.345263304420262,2.8089777873834496,1.899265934901694,2.8506933740518896
classiﬁer,23,2,11.5,2.311069059168841,1.9554286761189623,0.5121458509569364,2.7243716469419885
development,25,4,6.25,1.1693046801842086,2.0260593201500083,1.5614616869010618,1.8811660986667602
toxicity,7,1,7.0,1.3643281590068304,0.9477593610091233,-0.5371699849871888,2.037881040731436
naïve,13,1,13.0,2.9113818776869285,1.4721332430501923,-0.5371699849871888,2.8939105042193467
bayes,16,1,16.0,3.695272871609357,1.6480197754293502,-0.5371699849871888,3.1810416125827636
nb,17,1,17.0,3.9570952679550113,1.6993734988405087,-0.5371699849871888,3.264875498680694
deep,36,6,6.0,1.7745043504004983,2.334940118708667,2.1752721023412476,1.8247159908332848
rf,24,2,12.0,2.4354270258066424,1.991479947069009,0.5121458509569364,2.7832245974537546
chen,29,5,5.8,1.4104754964035122,2.151782494384479,1.899265934901694,1.7778357178259292
strategies,26,6,4.333333333333333,1.7323733196813733,2.059282284597697,2.1752721023412476,1.374710306107416
additionally,18,2,9.0,1.6894074974933044,1.7477910771611622,0.5121458509569364,2.385407582324746
structure,28,4,7.0,1.2832733355075163,2.122057444104133,1.5614616869010618,2.037881040731436
pp,31,4,7.75,1.4077952284335844,2.2082752245211696,1.5614616869010618,2.1786297752531407
descriptors,8,1,8.0,1.6177985932376384,1.0608707338818455,-0.5371699849871888,2.2225330059622936
carried,25,5,5.0,1.3585595521839893,2.0260593201500083,1.899265934901694,1.5725952490042923
circles,8,1,8.0,1.6177985932376384,1.0608707338818455,-0.5371699849871888,2.2225330059622936
enrichment,8,1,8.0,1.6177985932376384,1.0608707338818455,-0.5371699849871888,2.2225330059622936
bigger,9,1,9.0,1.8739755619519085,1.1606420356136578,-0.5371699849871888,2.385407582324746
srd,17,1,17.0,3.9570952679550113,1.6993734988405087,-0.5371699849871888,3.264875498680694
classiﬁed,14,2,7.0,1.192392676912969,1.5349084025566282,0.5121458509569364,2.037881040731436
reference,16,6,2.6666666666666665,1.7536346875965576,1.6480197754293502,2.1752721023412476,0.7033328078503631
comparing,21,8,2.625,2.6183895465988156,1.8783685741962868,2.610777522845187,0.6815554189819576
forest,37,3,12.333333333333334,2.3642257225777707,2.358149159854792,1.1259562663971225,2.821112874732275
codes,34,3,11.333333333333334,2.1342790425097657,2.2865225403880136,1.1259562663971225,2.7041839071892326
seed,21,2,10.5,2.0623741400952267,1.8783685741962868,0.5121458509569364,2.598572632222897
randomization,30,2,15.0,3.1816701771346287,2.1804997194293376,0.5121458509569364,3.0917954471162226
main,23,7,3.2857142857142856,2.164785269958782,1.9554286761189623,2.408631991843541,0.9920063989319071
sci,14,2,7.0,1.192392676912969,1.5349084025566282,0.5121458509569364,2.037881040731436
crossref,123,2,61.5,14.751714039607112,3.375714346978915,0.5121458509569364,5.04295848443553
pubmed,7,1,7.0,1.3643281590068304,0.9477593610091233,-0.5371699849871888,2.037881040731436
2018,29,5,5.8,1.4104754964035122,2.151782494384479,1.899265934901694,1.7778357178259292
graph,24,3,8.0,1.380429882044617,1.991479947069009,1.1259562663971225,2.2225330059622936
int,47,5,9.4,1.8269905173921086,2.5607951296923113,1.899265934901694,2.4455403437686045
science,27,6,4.5,1.7337555192974885,2.091251248800821,2.1752721023412476,1.4268989757042763
automatic,33,4,8.25,1.495380591522419,2.2612347816085165,1.5614616869010618,2.2650851514507075
detection,137,4,34.25,7.035490115507794,3.4670263436230435,1.5614616869010618,4.23351481444583
sensing,15,2,7.5,1.3166003929015753,1.593350677881833,0.5121458509569364,2.133286840495753
supervised,21,2,10.5,2.0623741400952267,1.8783685741962868,0.5121458509569364,2.598572632222897
borkowski,8,1,8.0,1.6177985932376384,1.0608707338818455,-0.5371699849871888,2.2225330059622936
poland,17,1,17.0,3.9570952679550113,1.6993734988405087,-0.5371699849871888,3.264875498680694
remote,74,2,37.0,8.655453646876015,2.9452982014022973,0.5121458509569364,4.340313072844205
rs,16,2,8.0,1.4408440559517086,1.6480197754293502,0.5121458509569364,2.2225330059622936
satellite,15,1,15.0,3.433673162565237,1.593350677881833,-0.5371699849871888,3.0917954471162226
lidar,29,1,29.0,7.107360232295761,2.151782494384479,-0.5371699849871888,4.003423780729337
testing,100,3,33.333333333333336,7.269925696910649,3.200357403245018,1.1259562663971225,4.1960003270367086
ground,15,1,15.0,3.433673162565237,1.593350677881833,-0.5371699849871888,3.0917954471162226
landslides,102,1,102.0,26.318400273251775,3.2171317535751762,-0.5371699849871888,5.742584303413094
pba,55,1,55.0,13.94702911582465,2.693943423876692,-0.5371699849871888,4.888490229483125
obia,92,1,92.0,23.6859557327459,3.129726759213972,-0.5371699849871888,5.599897466803398
zn,17,2,8.5,1.5651151053210237,1.6993734988405087,0.5121458509569364,2.306366892060224
ów,16,1,16.0,3.695272871609357,1.6480197754293502,-0.5371699849871888,3.1810416125827636
lake,23,1,23.0,5.530933502877365,1.9554286761189623,-0.5371699849871888,3.6828802535624585
quantity,17,2,8.5,1.5651151053210237,1.6993734988405087,0.5121458509569364,2.306366892060224
ﬁltering,8,1,8.0,1.6177985932376384,1.0608707338818455,-0.5371699849871888,2.2225330059622936
elongated,7,1,7.0,1.3643281590068304,0.9477593610091233,-0.5371699849871888,2.037881040731436
oa,37,1,37.0,9.210991962577648,2.358149159854792,-0.5371699849871888,4.340313072844205
mapping,55,1,55.0,13.94702911582465,2.693943423876692,-0.5371699849871888,4.888490229483125
terrain,19,1,19.0,4.481251962875712,1.7935901773210075,-0.5371699849871888,3.418682268036452
ective,7,1,7.0,1.3643281590068304,0.9477593610091233,-0.5371699849871888,2.037881040731436
introduced,11,6,1.8333333333333333,1.7875941634100148,1.3306255684213535,2.1752721023412476,0.18519336184731613
sens,88,1,88.0,22.633000104826543,3.092072693063868,-0.5371699849871888,5.5384279864411265
3054,32,1,32.0,7.896059910018351,2.2351688169768553,-0.5371699849871888,4.139550219203233
inﬂuence,15,2,7.5,1.3166003929015753,1.593350677881833,0.5121458509569364,2.133286840495753
tune,23,2,11.5,2.311069059168841,1.9554286761189623,0.5121458509569364,2.7243716469419885
assessed,7,1,7.0,1.3643281590068304,0.9477593610091233,-0.5371699849871888,2.037881040731436
growing,27,1,27.0,6.581711795782485,2.091251248800821,-0.5371699849871888,3.9046077804366766
river,14,1,14.0,3.1723512312917093,1.5349084025566282,-0.5371699849871888,2.9963896473519056
land,28,2,14.0,2.9329081486905686,2.122057444104133,0.5121458509569364,2.9963896473519056
ro,13,1,13.0,2.9113818776869285,1.4721332430501923,-0.5371699849871888,2.8939105042193467
optical,14,1,14.0,3.1723512312917093,1.5349084025566282,-0.5371699849871888,2.9963896473519056
laser,11,1,11.0,2.390962590857764,1.3306255684213535,-0.5371699849871888,2.6629021665797166
dem,55,1,55.0,13.94702911582465,2.693943423876692,-0.5371699849871888,4.888490229483125
commonly,8,6,1.3333333333333333,1.8150128756359525,1.0608707338818455,2.1752721023412476,-0.25517579877010677
utilized,24,2,12.0,2.4354270258066424,1.991479947069009,0.5121458509569364,2.7832245974537546
extraction,15,2,7.5,1.3166003929015753,1.593350677881833,0.5121458509569364,2.133286840495753
roughness,11,1,11.0,2.390962590857764,1.3306255684213535,-0.5371699849871888,2.6629021665797166
topographic,14,1,14.0,3.1723512312917093,1.5349084025566282,-0.5371699849871888,2.9963896473519056
airborne,10,1,10.0,2.1318835993066867,1.2498905062421748,-0.5371699849871888,2.531103855624762
mountains,9,1,9.0,1.8739755619519085,1.1606420356136578,-0.5371699849871888,2.385407582324746
slope,17,1,17.0,3.9570952679550113,1.6993734988405087,-0.5371699849871888,3.264875498680694
pawluszek,8,1,8.0,1.6177985932376384,1.0608707338818455,-0.5371699849871888,2.2225330059622936
derivatives,7,1,7.0,1.3643281590068304,0.9477593610091233,-0.5371699849871888,2.037881040731436
carpathians,7,1,7.0,1.3643281590068304,0.9477593610091233,-0.5371699849871888,2.037881040731436
tarolli,8,1,8.0,1.6177985932376384,1.0608707338818455,-0.5371699849871888,2.2225330059622936
proposed,44,7,6.285714285714286,2.1576827967964802,2.504923651516363,2.408631991843541,1.8890455251901046
geomorphological,9,1,9.0,1.8739755619519085,1.1606420356136578,-0.5371699849871888,2.385407582324746
spectral,8,1,8.0,1.6177985932376384,1.0608707338818455,-0.5371699849871888,2.2225330059622936
pixels,15,1,15.0,3.433673162565237,1.593350677881833,-0.5371699849871888,3.0917954471162226
map,30,1,30.0,7.370233093979498,2.1804997194293376,-0.5371699849871888,4.050304053736693
manual,12,1,12.0,2.650869234130247,1.404330905521504,-0.5371699849871888,2.7832245974537546
object,11,1,11.0,2.390962590857764,1.3306255684213535,-0.5371699849871888,2.6629021665797166
forested,7,1,7.0,1.3643281590068304,0.9477593610091233,-0.5371699849871888,2.037881040731436
polish,14,1,14.0,3.1723512312917093,1.5349084025566282,-0.5371699849871888,2.9963896473519056
nodes,34,2,17.0,3.679222653644543,2.2865225403880136,0.5121458509569364,3.264875498680694
mapped,7,1,7.0,1.3643281590068304,0.9477593610091233,-0.5371699849871888,2.037881040731436
morphology,13,1,13.0,2.9113818776869285,1.4721332430501923,-0.5371699849871888,2.8939105042193467
inventory,21,1,21.0,5.005912501496326,1.8783685741962868,-0.5371699849871888,3.557081238843367
identiﬁcation,10,1,10.0,2.1318835993066867,1.2498905062421748,-0.5371699849871888,2.531103855624762
geological,18,1,18.0,4.21909889424038,1.7477910771611622,-0.5371699849871888,3.3439161889452156
km2,12,1,12.0,2.650869234130247,1.404330905521504,-0.5371699849871888,2.7832245974537546
mm,14,2,7.0,1.192392676912969,1.5349084025566282,0.5121458509569364,2.037881040731436
false,30,4,7.5,1.3652885677485538,2.1804997194293376,1.5614616869010618,2.133286840495753
acquired,13,1,13.0,2.9113818776869285,1.4721332430501923,-0.5371699849871888,2.8939105042193467
sopo,10,1,10.0,2.1318835993066867,1.2498905062421748,-0.5371699849871888,2.531103855624762
ndvi,15,1,15.0,3.433673162565237,1.593350677881833,-0.5371699849871888,3.0917954471162226
covered,14,2,7.0,1.192392676912969,1.5349084025566282,0.5121458509569364,2.037881040731436
foothills,10,1,10.0,2.1318835993066867,1.2498905062421748,-0.5371699849871888,2.531103855624762
explanation,7,1,7.0,1.3643281590068304,0.9477593610091233,-0.5371699849871888,2.037881040731436
sandstones,11,1,11.0,2.390962590857764,1.3306255684213535,-0.5371699849871888,2.6629021665797166
shales,8,1,8.0,1.6177985932376384,1.0608707338818455,-0.5371699849871888,2.2225330059622936
sandstone,25,1,25.0,6.056221220911572,2.0260593201500083,-0.5371699849871888,3.7981833119076995
layers,35,6,5.833333333333333,1.76751432734551,2.311077216464462,2.1752721023412476,1.785760298902443
shale,18,1,18.0,4.21909889424038,1.7477910771611622,-0.5371699849871888,3.3439161889452156
susceptibility,13,1,13.0,2.9113818776869285,1.4721332430501923,-0.5371699849871888,2.8939105042193467
cloud,15,1,15.0,3.433673162565237,1.593350677881833,-0.5371699849871888,3.0917954471162226
format,27,3,9.0,1.6035795331900098,2.091251248800821,1.1259562663971225,2.385407582324746
geology,7,1,7.0,1.3643281590068304,0.9477593610091233,-0.5371699849871888,2.037881040731436
classification,65,2,32.5,7.535754406317399,2.8354510985055303,0.5121458509569364,4.160989960502285
relevance,8,1,8.0,1.6177985932376384,1.0608707338818455,-0.5371699849871888,2.2225330059622936
surface,7,1,7.0,1.3643281590068304,0.9477593610091233,-0.5371699849871888,2.037881040731436
reﬁnement,9,1,9.0,1.8739755619519085,1.1606420356136578,-0.5371699849871888,2.385407582324746
hillshade,10,1,10.0,2.1318835993066867,1.2498905062421748,-0.5371699849871888,2.531103855624762
segmented,7,1,7.0,1.3643281590068304,0.9477593610091233,-0.5371699849871888,2.037881040731436
segmentation,21,1,21.0,5.005912501496326,1.8783685741962868,-0.5371699849871888,3.557081238843367
99,26,4,6.5,1.2059312693896704,2.059282284597697,1.5614616869010618,1.9354018975988767
ttr,16,1,16.0,3.695272871609357,1.6480197754293502,-0.5371699849871888,3.1810416125827636
ta,31,5,6.2,1.4431142168061473,2.2082752245211696,1.899265934901694,1.8700589255906734
pod,24,1,24.0,5.793548555685986,1.991479947069009,-0.5371699849871888,3.7417332040742246
pofd,22,1,22.0,5.268384677972932,1.9177746099688584,-0.5371699849871888,3.6214107732001866
superimposed,9,1,9.0,1.8739755619519085,1.1606420356136578,-0.5371699849871888,2.385407582324746
positives,8,1,8.0,1.6177985932376384,1.0608707338818455,-0.5371699849871888,2.2225330059622936
commune,8,1,8.0,1.6177985932376384,1.0608707338818455,-0.5371699849871888,2.2225330059622936
łososina,7,1,7.0,1.3643281590068304,0.9477593610091233,-0.5371699849871888,2.037881040731436
papers,18,2,9.0,1.6894074974933044,1.7477910771611622,0.5121458509569364,2.385407582324746
earth,10,1,10.0,2.1318835993066867,1.2498905062421748,-0.5371699849871888,2.531103855624762
sands,14,1,14.0,3.1723512312917093,1.5349084025566282,-0.5371699849871888,2.9963896473519056
clays,11,1,11.0,2.390962590857764,1.3306255684213535,-0.5371699849871888,2.6629021665797166
terraces,7,1,7.0,1.3643281590068304,0.9477593610091233,-0.5371699849871888,2.037881040731436
riverbank,7,1,7.0,1.3643281590068304,0.9477593610091233,-0.5371699849871888,2.037881040731436
tertiary,7,1,7.0,1.3643281590068304,0.9477593610091233,-0.5371699849871888,2.037881040731436
marl,8,1,8.0,1.6177985932376384,1.0608707338818455,-0.5371699849871888,2.2225330059622936
geomorphology,11,1,11.0,2.390962590857764,1.3306255684213535,-0.5371699849871888,2.6629021665797166
casagli,7,1,7.0,1.3643281590068304,0.9477593610091233,-0.5371699849871888,2.037881040731436
isprs,8,1,8.0,1.6177985932376384,1.0608707338818455,-0.5371699849871888,2.2225330059622936
photogramm,9,1,9.0,1.8739755619519085,1.1606420356136578,-0.5371699849871888,2.385407582324746
hazards,11,1,11.0,2.390962590857764,1.3306255684213535,-0.5371699849871888,2.6629021665797166
multivariate,26,2,13.0,2.6841591053144933,2.059282284597697,0.5121458509569364,2.8939105042193467
chan,17,2,8.5,1.5651151053210237,1.6993734988405087,0.5121458509569364,2.306366892060224
ncss,51,1,51.0,12.89438742131821,2.629982712027672,-0.5371699849871888,4.784075696792624
llc,24,1,24.0,5.793548555685986,1.991479947069009,-0.5371699849871888,3.7417332040742246
rights,24,1,24.0,5.793548555685986,1.991479947069009,-0.5371699849871888,3.7417332040742246
row,32,2,16.0,3.4304423657714738,2.2351688169768553,0.5121458509569364,3.1810416125827636
98,29,4,7.25,1.3237499346048345,2.151782494384479,1.5614616869010618,2.086406567488397
collapsed,19,2,9.5,1.8137168446642986,1.7935901773210075,0.5121458509569364,2.460173661415983
yes,7,1,7.0,1.3643281590068304,0.9477593610091233,-0.5371699849871888,2.037881040731436
file,34,3,11.333333333333334,2.1342790425097657,2.2865225403880136,1.1259562663971225,2.7041839071892326
setup,17,2,8.5,1.5651151053210237,1.6993734988405087,0.5121458509569364,2.306366892060224
click,14,1,14.0,3.1723512312917093,1.5349084025566282,-0.5371699849871888,2.9963896473519056
nev,94,2,47.0,11.143706622673262,3.147944171239816,0.5121458509569364,4.671128406672012
vir,84,1,84.0,21.580059939851306,3.052666657291296,-0.5371699849871888,5.474098452084306
checked,13,1,13.0,2.9113818776869285,1.4721332430501923,-0.5371699849871888,2.8939105042193467
unchecked,7,1,7.0,1.3643281590068304,0.9477593610091233,-0.5371699849871888,2.037881040731436
nl,49,2,24.5,5.545222940178922,2.5960951127789156,0.5121458509569364,3.7702462887415185
lx,14,2,7.0,1.192392676912969,1.5349084025566282,0.5121458509569364,2.037881040731436
sydu,16,1,16.0,3.695272871609357,1.6480197754293502,-0.5371699849871888,3.1810416125827636
stat3014,16,1,16.0,3.695272871609357,1.6480197754293502,-0.5371699849871888,3.1810416125827636
semester,16,1,16.0,3.695272871609357,1.6480197754293502,-0.5371699849871888,3.1810416125827636
nlp,25,3,8.333333333333334,1.4543941556711901,2.0260593201500083,1.1259562663971225,2.278983113795769
nlx,16,1,16.0,3.695272871609357,1.6480197754293502,-0.5371699849871888,3.1810416125827636
ls2,9,1,9.0,1.8739755619519085,1.1606420356136578,-0.5371699849871888,2.385407582324746
byst,11,1,11.0,2.390962590857764,1.3306255684213535,-0.5371699849871888,2.6629021665797166
n0,7,1,7.0,1.3643281590068304,0.9477593610091233,-0.5371699849871888,2.037881040731436
ijacsa,9,1,9.0,1.8739755619519085,1.1606420356136578,-0.5371699849871888,2.385407582324746
advanced,13,1,13.0,2.9113818776869285,1.4721332430501923,-0.5371699849871888,2.8939105042193467
2024,9,1,9.0,1.8739755619519085,1.1606420356136578,-0.5371699849871888,2.385407582324746
mobilenetv2,20,1,20.0,4.743529696951736,1.8370395477896793,-0.5371699849871888,3.4896124622452316
resnet50v2,17,1,17.0,3.9570952679550113,1.6993734988405087,-0.5371699849871888,3.264875498680694
vgg19,24,1,24.0,5.793548555685986,1.991479947069009,-0.5371699849871888,3.7417332040742246
specificity,23,1,23.0,5.530933502877365,1.9554286761189623,-0.5371699849871888,3.6828802535624585
transfer,36,2,18.0,3.928009501859959,2.334940118708667,0.5121458509569364,3.3439161889452156
vgg,7,1,7.0,1.3643281590068304,0.9477593610091233,-0.5371699849871888,2.037881040731436
vgg16,7,1,7.0,1.3643281590068304,0.9477593610091233,-0.5371699849871888,2.037881040731436
computational,35,4,8.75,1.5859196115412086,2.311077216464462,1.5614616869010618,2.3464518903939044
disease,11,1,11.0,2.390962590857764,1.3306255684213535,-0.5371699849871888,2.6629021665797166
strawberry,8,1,8.0,1.6177985932376384,1.0608707338818455,-0.5371699849871888,2.2225330059622936
leaf,14,2,7.0,1.192392676912969,1.5349084025566282,0.5121458509569364,2.037881040731436
fig,33,1,33.0,8.159008638164078,2.2612347816085165,-0.5371699849871888,4.182102364691647
dataset2,7,1,7.0,1.3643281590068304,0.9477593610091233,-0.5371699849871888,2.037881040731436
dataset3,9,1,9.0,1.8739755619519085,1.1606420356136578,-0.5371699849871888,2.385407582324746
experimentation,9,1,9.0,1.8739755619519085,1.1606420356136578,-0.5371699849871888,2.385407582324746
2022,11,1,11.0,2.390962590857764,1.3306255684213535,-0.5371699849871888,2.6629021665797166
khan,21,2,10.5,2.0623741400952267,1.8783685741962868,0.5121458509569364,2.598572632222897
2023,7,1,7.0,1.3643281590068304,0.9477593610091233,-0.5371699849871888,2.037881040731436
i2,22,1,22.0,5.268384677972932,1.9177746099688584,-0.5371699849871888,3.6214107732001866
1iii,15,1,15.0,3.433673162565237,1.593350677881833,-0.5371699849871888,3.0917954471162226
swn1,10,1,10.0,2.1318835993066867,1.2498905062421748,-0.5371699849871888,2.531103855624762
n1x,11,1,11.0,2.390962590857764,1.3306255684213535,-0.5371699849871888,2.6629021665797166
1i2,26,1,26.0,6.318944313873694,2.059282284597697,-0.5371699849871888,3.8524191108398167
propst,7,1,7.0,1.3643281590068304,0.9477593610091233,-0.5371699849871888,2.037881040731436
language,38,3,12.666666666666666,2.4410935495587953,2.3807392188685124,1.1259562663971225,2.8579906765449916
picking,10,1,10.0,2.1318835993066867,1.2498905062421748,-0.5371699849871888,2.531103855624762
hyperparameters,9,1,9.0,1.8739755619519085,1.1606420356136578,-0.5371699849871888,2.385407582324746
setups,13,1,13.0,2.9113818776869285,1.4721332430501923,-0.5371699849871888,2.8939105042193467
uuparser,10,1,10.0,2.1318835993066867,1.2498905062421748,-0.5371699849871888,2.531103855624762
machamp,8,1,8.0,1.6177985932376384,1.0608707338818455,-0.5371699849871888,2.2225330059622936
external,28,2,14.0,2.9329081486905686,2.122057444104133,0.5121458509569364,2.9963896473519056
linguistics,28,2,14.0,2.9329081486905686,2.122057444104133,0.5121458509569364,2.9963896473519056
lynn,16,2,8.0,1.4408440559517086,1.6480197754293502,0.5121458509569364,2.2225330059622936
behaviors,11,1,11.0,2.390962590857764,1.3306255684213535,-0.5371699849871888,2.6629021665797166
humans,7,1,7.0,1.3643281590068304,0.9477593610091233,-0.5371699849871888,2.037881040731436
pgnn,7,1,7.0,1.3643281590068304,0.9477593610091233,-0.5371699849871888,2.037881040731436
ast,30,1,30.0,7.370233093979498,2.1804997194293376,-0.5371699849871888,4.050304053736693
comprehension,9,1,9.0,1.8739755619519085,1.1606420356136578,-0.5371699849871888,2.385407582324746
clone,20,1,20.0,4.743529696951736,1.8370395477896793,-0.5371699849871888,3.4896124622452316
programming,38,2,19.0,4.176801738137995,2.3807392188685124,0.5121458509569364,3.418682268036452
allamanis,9,1,9.0,1.8739755619519085,1.1606420356136578,-0.5371699849871888,2.385407582324746
summarization,21,1,21.0,5.005912501496326,1.8783685741962868,-0.5371699849871888,3.557081238843367
api,13,1,13.0,2.9113818776869285,1.4721332430501923,-0.5371699849871888,2.8939105042193467
edges,22,1,22.0,5.268384677972932,1.9177746099688584,-0.5371699849871888,3.6214107732001866
oov,8,1,8.0,1.6177985932376384,1.0608707338818455,-0.5371699849871888,2.2225330059622936
gnn,10,1,10.0,2.1318835993066867,1.2498905062421748,-0.5371699849871888,2.531103855624762
embedding,14,1,14.0,3.1723512312917093,1.5349084025566282,-0.5371699849871888,2.9963896473519056
subgraph,22,1,22.0,5.268384677972932,1.9177746099688584,-0.5371699849871888,3.6214107732001866
feng,8,1,8.0,1.6177985932376384,1.0608707338818455,-0.5371699849871888,2.2225330059622936
codexglue,11,1,11.0,2.390962590857764,1.3306255684213535,-0.5371699849871888,2.6629021665797166
functionalities,10,1,10.0,2.1318835993066867,1.2498905062421748,-0.5371699849871888,2.531103855624762
subtoken,11,1,11.0,2.390962590857764,1.3306255684213535,-0.5371699849871888,2.6629021665797166
alon,7,1,7.0,1.3643281590068304,0.9477593610091233,-0.5371699849871888,2.037881040731436
edge,8,1,8.0,1.6177985932376384,1.0608707338818455,-0.5371699849871888,2.2225330059622936
node,13,1,13.0,2.9113818776869285,1.4721332430501923,-0.5371699849871888,2.8939105042193467
plbart,11,1,11.0,2.390962590857764,1.3306255684213535,-0.5371699849871888,2.6629021665797166
codebert,11,1,11.0,2.390962590857764,1.3306255684213535,-0.5371699849871888,2.6629021665797166
vocabulary,10,1,10.0,2.1318835993066867,1.2498905062421748,-0.5371699849871888,2.531103855624762
memberreference,8,1,8.0,1.6177985932376384,1.0608707338818455,-0.5371699849871888,2.2225330059622936
csn,10,1,10.0,2.1318835993066867,1.2498905062421748,-0.5371699849871888,2.531103855624762
tlc,12,1,12.0,2.650869234130247,1.404330905521504,-0.5371699849871888,2.7832245974537546
bcb,20,1,20.0,4.743529696951736,1.8370395477896793,-0.5371699849871888,3.4896124622452316
disadvantage,12,1,12.0,2.650869234130247,1.404330905521504,-0.5371699849871888,2.7832245974537546
implicitly,15,1,15.0,3.433673162565237,1.593350677881833,-0.5371699849871888,3.0917954471162226
iss,53,1,53.0,13.420699003888648,2.6625666141964617,-0.5371699849871888,4.837268239837145
modest,9,1,9.0,1.8739755619519085,1.1606420356136578,-0.5371699849871888,2.385407582324746
madow,8,1,8.0,1.6177985932376384,1.0608707338818455,-0.5371699849871888,2.2225330059622936
wolter,8,1,8.0,1.6177985932376384,1.0608707338818455,-0.5371699849871888,2.2225330059622936
hy,19,2,9.5,1.8137168446642986,1.7935901773210075,0.5121458509569364,2.460173661415983
eleven,13,1,13.0,2.9113818776869285,1.4721332430501923,-0.5371699849871888,2.8939105042193467
integer,25,2,12.5,2.5597906360015275,2.0260593201500083,0.5121458509569364,2.83967470528723
arthritis,9,1,9.0,1.8739755619519085,1.1606420356136578,-0.5371699849871888,2.385407582324746
dissertation,11,1,11.0,2.390962590857764,1.3306255684213535,-0.5371699849871888,2.6629021665797166
ahsan,10,1,10.0,2.1318835993066867,1.2498905062421748,-0.5371699849871888,2.531103855624762
compromise,48,1,48.0,12.104960077002355,2.5786289886165137,-0.5371699849871888,4.700241810694695
nfj,13,1,13.0,2.9113818776869285,1.4721332430501923,-0.5371699849871888,2.8939105042193467
cq,7,1,7.0,1.3643281590068304,0.9477593610091233,-0.5371699849871888,2.037881040731436
whsh,8,1,8.0,1.6177985932376384,1.0608707338818455,-0.5371699849871888,2.2225330059622936
sukhatme,8,1,8.0,1.6177985932376384,1.0608707338818455,-0.5371699849871888,2.2225330059622936
chatterjee,10,1,10.0,2.1318835993066867,1.2498905062421748,-0.5371699849871888,2.531103855624762
nlpp,19,1,19.0,4.481251962875712,1.7935901773210075,-0.5371699849871888,3.418682268036452
off,10,1,10.0,2.1318835993066867,1.2498905062421748,-0.5371699849871888,2.531103855624762
integers,8,1,8.0,1.6177985932376384,1.0608707338818455,-0.5371699849871888,2.2225330059622936
ck,7,1,7.0,1.3643281590068304,0.9477593610091233,-0.5371699849871888,2.037881040731436
fl,7,1,7.0,1.3643281590068304,0.9477593610091233,-0.5371699849871888,2.037881040731436
nres,14,1,14.0,3.1723512312917093,1.5349084025566282,-0.5371699849871888,2.9963896473519056
float,16,1,16.0,3.695272871609357,1.6480197754293502,-0.5371699849871888,3.1810416125827636
flk,8,1,8.0,1.6177985932376384,1.0608707338818455,-0.5371699849871888,2.2225330059622936
hth,7,1,7.0,1.3643281590068304,0.9477593610091233,-0.5371699849871888,2.037881040731436
sh2,27,1,27.0,6.581711795782485,2.091251248800821,-0.5371699849871888,3.9046077804366766
nhsh2,11,1,11.0,2.390962590857764,1.3306255684213535,-0.5371699849871888,2.6629021665797166
opty,9,1,9.0,1.8739755619519085,1.1606420356136578,-0.5371699849871888,2.385407582324746
nhsh,17,1,17.0,3.9570952679550113,1.6993734988405087,-0.5371699849871888,3.264875498680694
propy,8,1,8.0,1.6177985932376384,1.0608707338818455,-0.5371699849871888,2.2225330059622936
rany,14,1,14.0,3.1723512312917093,1.5349084025566282,-0.5371699849871888,2.9963896473519056
kzn,76,1,76.0,19.47423603137285,2.967888260416017,-0.5371699849871888,5.335699481277392
ykyy,16,1,16.0,3.695272871609357,1.6480197754293502,-0.5371699849871888,3.1810416125827636
yy,7,1,7.0,1.3643281590068304,0.9477593610091233,-0.5371699849871888,2.037881040731436
ykmstzo,8,1,8.0,1.6177985932376384,1.0608707338818455,-0.5371699849871888,2.2225330059622936
mwtztmkw,26,1,26.0,6.318944313873694,2.059282284597697,-0.5371699849871888,3.8524191108398167
wsv,10,1,10.0,2.1318835993066867,1.2498905062421748,-0.5371699849871888,2.531103855624762
vuk,10,1,10.0,2.1318835993066867,1.2498905062421748,-0.5371699849871888,2.531103855624762
22n,30,1,30.0,7.370233093979498,2.1804997194293376,-0.5371699849871888,4.050304053736693
t1,35,1,35.0,8.684966041083632,2.311077216464462,-0.5371699849871888,4.2634691036348435
r243146,10,1,10.0,2.1318835993066867,1.2498905062421748,-0.5371699849871888,2.531103855624762
42u,16,1,16.0,3.695272871609357,1.6480197754293502,-0.5371699849871888,3.1810416125827636
zo135,11,1,11.0,2.390962590857764,1.3306255684213535,-0.5371699849871888,2.6629021665797166
zkw,16,1,16.0,3.695272871609357,1.6480197754293502,-0.5371699849871888,3.1810416125827636
jio,13,1,13.0,2.9113818776869285,1.4721332430501923,-0.5371699849871888,2.8939105042193467
ð,17,1,17.0,3.9570952679550113,1.6993734988405087,-0.5371699849871888,3.264875498680694
ytm,9,1,9.0,1.8739755619519085,1.1606420356136578,-0.5371699849871888,2.385407582324746
z1,8,1,8.0,1.6177985932376384,1.0608707338818455,-0.5371699849871888,2.2225330059622936
534,10,1,10.0,2.1318835993066867,1.2498905062421748,-0.5371699849871888,2.531103855624762
kzmo,9,1,9.0,1.8739755619519085,1.1606420356136578,-0.5371699849871888,2.385407582324746
zo,9,1,9.0,1.8739755619519085,1.1606420356136578,-0.5371699849871888,2.385407582324746
zwþ,8,1,8.0,1.6177985932376384,1.0608707338818455,-0.5371699849871888,2.2225330059622936
io,8,1,8.0,1.6177985932376384,1.0608707338818455,-0.5371699849871888,2.2225330059622936
w1,20,1,20.0,4.743529696951736,1.8370395477896793,-0.5371699849871888,3.4896124622452316
wtoj,16,1,16.0,3.695272871609357,1.6480197754293502,-0.5371699849871888,3.1810416125827636
μ,7,1,7.0,1.3643281590068304,0.9477593610091233,-0.5371699849871888,2.037881040731436
ˆr,8,1,8.0,1.6177985932376384,1.0608707338818455,-0.5371699849871888,2.2225330059622936
