y,x1,x2,x3,x4,x5,x6,x7,x8,x9,x10,x11
-123.74132357684569,-6.348979775695293,-4.841807522705078,-16.937247796416678,-43.29780830736457,10.477577034309736,2.5514076002566535,3.7568765545871066,3.5593908754362253,-11.59997058820977,17.751198150888083,-7.632436967812005
-80.07493849851195,-0.14606550751593456,-6.407579563049906,-5.082114401628746,-32.558472211989425,9.216884509751912,6.776061910091486,3.7120923909887185,4.679755920092633,-11.650246227538924,8.23671436086651,-29.98285848184741
-80.71514894369218,2.165239096776993,-7.531121169804154,0.938576611384601,-31.16744355649955,8.581044507569148,0.17583679288641907,6.179562965327618,6.843670222620256,-11.932949977265974,14.258152339908776,-17.009905140031865
-31.275663145729517,0.6277143814332955,-4.778448570827719,0.5088577389259268,-22.044137535437837,10.282603076245408,4.428957569963804,15.357394407498814,7.573591195993143,-11.286205302873618,18.52692396542929,-4.131492400126129
51.909475415377585,5.6641080304007145,-11.024857596798263,13.537195466781942,-38.11759258328317,10.727045642060668,4.187481743550006,6.448560993160773,6.385128139034472,-11.366835829217829,15.874941081470842,-12.051788217271044
67.92242211174374,1.948965400218829,-7.722467469728768,4.635720191565286,-32.68851927723461,8.667780602915103,-1.8733617347850702,-2.2395963269825874,8.23788468636679,-5.83990077925298,22.019468396799507,26.716017854852762
-26.94833784418067,2.4267237435239037,-5.476253339116398,6.8356064726969,-20.14755820533613,10.137717002723415,3.59846843683414,6.74140658113218,2.262771729466615,-7.129824407790892,1.0728063898317979,-27.721888745240207
-139.34914038989757,-5.980572878278712,-5.858589188181643,-13.119997263407907,-47.22825866100731,11.541328024759304,3.097670834440319,8.351736166708763,-2.445789184344088,-7.224309412244438,-2.446915747539294,-35.329454143232994
-109.07627868880087,-5.215762987182317,-4.447132644627572,-17.170885615176186,-37.86681284833249,12.845740094607692,4.0495830898161564,2.380386911578867,4.0169472077478625,-6.226890456957303,10.634147149388763,-1.040897255601902
-32.049659639531626,1.111962763808853,-3.2020891790627877,-4.379125802338155,-12.675511612805158,14.279762012541571,4.4210399491079215,13.880353532233437,2.2627029747504688,-9.787364074496937,7.610658063780414,-23.775597578404724
-34.35335995614288,-1.203965228159757,-3.2537548216618672,1.1171998571869262,-19.863848031221735,15.657818526933102,2.8919008623682085,10.80576662100578,0.4328000655883746,-7.5121303101611545,-2.894086104402966,-38.75331135432409
-53.66920510238734,-3.3123644214713677,-3.1312914762100394,-6.345994266585043,-25.584986319353657,7.835559569965583,6.9093332960141005,3.339122554719144,4.592826738926993,-9.070688578239505,13.651878553966483,-6.4675789931711005
-41.15439811410944,-0.8096697433571871,-4.694457164006728,-2.7846224295125217,-25.93848764072295,8.124302792681373,8.874585820244468,13.876468709158154,3.8315765985876293,-8.32014305802064,12.508581143064069,-6.01635150634319
40.80793063429364,1.9283070252863972,-5.468273260680425,-2.019552835451295,-21.560452897589013,11.4387299521219,1.351024788412488,21.55516244018916,7.729797683861507,-5.170837611340269,11.602335888280141,4.908558842606545
-34.41218357017094,2.215831378345374,-7.0877950482163214,10.811694445915105,-28.7447033454676,11.640235645932204,2.4941157385641763,8.238912820067059,7.2849705457044305,-12.356891837652874,12.300105973845916,-23.66200344608892
-71.58868308826261,-2.0134708781367054,-3.5721071491159666,-6.286003189595613,-23.991518556126568,10.651924817656862,0.09003013430278539,-3.8953093838069996,3.3017481816116505,-11.577717553695638,7.487888458235937,-31.74209642465532
-10.991032249194644,2.0991003752569664,-1.4017618267209855,1.9388998045321086,-0.6874591604450965,13.646341091286725,-2.042998267955113,9.349295250645053,1.4017976108033663,-10.00943392511315,7.992440593491873,-22.88779640551096
-58.91393516378609,2.8304939514302614,-6.421047516088913,2.6559932388413805,-23.60664926419357,11.625087457503188,-1.7048157032231561,-2.1171675106818615,1.8270207963427754,-8.430094359004546,8.608775902314967,-16.562057398992447
111.19623196180471,0.447110453269768,-8.169045600956132,-8.287834259171388,-39.491119739962976,18.24073256067681,3.69719917466731,6.682294025773225,1.9402351060374938,-10.857344939239429,12.417793677778834,-16.997328401233172
-39.974086980569794,2.915201525408585,-6.558701354585539,3.790310192115783,-24.02916198688622,14.082714273803992,-0.8852042701507141,-0.4027085117525626,4.588156940991533,-9.33046794707932,11.18667146106192,-13.486219991169614
-53.16358444900306,0.960385025696421,-3.9777781971166046,2.696685395576578,-17.009608824146316,12.005402027904823,-0.016226444837487364,7.311634119535114,6.400022319089667,-14.898260262399114,7.245169640194344,-46.00169659527812
-14.792910118167205,0.8150991016631195,-3.1383843981023256,3.9238699530349956,-13.213953682161035,9.356723442531631,4.546343506939605,1.6281849199815914,4.508307205763451,-6.259629229464979,7.483241056393686,-9.747219446923266
-13.675335249476756,2.6661790690070886,-5.893267471265206,7.880160029445857,-21.525234385093,11.595629370359681,2.948608272928593,2.763106692948525,2.414854287054023,-12.09171523379214,6.225788525277329,-37.45735909181365
-0.9926790634397857,2.1014966435689093,-6.156266551616456,12.500391407382391,-24.464497666444238,9.22269026764273,8.616822111822911,-4.979707475028128,2.9423437380544577,-9.831156812257206,16.226405127105217,-3.8068507812827526
-14.129805172408894,0.31078812158399927,-1.4051841270066836,-5.240663979808069,-6.0555891372490755,13.25708910228576,2.3340492465390135,0.9062619957387188,2.9257327083932596,-8.724112501803786,6.1155310412088095,-23.19706102600226
-5.104792411842771,1.0272422567988218,-3.071967080629923,3.3103505783010796,-12.324770387909563,10.53193083364038,1.8456048473114972,14.306123570645962,0.9406066469802665,-10.891605038363128,6.36414215099054,-31.03755762925005
-63.00080619142825,2.2304062373902616,-5.741674383598144,-0.21795620818385952,-21.996927916526843,15.7317515652587,-4.404819917609769,13.424123640823144,5.1459897284685905,-10.932852816856096,7.344689572089161,-28.780805848876657
-22.455244375876447,-1.7565301622808436,-1.6345447318907622,0.6046999203002459,-13.461126555176886,10.680085483698221,-0.09954213164236858,9.508420243220137,5.05713974351727,-8.933699915959489,9.128681917173878,-16.722667644675294
41.56547784452139,4.209988641408249,-6.063501520373513,4.872619834362267,-17.740975493278217,8.642776668847002,0.4246582371271659,10.179625030168273,-5.410014373672432,-11.300120241573646,-3.1975133306713674,-54.47643320293369
2.890797904818114,2.1864776048166004,-3.7608983282126993,6.6241687949664865,-12.173505470479832,12.217243590647143,7.6455495375970255,-6.417667656509506,1.6377304256933578,-7.351609118277313,2.3805738909216645,-25.096544916017837
-116.87687709920652,-4.547869931928296,-5.767350752193191,-6.22227439098744,-42.41595286667265,10.512925404673659,0.29111883113512427,5.426750555466141,6.616846352654622,-12.667725364031835,10.603427330882397,-28.465750757412014
16.56591888127165,0.2192266279392051,-1.9566694683125916,-0.9464761671807425,-9.172453590234623,8.324593445398506,4.089371761639264,13.956905978925448,7.317211584252311,-4.475389707011686,9.457001844554968,3.0922121162332132
-102.41600852119862,-6.093046734982515,-3.0068360801585845,-5.898564714788528,-33.308023366317485,12.278119409221254,2.9296536626958276,7.356259152460224,-1.2343801166367374,-7.995970729201247,-0.9692502103931511,-36.311318569135274
-30.758684195464493,4.811082995922467,-5.03670942756939,7.590986790168025,-10.810035372712747,9.842060371350927,-4.50180665097826,-2.997049446874586,5.762815468011661,-6.943695092371267,12.959946956201907,1.1979155074621701
-85.00661981721429,-2.1161236129981353,-6.567622352064855,-2.398542539077356,-39.13303118030585,9.898012947512663,-0.3041831362676515,-10.130750858806191,2.0855564852629027,-11.313483127017983,2.432052561757655,-41.89287206586181
-96.07368431095962,-2.0489576441621535,-5.644717123975536,-9.993088499350629,-34.32640958040084,10.13747504448525,2.9380920348501,-6.722283453972786,5.597964876756415,-8.79995254929612,13.985289936621175,-4.864256977419559
-97.61254401218903,-1.7964164999607988,-5.914849333755969,-6.679246290434008,-34.93418065327624,15.177398804717278,-6.020727367111084,1.5868556154560336,-2.9870054564373785,-12.043393415478619,-4.363961824503244,-61.19949304597499
-19.894493425750735,2.342690980821907,-3.5161068670609614,9.603194557887047,-10.517543719907374,9.3057505391195,-7.061159725392194,16.9047049758141,6.738314352315481,-10.9354692588326,8.052090429606908,-26.812057370278286
-32.69496152083885,1.478184948297491,-2.764783793828621,-6.241100517005762,-9.436006361096668,11.029090772795078,5.95833318913382,-1.2553631851440956,6.88746424152791,-9.191583771032004,15.61688005151255,-2.2418622800153085
27.38133854336562,5.695460043673379,-4.266627560870929,14.419896737799572,-4.257957180992795,13.254179625114585,3.9357655898872164,5.457317389756371,2.619140710087456,-6.531532180260608,12.26770466608367,1.2477327177180104
-73.7272910823572,-1.1999034843344403,-6.171048680754571,0.8117970112523305,-34.45898856150456,8.689002989381969,2.8881046406435367,12.8047501979986,7.732456705683443,-8.919125951880265,18.060830743088136,4.37843545666353
8.99997591285323,2.2945059002810533,-1.4001005748440365,7.080735290282032,-0.12394688498936778,9.113571602804079,-6.018060880074975,16.63871313486768,6.992978735410427,-7.993858648318071,23.327027280473132,20.560937602415112
-166.67708612820337,-6.448012117991826,-6.786100980543633,-17.936709428239258,-53.307365323095894,11.567004739633852,6.233898497208872,2.4232638638468167,5.371615042729991,-13.737448908850816,15.366326567414976,-22.078707622628684
-88.91894822521627,-1.8765378511666895,-7.176854735911704,-1.737658860035014,-41.491100087756806,12.36064473813105,2.0303675101900787,-6.670369814629515,-1.9482806139309776,-9.265357942736808,-5.4811793883109665,-51.46406531336246
-92.17893572731455,-4.838001001554099,-5.290461355333643,-9.420106058775069,-40.94844293417333,11.581500665970445,3.815683984388884,-4.099811881874427,1.160733682434011,-12.167979329277266,2.4425406200173407,-45.609478603091745
-84.56922398131573,-1.5932077996457021,-4.879717105061961,-7.458509397830459,-29.25905013097678,10.709565912272403,-6.21699950451087,-2.070018488401482,5.1818202522148304,-8.416483790532613,17.599912022559682,5.497003963739551
-95.96678406957884,-1.6229651509394998,-5.861276673672751,0.5616646371161713,-34.175110612446545,11.902531136105145,-7.148256267575903,-1.256513557934567,6.0406193487906865,-9.86478658114576,13.770232038971072,-8.866321379176014
-102.54890289822546,-1.0008898043326795,-6.125846621565196,-2.683811658011721,-33.60714029012229,12.88002217009759,-1.128232478516984,-2.567854231887848,2.6751950156891295,-12.589121317488068,1.2360011590009403,-50.04081910487012
5.871672003029941,0.5810152144093299,-1.8172835980010964,2.480170513669462,-7.388634180308899,11.708966600153413,6.436887932027391,13.53854790639291,-0.6398428155200211,-11.579432214381756,1.9724206207878368,-44.096343091547105
-73.88331556646247,1.7209904678187247,-6.947036354249628,-1.588703004461876,-29.681852230391105,9.176274052998277,1.8867827824881847,7.823009107975154,4.529773762755525,-12.059473054731432,9.650447662477125,-28.7366091230291
-102.09682165060241,-2.520494584402231,-6.895658396854797,-4.931433355910475,-42.04962408390294,9.376989000362773,3.224910514400549,3.4367218322939985,-0.9844202854538331,-13.758860549262371,-1.3025634112225069,-60.96456186905791
-97.33349666640547,-2.512893662242262,-4.895496136041903,-7.230920769870953,-32.08722756620621,9.778290800157674,1.4522920885362316,7.859231329456799,6.210949337636263,-10.588356756997877,13.769676968535606,-13.592364861533223
-15.903568031172949,0.5003998429797659,-3.6250492095120155,3.414272010713465,-16.583261552669637,19.1477020921606,7.02368090589772,3.611885502156957,7.124117839582322,-9.796756297390777,17.95702013573152,0.18987620861978696
16.231230378835875,0.4548442971217138,0.47747266167232283,-0.5956539438382207,3.8078385605597678,9.365325128865445,-0.14540212251730367,17.77575998735525,-0.5475808922743237,-9.5413634497476,-0.6039696917117452,-42.0206206091904
-16.22637376380088,0.8264785753364818,-5.080401050508227,3.0782873509125306,-22.846166526324005,11.239055063556862,6.828801644274228,-1.2237674618038188,5.802987093533193,-11.329542492029812,17.05039159341974,-8.204150662830727
49.68302886639405,-2.1199142939424735,-4.068327800129973,0.034747905472590546,-26.74999409103041,17.644661122778885,3.309521763961871,-0.5993835385382456,4.667423630725261,-12.552949040709468,18.332988060183713,-10.075647523337432
-93.78388653461347,-3.1084532213621126,-4.531654297255726,-10.10399697532015,-31.917663340713922,9.29207574889538,4.255635618834649,-1.5347132953792642,-1.98707668322671,-9.755126448941628,-8.093841532996372,-59.38787921988215
25.23140447647625,4.938188785456732,-4.167943413656695,13.754311101180857,-6.072260447392665,10.085725444609892,4.770274958455676,18.849635706706472,3.5077884118917937,-11.632296773486036,14.593120024386804,-14.620403370099616
-35.98611759551822,1.81255241320556,-4.769917061178247,3.3586882553916193,-18.355067474895176,7.64509772194173,-5.955840213795675,11.851233189071959,4.532632814086088,-9.373470614029532,13.921643012176485,-8.355269094200622
-53.06384062934074,-0.9687507865472845,-4.818220598487937,5.777839832311363,-27.06494985582271,13.541257237724995,1.963456716223762,7.665003716006679,6.56963708016842,-9.570563504742971,15.950842857520703,-3.8145359560994567
-12.09687946275607,-0.7820835827266179,-2.6743684611611336,4.5349833790132745,-15.671287621565721,9.741977571194967,3.994161650188975,-4.177301492874298,6.803183661477036,-9.710139668921126,15.271107845601652,-5.424768712369445
-47.75944191577305,-1.405458023201899,-2.658579542823961,4.887996507227289,-17.439511522178368,8.922472335179018,-0.95440626426503,4.247779630366992,5.230099567432867,-13.402386642887414,10.731611238325735,-31.30886657406861
-141.14202475567893,-3.012084362476852,-6.618778988874195,-3.124507380409411,-42.17048866013201,8.717370110395956,-13.000570822454286,6.679964992968945,8.259383675146708,-11.841902810173693,15.875473398284834,-13.24328138916233
-72.51040935204429,-4.189579871477332,-3.574088003396731,-6.799281112936381,-30.426266075755507,8.573724381859195,4.651979650456228,0.18923662918501094,4.151175766953973,-6.178149249699076,3.1532975185846377,-18.77924965903422
171.57137607249473,-6.882920250485077,-8.375061463515383,-15.706907466850264,-62.50466195742628,10.608015636043408,2.505165677575165,4.950661273495713,9.539444068947882,-13.797959791145004,20.716682772835096,-11.068023513679087
-1.2273712902677225,6.373719679095406,-4.937066793235036,10.786135148276475,-5.560343292210035,9.394192002571915,3.4125850224108447,1.1652590972715213,6.64707351164719,-9.91157622018424,13.635717684124149,-11.017926029012614
-52.138796639403026,0.9354868690722078,-5.038566515124938,1.4420295379263055,-22.43177653843766,11.94777501042145,1.1202067672483693,3.7007366055094497,6.454628580125938,-14.63558983721419,14.366220057666997,-28.27644550527628
-125.50888316769439,-5.594101841167863,-7.330528573406658,-5.812142033000409,-53.4222608388514,9.102085051814067,-1.3486058543823987,12.140676171552773,5.900672887370976,-9.28003310865097,11.88652548389268,-10.62333413910446
95.26442348028823,-2.050840655095206,-8.636793999515401,-3.9654322957691153,-49.31743759746928,9.952311626873765,11.51047686568889,-5.707288955644497,5.910982626468655,-6.612741766734112,23.390289358466013,25.69832994155291
-18.95330792689978,3.0185780143809557,-4.876623186868115,10.047393737054007,-15.338027729368244,16.85015078197854,8.677975033533041,16.9433332475771,2.8693864561479505,-15.72174780239588,8.700917347310941,-45.82695353960668
-19.18314889555821,4.270048756933594,-5.225819829472268,6.213029628920299,-13.241902468072597,9.957868412539085,-0.04082114047614649,5.622944957205019,4.517830724596123,-11.240574579665246,5.198200254108086,-35.11606667798887
-94.40876040540228,-1.4277579891884045,-6.032994001563551,-3.769961633612922,-34.471335230273276,8.57143236720682,-8.63953569560011,3.618792405986401,5.219321780658004,-9.123389387632642,10.648584653173229,-13.688934870051916
-174.15934626907637,-2.368828038201938,-9.388383721727946,-7.662793228068918,-54.020686786595334,11.18334305717859,-7.669170490113881,-2.0754880808108673,2.390966272335018,-10.029572947549248,7.290933405988442,-25.711649522770987
-17.069359863679388,4.639183411074401,-7.668984499426165,5.31160811640099,-24.452393141655545,12.601345438214494,8.771123355767127,10.091474803715775,6.350874094213641,-12.229581501154751,21.61335936043813,-2.113098415250472
-10.970791286510057,1.35152363739442,-5.493232293694846,6.112354733350369,-23.35513660077493,10.795355759613573,7.0213114387562,4.331888905373707,3.2635696986751492,-8.160733306134219,9.711713113954275,-11.378884494419944
20.98528363356986,4.583413794196581,-6.436322222093767,4.243418157032832,-18.351251703706435,8.956575403634714,2.481591810670675,12.08279272917369,0.2636406615464577,-14.23102275649682,9.549883552470408,-38.403572326732196
33.90375286282818,-1.4782540192809752,-4.35457001653796,6.193755880872952,-26.115594897223144,11.116925654958841,7.646433645678094,14.442185658964288,5.995778035009827,-13.707455625402648,16.927972834008024,-18.60546892318308
-109.94410602268601,-6.340516047418687,-5.816736001041622,-8.472544927744401,-48.09463765070681,11.850130557859908,3.320837615315234,9.39070398170311,3.2678677110302377,-10.908015811112831,3.535959051309389,-36.80244014679252
17.892758770600373,3.7803930954911986,-3.518960141897823,14.378947004229099,-6.284826745961209,8.312097859707864,-10.568217674087581,-1.0991200404778834,9.155640143833505,-11.592132844455985,16.491114331478556,-10.233506907049144
80.08367848284226,8.612081626857815,-2.664829649580802,20.685722579621153,12.528457680469788,11.640561160947913,-2.448866620411156,-0.7161153465357541,5.049078441776414,-9.347533170135884,17.375970228103355,0.542575946767073
43.8378059514723,1.8260722338848017,-1.9156102447208032,2.0766248827746674,-4.09346320744821,10.496315282088322,-14.451352460466794,7.945275470034002,-1.1695937068856814,-9.533360462368206,1.1066374287862937,-37.94066847348716
-72.68219070547556,0.7065200025050936,-4.694512514731382,-5.546388473561071,-21.44134411537913,8.98544508096539,-4.658613009157076,2.4734259763284294,6.080493782936743,-10.446976976140693,17.5449465829296,-2.9784021052045713
-137.62365915858135,-3.6856651787837866,-8.995908670276338,-9.625702537491971,-56.00951251351075,9.874856229363647,3.2127094621973358,6.193714931512781,8.053617277917137,-13.19076105444093,9.714123375945467,-33.11245331092954
3.6630335212726015,4.13485993566993,-4.692880403320351,8.926865476145966,-11.105109475541264,9.230104011253543,1.7490310669184979,13.37058386669015,3.8091029471275832,-10.814975053859948,10.567403423667887,-21.26810575792255
-25.713423088422765,0.2938523991085193,-4.146206287327152,9.81851152041786,-19.942065018847934,8.539332727960081,0.9254471274010729,8.21312512208845,-0.9818930960002383,-11.216888833075066,-4.2039603341231535,-56.93421880033116
-59.55917222393681,-1.0942198296282157,-3.558393382963258,-4.339910862824545,-21.035676234689035,11.029602438383435,2.165339436842007,11.766960271489285,-3.3639439828600564,-7.905396473643405,2.6107181271231763,-27.201982048975506
-93.3542559819219,-1.6141366730082538,-5.7763283794766584,-4.280581346517273,-33.7077580989325,17.505916792978667,-7.869295653937247,16.486194565157398,5.6526173984605075,-7.966420283814529,16.23553571691884,3.7658206689629603
-76.5814172105081,-3.4214401868918722,-1.6870197211853535,-10.613310430533614,-18.72521910483071,13.417404938472234,-1.3928517448028241,4.36128393381865,8.165303317591746,-8.592532291149126,15.537460550608284,-0.8347343398179676
-53.93249451426578,-0.018785942193449187,-5.5874362761090115,1.5146061316627566,-27.950133285342034,8.129860348199703,2.5288629621919547,15.664308431453662,2.212491479328178,-9.606014096629757,5.698171176847168,-26.271123790521333
-56.539014745841,-2.500879102359326,-2.6788060162931973,-6.168839127714259,-20.97546202011747,7.682438169459355,3.861539904557687,6.892450577557655,4.10600854851416,-8.519450306292004,4.017773504008755,-26.449299869936315
-77.28365895090704,-4.280165808803865,-4.14014513884666,-4.51922171888892,-33.54630908334116,12.535071752289333,0.7133187542202482,16.082215032265648,8.045811504251052,-13.282434741719726,16.405886313761684,-17.790554191833834
-113.61935292867948,-3.6127545865752166,-7.292755015816823,-16.6675108624852,-47.29393375219212,8.642826399355926,4.459653775966219,5.351215582336962,5.131008232597776,-10.434852156160543,15.751534714918899,-6.913753826389507
-65.39087322408469,-2.908465067232066,-3.7989783059013735,-7.088518925735894,-27.74210046967887,9.95900643709075,4.229290735294529,8.301217428190927,2.2037475458551326,-13.647401098098214,10.632213885483457,-33.59328211094343
-61.29787202653795,-3.68926772580352,-2.977584252653747,-2.7780697874336457,-25.95284410285504,9.29818656555673,1.7170428071089452,14.269621438203924,0.805787372827286,-10.868791837973514,1.4128492254135905,-42.999184643274866
-72.01322434631285,-4.935160512256397,-4.7800926315935275,-3.4727047568190237,-38.657658144803925,9.125537967360097,4.684386174455099,19.78642070912278,2.3785564307507325,-6.940420459248586,11.273753313942443,-2.9200936459274685
9.650949319116275,-0.16397428990488921,-1.2160025380391728,6.207911796261944,-6.688903486454177,10.980987296092502,-2.677377445429494,-5.992238272391358,4.494071244207726,-11.044936149927645,18.361426734748534,-4.519361812283907
-143.32814915766875,-6.049784406121512,-4.860159385086071,-17.96089111665139,-42.42091705169727,7.991837301741639,-2.1119065791942457,12.582637659848915,-2.6309636974077275,-7.914795903009753,-3.1172401345126395,-40.927209304950615
-48.96259981269119,-1.7691491913207071,-4.679454135825824,4.387382767445208,-28.780775097132484,9.160430568973961,-4.5913743691452655,-2.692642593909545,0.6926277192529882,-10.820278075449396,5.143408363366286,-33.31387815735088
-41.43571265260978,3.797181756119488,-5.551954581791208,6.749592509607569,-16.3171145382797,12.729420209994855,-2.093014589046046,1.6457399833294044,2.648624158972183,-11.878001616571987,11.336015767810917,-24.32341812283354
-44.16272096072003,-1.956246837616986,-3.2730709123188246,-6.074704624296773,-22.193447973442414,12.252814773451576,6.337097343606935,21.588456704113998,3.8896268516822006,-9.526178359013455,16.303227850728256,-2.1937222552331925
-22.5962176892047,-0.16676893420069056,-2.471121073625225,-4.476460924931242,-12.887856461374083,13.276267634241492,5.634373389622581,11.02220315981021,4.9184039934541826,-6.8010303401407235,8.935866898982827,-8.860628689977766
-44.92940294182409,2.894609261761431,-5.082582744453391,8.691545204900695,-16.6998846649225,9.982345971623596,-2.550188829590633,-2.275950916608103,4.783203341349863,-9.752063115708319,10.030899651496409,-17.78109726961382
-5.143912823325564,2.8444642396896427,-5.157863498625158,9.587590682913028,-17.330106785396886,8.380710399416902,4.390536194421802,22.41253144871788,3.1855927520753387,-8.954744886972122,6.087597253084805,-22.866616212764896
-19.773979815675403,5.931368975704754,-4.600773035322723,17.87237791921489,-5.268142758850201,10.011447369681171,-5.173149328614906,1.129331410501119,3.894010883610035,-11.893236056385529,13.445757375842689,-18.616411985179532
-99.28076195308043,-0.71387251845703,-7.634792016460927,2.7614698619336977,-40.26378686673424,9.773193586204247,-0.6469859900464403,10.179141316883275,2.8793848125864168,-11.502073020335134,5.871480654039234,-35.20580919180222
-109.30096512964242,1.3298130085206255,-8.482344965651784,-1.0783303924693945,-38.428549173693824,13.144959636772763,-0.2863763898628493,13.768374930200522,5.410880777173052,-12.164780585482848,13.325768039393079,-20.002922869837736
-44.847684941482676,0.8458852349815524,-5.9778249662719345,-1.8097225523488905,-27.415115682735642,8.002765202848176,4.318279168940454,16.847873740664923,7.128699331494763,-9.82216806286954,12.58120771092402,-12.126664277057083
-5.607548757974074,4.447743329187379,-2.668300713720267,6.457788155724189,-0.04677970178014281,12.207347879893472,-2.790711835287471,7.299707473472587,9.16538062964894,-9.549846047908492,19.49837717452297,4.652021573316611
-41.67239385744278,0.7325779715529172,-2.2890126135365394,-10.627372516217356,-9.222021179969353,12.119871364331328,-4.409285095060412,5.978705743458207,2.0646617861124263,-9.007963448322563,5.550298787745393,-24.59559287646559
-62.29833073572396,0.6266405539029146,-3.512731499533408,0.5644961463499963,-15.677640431905983,10.789669009207515,-8.498615577656562,2.6602293115646036,-1.1104606575448166,-13.660147883913062,3.069411390050365,-50.48140227299771
-31.796200240672523,1.9110120224567297,-5.546408829123685,9.093574480303868,-22.039817816728533,9.323491322165646,2.779100832249131,10.024239954717025,4.796442508203717,-9.215838762757855,8.783766304884384,-18.08757574041033
-84.25051837143998,-0.22853383802932453,-5.9197818186861415,-1.6019715320120995,-30.314769878269043,9.900779560415007,2.4375092812289525,5.687986180849871,7.5329218557191036,-9.37576913273054,16.77871643153968,-0.9533770954495832
-4.061794758360529,3.057549070047702,-3.3322420452353505,12.627400552242289,-7.415468402109981,9.900423957589757,-2.162983794931531,-1.249482923583897,5.0886105876322425,-7.725838691899149,19.004951710156718,11.696278900758529
-116.75905511338246,-3.236186192010944,-6.1381197677613875,-13.533969495921859,-40.421742862464825,13.52270487731252,-0.27014199953644624,11.851995460549299,6.587941565580012,-9.711916571708299,17.241577761869927,-1.7488103215673787
-14.343557255368127,-0.7026569445385216,-0.5431278866053004,0.9676718817542063,-4.881779116496715,11.429310179080137,-6.441124662699412,4.000100245053667,5.546315414800601,-11.504757615405797,5.92859000599213,-34.53487681324508
-8.436894349332611,3.267750631751591,-5.193944324729638,4.8641253321286335,-16.20385211315696,10.682450165371172,-0.5692055772037667,10.037227772646464,6.047799834579645,-14.086703129668384,7.350326592405296,-42.37745553377843
-12.979688379332645,-1.5003160010537755,-3.429294529364668,-0.41778049448990595,-21.638170463411925,10.280188155504746,12.171298275600783,10.951734519506061,1.4295621251995416,-10.257013417584679,2.9648397788948886,-36.649090537329194
-43.88105337695363,-0.7709332913972856,-4.546750942339432,-1.2066199980441947,-25.04596694557212,11.416638640065594,3.5228721719360836,1.3890201351114086,8.52332985755773,-10.091883846389516,24.796990647459886,14.63669206014151
-60.79661578750787,-1.4205370314394548,-3.468425889702377,-4.453728165627009,-21.539760755729752,11.295676924652888,-1.068850425376148,18.91882946541135,9.293246715500104,-10.47678937503862,16.787352220426207,-4.600389609790987
-56.600797931334824,1.5095930024096937,-6.383597548112857,1.4292277296533928,-27.42501098722196,12.442308216697697,1.4678069810001517,7.005806391048809,7.117436718593387,-8.141980316156996,15.589245117995326,1.250656339039394
-19.678856739159762,2.942877285616576,-2.193000995245194,8.865250853696633,-2.0788515236946066,8.372211703408999,1.3110828451368084,11.938115455122304,7.391988349468162,-11.048066421108192,6.046580535270859,-32.97639993907663
-14.149197355214493,2.164385909543534,-3.8899880219463423,1.4576255390949733,-12.949719305088765,8.744612976125806,3.9588748019547886,1.8806904760128536,4.92624816923974,-10.018901026668411,9.720332648803241,-19.90042283411301
-52.40535550307587,-1.3055845305935603,-4.714896684257613,-0.22205471798557008,-27.525440927098852,8.243865023188038,2.811929444971528,12.74782576553583,4.003296560986581,-11.812496444990911,10.383184229277063,-25.611769132737656
-97.57453047760218,-2.1065136203227146,-4.899678235423944,-4.191420266087878,-30.822678132414758,8.291194813478457,-2.7820605563071474,4.2882329024118855,7.190821675633279,-9.825055015793183,11.07953803152292,-14.706077879190206
5.730029006994714,6.449241858620541,-5.632805204812055,7.343479235103792,-8.775284771410668,9.079726250239649,-0.7223086783974928,6.134186945376047,6.0188829143433775,-12.4234111038476,5.31331009276038,-40.02894987695164
-53.35923467143316,2.707430101820388,-5.760775330997349,6.299418226322772,-20.74567548485125,9.676040529146293,-5.949245055633289,-0.8179476929989047,5.802806982306031,-11.759140983657744,20.498368950017266,-2.3419562151672126
-76.62394017281385,-2.4211589573655217,-4.695229306984327,0.7270745030403578,-30.739156050775403,8.804619591739804,-6.227245469819078,0.08345991241707917,8.581756139157603,-6.80483882298887,18.757241799860243,14.505265455321851
-41.70701618245099,-0.01196665128633427,-5.257084460191326,4.017882310739131,-26.384171712928026,13.381839498899065,1.8588883805196348,-4.711934897483584,2.9252023021233904,-5.856247418363563,7.95760769362758,-5.541710567596508
-37.43400278032858,-0.9879854855391152,-1.6207885765334828,2.185026464857647,-11.02450844557176,8.875638063854522,-5.563997003780894,-3.828324498767085,2.8734983420177964,-11.610341835898238,7.240675822349004,-31.15634645220885
-10.981189320981493,3.32550134550018,-3.719831382550785,10.501847919454399,-8.613684875013048,8.232294911646134,-3.4143809414537927,11.062744362843885,0.4771687562260163,-11.45326086011994,-0.2875122423833285,-49.47777919064231
-97.84940134650944,-2.788377459876892,-6.286464742631313,-7.147359319414028,-39.766847542750334,15.071236860910247,-0.5753972110697267,11.888876492324481,8.35756502177273,-10.488526679779762,22.722410753994122,8.023335972644363
-50.623272978185696,-0.6919084371419494,-4.229982924654302,-1.0901789909914592,-23.196213540246738,8.407680672716262,2.179071939712636,5.24206783326513,3.0869223700542987,-6.181951393628109,10.916683015912954,-0.6233104180842746
144.88993460327495,-1.7175606994981139,-8.044934631807761,-8.433279253648795,-45.40341071673743,8.785775868711859,-2.6886391572138812,9.784129006686253,8.012974809058415,-17.167466891647592,16.96650122144194,-33.66798691113599
-87.41066888243988,-2.303963898423965,-5.189430251476652,-1.529823358905312,-32.88203072058505,10.332440915399848,-0.557858719999281,-7.53706759500853,5.81166998794917,-8.974301909409553,15.48636052386423,-1.5950702858463983
-112.98748101398772,-1.342590301986878,-7.708012681689052,-3.6296895532531224,-42.57399694858642,10.946512810019584,-4.503476176393832,-5.980554135977339,-0.0003534388914694375,-12.386189057809244,3.854830138062546,-42.911063470403164
126.16700327867554,-6.700331910500751,-7.4623192857559895,-8.82637170037427,-57.42748387510078,7.91086936831133,3.313626629752682,8.951756851211268,11.61965997126475,-11.026271692468445,26.143326889965405,13.507884038631671
-29.83923023192861,2.4041207913296807,-5.779448594022977,6.375880944317347,-21.6692773559681,11.88625586992602,-2.614569066607947,-1.969130995534794,7.592578089297182,-13.3183929016431,23.708775736077452,-1.8276371624448278
27.267220443100673,4.4867115427587105,-6.8807216538980445,9.830184544421275,-20.894772346889475,11.579692895089982,2.121941263559542,8.253483938600091,2.1501215205682827,-2.7798437083021703,-3.8977068021682433,-20.265602255323557
-83.67875126436697,0.30790491820979204,-4.49663603781655,2.079566824659211,-21.521982517185222,13.179622467426881,-9.607795073756852,7.815277961684015,5.538165999450358,-9.985331363428166,12.467922781514975,-12.643844118857928
17.915850871117144,-1.0296936356669333,-2.0378447878318595,0.28770216302579943,-13.388190427267737,8.64892688849521,-0.47136472411218033,6.457325163381215,-0.027605155451007057,-12.520537486951552,6.3022323530091064,-39.14251658939847
-64.0999646965717,-4.113714667440063,-5.725025890875053,2.8512130494397088,-41.02299070919511,8.719646239677475,0.8397910773021513,-1.7011656368861257,4.2105153854146735,-11.246126661094275,12.75580250174659,-17.712501485554895
-78.66698486075565,0.43418368187995704,-7.411752757322317,-0.8348204744869618,-35.76776158473895,9.202706419574705,-1.9298931491630906,3.0530476804196467,2.001426411358929,-9.085085576296455,1.6042250888181027,-34.70595223258252
-46.9274197635592,1.9658523668606787,-4.90140018556509,6.225730130790367,-18.570619146056494,8.632259498658025,-0.9807721375953795,12.009747282606092,3.6677983982672777,-11.467802273748344,9.784637275376895,-25.4323676903429
61.171894374834054,7.082983160249701,-4.11963032063027,20.64206538560535,0.608156063379616,9.579424268610797,5.402067043189287,10.507921126970952,1.40499548920226,-10.658907964644195,8.603878027035865,-24.995750634254854
-19.192433404920585,3.171319708259482,-4.553319581862812,4.504245635560713,-13.201855191038083,10.57259974918146,-1.2593204392253075,3.2965470827711467,2.1617374225412087,-9.752461823436686,1.8343476403540606,-36.69644030484474
-49.151916430250935,-1.1042711051140697,-4.1043394817088945,-3.07601553418818,-23.844608098116172,10.819364875059406,3.4618597280580357,-0.7869656082087495,8.300366989702212,-14.624770126278321,24.08574240029089,-5.497729394610572
-7.239149862161659,4.244965522591507,-3.4697029760419587,9.268422412260703,-4.65495929746703,11.662136596342432,-3.983112833231015,18.347281818344392,1.9818818093313162,-10.505738411254518,7.5235768075739955,-26.894641611329664
-53.145008916171335,2.6008299082202537,-5.475883056795855,5.059952915177353,-19.61279425497552,13.858664380323713,-2.8818245007463883,6.855578657589962,8.178221822160035,-10.518285188457218,13.072638036261676,-13.94656513603205
-48.90693981183517,0.6189247187562918,-6.084338454911477,4.745385048215772,-28.61974272888034,12.973756709094305,0.556023064436098,-0.12383536837299047,9.185086125365435,-9.29237491065453,24.83854017819786,17.96030095766412
-68.90055000767597,-1.8421965103119684,-4.171175265609875,-1.0589641392788542,-26.381106416818486,9.5089673157195,3.022277747373301,9.645779050939863,-1.1049136634226278,-11.275660463842899,2.9135884154790457,-41.24403722633495
-66.22163544954208,-1.3787814701207584,-3.5475361644226098,-4.392775138505314,-21.85402255254783,9.002362140616077,-5.711530977057139,0.8494846476018632,3.4934861397595256,-11.355656037819985,11.789925257514918,-20.971105848532783
-56.65145281885867,-2.961083028143565,-2.403008881425704,-0.9097250260887142,-20.871113953967207,8.160101405368396,-7.183461174442188,4.072521815601142,7.2638048614254,-11.690899799997947,18.001967214803344,-7.366592570374074
-86.4695057780827,-4.266446009180488,-2.67981726598982,-11.687120377336933,-26.19885005835425,12.533791229303374,-2.6113461852459476,10.841941619113246,1.1273851240539234,-8.774486743282234,4.409394123888149,-27.46946651395998
-70.23051512283624,-1.677190362050466,-3.553868438462696,-2.9519999424792953,-22.785393272726104,10.278107320038867,-7.246432462573688,4.179328899736795,4.667078567901493,-10.561360974082334,10.515779316355134,-20.523113488849734
-41.82413435302957,0.8319256222452621,-3.694414854501427,-4.20094328573558,-15.939751309156161,8.78322968344338,1.7684154939147803,4.021488408200993,5.7312390600624195,-11.704857066163493,15.539954089552293,-13.026849857568212
23.410473513765602,4.053274577740785,-1.5996463959143954,8.636962515051431,4.165970885890285,13.144020450371489,0.12015445003112113,3.722321399789098,3.7747273934566166,-12.262530428326453,6.257930134622548,-36.61039770969074
-33.3404920421975,4.540724637713721,-5.639423140260206,8.860267773735913,-14.564709809640092,8.47217497511133,-2.045778378217914,8.87380369681856,7.549966462531844,-8.539633424672669,16.063131237424173,0.5382986555816635
-40.3045556153123,5.287442425850404,-8.443234882317428,11.354108357342255,-26.37548305472881,9.040147822414912,3.1789451361538936,-1.4863056501755807,1.418833240246209,-7.1005467304525265,-0.7183102699239319,-31.192135489441675
64.41802586264089,-6.160361309536741,-0.7562507204749007,-5.03456570526934,-22.315243009609404,11.304062227850741,1.7418446168816963,17.422340843248065,7.386625491353637,-10.590156581542562,20.70923491932915,3.5170990882447732
-113.67299982520917,-1.8372593941474031,-5.871788369318579,-9.876370551536436,-34.81540623228259,12.820834162185228,-4.9508352727552065,9.032367710357473,4.566626917303928,-12.15319685666222,15.243394659277687,-16.402975435645832
-46.47918527373718,-0.16670179296926824,-5.17842047587051,2.836346632688499,-26.350277649891765,14.323575412886486,8.089224630576098,3.041944888004179,5.9804175916749305,-10.030010367324486,18.582186885953334,-0.29337935916621805
-179.58747965033933,-7.225876571957299,-7.226045356268029,-14.384937388227588,-57.811281636670934,8.633318833602626,-1.7790048752279137,1.1304221903665557,7.783935672568637,-8.861614976934858,23.02635271852604,15.987485031942938
-54.42858032682332,-0.2941774377081902,-4.675740730824458,-1.5276216540228846,-24.215879711998838,8.541562954599401,-2.426458307406733,15.274310882037575,7.118435935426023,-10.0589064632569,10.995541036285662,-15.934503458808255
-57.425935644611904,2.7978061525956788,-8.157441130050774,7.879555366223098,-32.39189481088771,14.213527110956841,0.0876671075586799,13.783429890835745,7.132193389998364,-14.094375817841684,16.229501810722336,-21.92285952270185
126.25929676272708,-8.318426935601503,-4.2813715198569735,-16.635693010948902,-46.34102082569571,10.5789168553741,0.9599730702983331,11.748447425019704,2.936958620530029,-7.625558330063374,-2.681088991560289,-37.99870900247987
-48.374279820651154,2.7031874990431164,-2.390163752707623,19.031273477826744,-3.921958183883592,12.401060355577723,4.378581103917892,3.4518087430330837,3.364073807618771,-9.018284463192819,2.1971686625851987,-31.88634653233681
-111.21359623557319,-1.6383252358786655,-7.007953113554854,-2.307172507127326,-40.02309143708255,12.622794677946388,-5.201069972615382,4.137120360809209,0.5402359616510237,-10.402099829679548,2.530701030425853,-37.87386891036751
-77.5089525074591,-4.748988401575579,-2.375977005664251,-7.936915389206823,-25.995466368379333,9.129791680076725,1.6868255559843588,-0.3005667566897712,3.681079545628763,-10.279927390307925,8.397797871078952,-23.556335888188432
-35.282321104358964,0.4092474789662971,-3.289809395041736,1.6123020210484853,-15.242724074167594,8.59375689301589,1.536231639485246,17.41430366800688,7.720300308821214,-10.418796490590594,19.0814402757307,-0.0688394991752882
72.57631542065171,0.989470674795397,-6.84036321596375,8.462704499950785,-31.28516180038528,8.662028790836924,-9.614273509404914,7.765374508355323,10.558756851872026,-6.668628841330399,20.74569005280696,19.52330841941357
-59.34663080380942,-1.2441694659873572,-4.283073656720843,0.22105772867927564,-25.16398570991166,12.226844783155851,-0.3322232347162526,10.315662141129078,6.205248955060321,-8.814895880386135,14.371155507526815,-4.174912904487525
-10.29437944041415,2.186397314541249,-4.56306221536818,5.115114177074226,-16.261018633712165,10.842721084728478,3.584355759638934,14.781161205006832,2.1393880483996277,-10.179581196311137,1.7631851833646914,-39.5476934075673
-79.25311163801308,-0.5673939842388998,-4.601908834858921,-2.318335129906841,-24.64432428585601,8.099196904920799,-2.7724322684239464,-0.6469352592257209,3.1700776125365264,-9.563630524631128,9.289870580890732,-18.8186174063444
-8.377629178580683,4.431161949320382,-3.331867551996422,5.359030500782653,-3.37508252231688,16.917960192620125,5.114721896530098,5.508254105630359,4.538184228357073,-11.91651401565223,2.6284447236002606,-44.69861019145322
-64.84505368561668,-0.19736395331797135,-6.18982810810899,2.1477851501582452,-31.408146557285384,13.212408518238972,2.087790792490952,4.352243637901283,7.096912386036342,-13.699530094752744,15.352003345959712,-22.782873038188885
-87.47294768714876,-1.5617262101095064,-5.255660787362203,-10.057761678070282,-30.951011341435937,9.544842858059901,0.6147401583311449,3.742752610312513,6.041590918457904,-9.420947789053546,7.605597937856515,-22.11409458944094
-9.845332030331267,-0.07597692253693655,-1.2576847024849283,4.125064232415847,-6.46938184440832,12.90829817955866,2.5898872092629874,6.0386926061183495,0.9880370023225442,-12.509586933326224,9.747776198914398,-30.344352352110192
-113.82606549369355,-2.2793790562894274,-7.5755081781516385,-7.901820008591152,-44.76102947735038,10.067113809243345,1.9431622952131873,13.051830287186537,5.1361836408634005,-8.907193032530149,10.324228171385577,-13.928216548399922
-85.95515357739305,-1.6069996553010555,-6.210194374798666,-2.3232524114583484,-35.83571676273353,9.387433591076114,5.797085258109528,20.173109454398308,2.8428985691361697,-12.11708128868517,11.423793170668537,-25.0510222214024
10.412347768565235,2.53770705329243,-2.2020359967164644,7.3374842568786445,-3.3864691884692486,8.299018401596628,-2.4842374157671756,5.7385729633209985,2.3856530981245356,-10.013924331619666,7.597849171637963,-24.64488660460027
-115.07831571836208,-3.1755132723727,-7.0108953310672355,-1.0805674205189213,-44.65906359112884,11.357908914337974,0.44582565275601294,10.07368232439328,9.057621640343795,-8.93101874008598,18.3358156854864,5.579488093261951
33.85644050739921,-0.5755059277971889,-3.552910068270262,-0.4820903758138728,-19.619022254050947,8.556218416738288,2.1299866804989587,9.098206038280887,10.998289862631811,-11.609268552638431,19.641186320221955,-2.942248764388593
132.05585949603056,-4.510431662012881,-9.492880197133797,-5.44225593132434,-61.059498767190384,8.084249858606839,6.577077931503112,17.326185130885897,3.140476469111171,-13.083219042694056,4.964628008452195,-43.57137764482593
-1.5763173065514908,4.530214248749521,-4.534772324890244,13.496851875187193,-9.12697071768581,9.473293464215411,-3.1734049559193878,2.689554219896348,0.9687631091228361,-8.150267394123777,8.282556480743228,-15.558289916223982
31.896110500437853,-1.8216402101085811,-1.4626766389178174,3.4954139537575566,-12.738430435728256,16.982896124768182,-3.522652485704338,11.391660468018372,-0.3719309292819428,-11.568473970751924,-2.9720786294227386,-55.495305689893314
22.258157637839226,3.0083429179995536,-2.6443305380858,11.286904296906457,-4.108384430188002,11.541785342231424,-1.5296071211158182,1.131195417361866,2.6135760722657237,-10.025267284938192,5.943380103156799,-28.448792117338428
-39.12525608492146,0.9444833096691009,-5.714846991599893,7.485840185597313,-25.79459602079228,12.318456043701126,-6.180079617494929,8.445662872540831,0.5424057761386432,-11.457190974338374,3.8126266095771735,-38.86623631225678
-122.43528512094858,0.3701680628306906,-9.870857259038841,-1.6629404865405266,-48.23583476490482,9.335071525434628,-4.414985385240183,7.67175579068206,7.136407089008164,-10.904784112523288,16.513395517787128,-8.36812344258676
-27.519649189101408,0.07749009967252274,-2.2872927804270042,-0.15005551134564338,-11.283670879843223,12.962685186221094,2.406793615988291,4.686010176801668,0.25902042107456147,-6.895416667705113,-3.1599116365648747,-36.4592804595679
-102.75502518119802,-5.349599521573819,-3.0559661121165522,-5.411140528934098,-31.245204700024246,8.221225451210557,-4.877457447453299,0.7238648623643922,6.777105099126324,-11.065483782360367,15.455652683389985,-11.41652201351979
-103.95930960462255,-4.448000951967525,-4.673091125402393,-10.617648055240796,-36.655902238326554,13.545578906638674,0.6822131249688095,-4.9812665909591125,4.23940971171252,-11.47135647772938,10.825453116144015,-23.65986899028553
19.041934695348502,5.681079563543734,-3.523343671284089,12.543866445103694,-0.5870312634496492,13.000134202330575,1.7891451110775476,-6.925341236472281,5.950217753404054,-8.997728201145287,21.29777917690344,11.395091074173527
-30.483333859665827,-0.5267979764179859,-3.0324745226013614,-0.8935974217255807,-16.719687973165268,14.119139363009804,5.330555018630062,8.119671243131492,3.3325980707722582,-9.948523144338404,5.116367260997229,-30.28950804945709
102.6800250267669,-5.324667815237446,-7.021618059482987,-7.705084282259822,-51.199577843012996,14.050748211183613,6.051731203401245,-4.382545993564229,9.095434514936997,-10.02072045189895,16.85415998214777,-3.4003738933142365
-88.87656989728264,0.477903633829725,-7.705440436689212,3.709833821682536,-37.1546354563803,12.895280227037297,0.009532847495646202,13.664958446444984,3.0981153797246,-8.795673007667194,4.719655163381901,-26.919811931588043
-30.376439959123214,3.1573779781485642,-4.007352075157423,4.273032449768003,-10.589774678695631,13.947891723708814,-4.840220032853475,10.407968791422487,3.6670259561760137,-10.562110817504111,9.90592402335426,-22.07873483062853
-68.39807976698155,-4.577651700920526,-2.4824090405859174,-8.300212331719855,-26.121105577899197,10.043036311242483,1.8154724001755689,3.8217814924232756,4.409390109108369,-8.465105500454957,9.751461938051097,-13.382896813540219
2.3470823707794484,5.2418356243346516,-3.4966499917374216,12.251052420919443,-1.769237048434838,13.706823686723252,-2.2815643364712965,3.2419044564691837,3.266567340110841,-12.307643701390667,14.13171365213639,-19.08321905184627
-67.43170313109592,0.5929037854221353,-4.882747544188393,-2.735478644072475,-22.662571676218946,8.653168112592224,0.4509227167008083,-0.5290535817312545,-0.842221803621011,-8.510865520375916,2.3042816099218815,-29.89604244610968
-111.98394894798437,-1.2825035152481572,-6.284492755090155,-2.4064856070931615,-35.22478570122815,14.152824479206455,-3.3118771460866263,13.899147896751952,6.677348063913524,-9.412287256391306,13.82569101259632,-8.890384543578936
-72.49167540137051,-1.009736265753543,-5.810325723904935,2.5625924715077337,-32.09113462299276,9.951396847951475,-5.801411967835863,0.6941581754497497,6.531705045896821,-10.659826885423652,16.95223443582079,-5.869564991671258
-18.75394921084472,-0.023328205582733616,-3.620501512842812,4.075931214036469,-18.206463558178832,8.40595119648409,-3.089929377147703,2.7499429561317865,2.558847175294296,-8.321544891771714,-2.3636502176079235,-40.46790469795953
-25.046323981033595,1.6160853683190104,-3.6186495328593273,2.477904083702847,-13.14298287305091,10.703487762702823,1.4889897614820455,1.5652013847428554,2.6265691975913215,-11.343061019408239,12.888059385408777,-17.73855453904314
-27.858817707391694,3.421772281591437,-4.017283573194595,5.282091377723285,-9.828114916125614,11.290638333161052,0.1043583418977132,15.876878680251028,9.772357301301636,-13.789618507713836,18.457208338089416,-14.987634490676601
42.44707064422976,1.0842883523181532,-6.278069251116312,-2.347809275662991,-28.154446217745207,13.233290767903313,5.354137107925715,-8.440572480040434,8.24390056486573,-16.011522107920626,13.999638893970808,-34.85525800432386
-39.89259056412643,-0.4853139293608123,-3.5289582507231083,0.3244760821231816,-19.128362137385967,13.317166522229623,4.007663281107841,9.96274252706667,7.2771814265532315,-13.009603578225276,16.057615297699353,-17.664051110043836
68.11812907073633,-2.309530768916891,-3.5988005553900404,-6.588750241485345,-24.978819229550467,9.16568678675367,-2.5998644846350842,4.646112413687119,8.299090453201794,-14.322606518627552,13.910052768479789,-26.94880897382634
-55.634071498618596,-1.1676192199379787,-4.912420630278792,-4.401775762619186,-27.946866451392122,8.27491766741619,2.307033418361265,6.92832460358544,7.4531298554571,-11.176137300028843,17.55246855358889,-6.935214845540502
-70.24232067262369,0.6119453292555023,-5.2953438845143666,3.6847957781604244,-24.655542731254197,8.142691742308294,-5.830561575440161,0.9269388806696277,4.53538474548293,-10.883071401878615,13.100010080892572,-15.824517949961482
-41.470586747795025,2.448209124707211,-5.25864651087943,7.722934801065983,-19.025353097654612,12.369967465198123,-1.5220814999403096,3.528774580916195,1.314279732205295,-10.554423067019675,3.0534491116425597,-37.23140905310184
134.51399370841935,-3.3919648233127013,-7.410367277331245,-9.068564223566774,-47.251324939392525,16.44944524065957,-0.3658806581442473,3.8166858485642248,9.501018404215163,-14.25557695731281,27.16241168039088,1.870531797701314
0.5808834658414419,3.670584218250543,-4.123177255650416,6.9762840650977225,-9.64266359977331,11.294613567228142,-0.21006836706444876,0.24839836605762855,2.0826125611463295,-9.095933463992687,-0.1220073592865516,-37.984406989716696
-82.17425033097363,0.7987809706478157,-6.009804189420302,3.8039449444040603,-27.67332104494932,13.009506014476985,-5.46774497057085,7.061292956825861,9.07435981389822,-9.519923395350727,20.42351496952005,6.816968358563993
91.50491794164145,-5.32085031768814,-4.4632776562758165,-1.776200764706175,-38.2524371761468,9.393451194191735,5.938943799628912,-4.562807409226497,0.8865418013825721,-6.654558347583871,16.716710010125112,9.979039556224247
-63.879585287243486,-3.553414735081528,-3.1757942858154213,-8.343720180375987,-26.4676306641455,12.694526143383388,3.4956302970308677,9.466231897806987,4.2048339715489025,-10.087676864495624,14.763236537925597,-8.502569173637813
-122.9273173529028,-5.00603170604598,-3.946516093775972,-19.5707850077289,-34.68041026122493,12.207837991879408,1.3947467347031797,1.8667729845027985,0.9103338754234462,-10.064364656153455,7.178276244629334,-25.102170371719144
-22.331357849359286,1.2317566853014505,-1.807728969496066,-0.89273619167674,-5.306661023389289,11.89902837915212,-1.1956528402552706,2.8705399756674392,-2.4284077452832715,-13.023024764276364,0.2707983813363519,-54.673495191865634
-18.33620661227208,2.968587957499911,-3.507736464467257,4.259255906449175,-8.654894421535131,12.439995993970932,-0.810377516418467,-7.137639671782939,7.145904986504885,-8.137921836402915,13.091579800865999,-3.6724529899413056
-37.4070465469964,-0.26178591454976385,-5.377830103515784,-1.1500514013234278,-27.610621308101678,8.29703725257358,5.8986488217952315,-9.132227691816926,2.0844004553861004,-10.321558990208361,4.746048248660827,-32.03429586400099
-57.1771763114524,-0.32341307739571745,-5.809662248247235,-0.6850006578253859,-30.04373321101224,8.873634491279645,-0.2881742993583396,-0.26416703070845493,9.048264453864203,-9.685996103246197,17.876280696062185,0.5174118722984927
-96.07495499978887,-1.517314341322039,-8.625031348271456,0.0762157943045847,-47.65175205583909,7.517274837841408,3.241310775206189,6.483709537874845,3.5259393226357534,-10.431236530168375,3.1989735995499133,-36.97750444957986
-76.23411285271796,-3.1022561062998246,-4.080603553397234,-7.759548648350528,-29.70482688711939,11.63002136914937,4.959238858405753,0.7076256912743046,7.0257489894546765,-7.065706961610334,13.187106042621448,1.0216774113072367
47.377514118877926,-2.2301199840976165,-3.986510249824246,1.3600363234660175,-26.68105554405845,12.721436729919525,7.273311304662425,-4.227638711124927,0.5117567917012487,-14.950500203826438,5.928164568143696,-49.650076713176304
-16.060598081856945,2.9536237426085767,-1.6335866954974265,3.6775771414851057,0.7916490744074071,15.81737040804339,3.390514241130968,2.5619653673092273,3.3893809784875844,-15.299340148783347,2.349465580751186,-58.60375258547386
-5.400414370286363,4.098217580894364,-6.150899310244203,6.99864042705046,-18.394599632172984,14.640926701191358,1.8422968538633135,6.925674721717421,3.665691330666908,-8.46638589592541,4.3008114826745825,-25.574115148218553
-30.491332205777425,-0.8134779647391839,-3.2704486335464305,-4.770605101137441,-18.799777805925103,10.37039893861496,2.1746285767436655,11.889360689135636,3.703267368914678,-8.773692733742179,4.374934357985283,-27.01359745409689
-4.332204955572342,0.5474275585699806,-2.123052076056494,0.947996319500211,-8.966037163770848,9.139147239506746,8.621698498263807,14.765223096147885,3.5945044083244606,-9.448779543359576,10.24378722684913,-15.684531737603281
-141.75965544544187,-2.4182979517663483,-8.050685179502088,-4.79956120077283,-47.48357807288167,9.14152629949539,2.226651204863461,4.2545906409975585,4.258056040549501,-12.626582311698694,5.35160305836666,-41.53130282818202
-61.85855133623863,-0.7564397213470219,-4.439222287076567,0.6655255239093678,-24.499481086984538,8.03503565901919,0.585861945068956,14.983119513228344,4.467737190660612,-7.4865999564937855,14.288244880513894,1.7082288555857776
20.16518575642547,3.7742013214232477,-2.6226575671116494,7.835640349331396,-1.8037283392227748,10.422786182821332,3.894444001037266,20.858425069001576,7.457266865098931,-11.109006802411676,10.87069718396896,-21.485040267198894
-44.41056270859126,3.771020198418107,-5.789968984726276,6.580207707526516,-17.628849148617505,10.228838129129961,-9.964973546653184,0.03540090834104159,5.583218660917804,-12.54907308870307,13.546846954754717,-21.78259805736092
-30.56547330343452,3.717651201418227,-5.3168370427998655,9.190072896883674,-15.531167177384205,11.961272692948642,-0.10818792296186697,13.945927291842096,3.482593261232344,-11.934163923388082,12.095935500992837,-22.014987379238573
-65.47984789282116,-0.8879339542594444,-7.814745353749173,-1.926601229490085,-41.74532653716267,10.870965146481133,5.684799007482156,14.505565410634594,10.500136020197727,-7.538491763287263,22.306588419918775,18.972811598117836
-11.071729576583312,1.926443293333396,-2.837713441920334,10.924980310323264,-8.436829811114709,8.857817780622927,5.39734036260175,-1.7518307566467461,0.7309241309067978,-14.32442489054234,11.348847238874082,-34.62310508824944
-25.168474831079486,1.0328853235490951,-2.8857802616296357,2.0336639266649774,-11.338741464929962,12.77625178420055,0.6525338859102723,11.64824447449654,3.797758546000529,-11.0747194489913,-2.1488299729804634,-51.14398048166021
70.95975784111091,-1.471339389822132,-3.0531131218569927,-15.191774630160337,-19.673190605162915,10.181677931847869,4.364135551834101,-2.9708700305659885,0.6104767082384428,-12.41941368758491,-6.542062519150794,-66.82541904919194
-87.66350872106231,-1.9314371242087631,-6.935517155668309,-4.277628012118484,-40.444248184364206,9.096827312982068,4.509098911045902,-5.757645083511065,5.568884880667105,-9.989719146156004,17.995798440719444,-0.44936043856098273
-43.22584324228447,0.2331904195720247,-3.287505769825792,-2.374382535329811,-15.704777637532793,12.726944593500686,6.248784189585319,7.0366632924315065,1.7650981567216615,-10.248412242093778,0.8562365980454585,-41.52943611415119
-35.76869329256148,-3.9600995097268896,-3.1479059651305596,-1.2243110123470933,-27.561233031086754,8.28987350301626,3.305065685925869,0.2130027913442447,4.6187355194547335,-8.370632935326178,13.148018298254566,-4.475145321401868
-62.5344872256031,2.0303137345068025,-4.586436833199562,2.194225943221805,-16.872436770448807,9.88986449068749,-10.926530556282831,9.977463924361189,5.040325256417104,-9.499816449420903,13.570243468777793,-9.393349871943814
-90.219119295888,-4.771737747207819,-4.081641240649462,-14.849863542342328,-34.82365402596687,9.823372599810288,-0.4386714904922817,2.085543322218834,1.567482991117168,-9.89290495615361,4.271652437361018,-32.270122023997565
87.42861768673662,-2.5900361822862776,-6.2307342523445985,-3.84004600841421,-38.76519249817426,9.21546336076867,3.3396299570259744,11.028241752139305,7.995489377258212,-8.357227903362315,21.571624462520433,14.87733288957293
15.747427799907129,-3.136439560069655,0.4261122134668982,-4.405085427821546,-7.259768702257035,17.675395947979002,3.4992784856695724,7.602141007704572,0.29247789856450757,-7.429083664459265,3.4659261931299445,-23.414802228030076
-87.54395743087326,-0.8846389345078913,-6.98652918448366,-4.4317273949302045,-37.53946134560305,10.56939029139944,6.318466036650504,12.400605538158175,4.128898538780068,-11.82850353654902,8.172411861662315,-29.972660871434066
-14.272322674964148,5.547218569948708,-5.811616506836494,8.36409373896935,-12.449482422552002,12.309059534704986,1.6854477159581567,9.077625650763101,6.677718372200859,-11.089863672906567,18.09098043117329,-5.116976454547396
76.49376480395524,-5.751491309326114,-1.9147816238774014,-10.310857002771039,-26.872395577462612,14.625603572185096,-3.338849720315382,23.126713442339764,7.627808224810436,-10.932826969201955,12.473012428576606,-16.972178170840838
-44.934571355795214,0.5687399307724741,-5.8142985781758805,-2.6078220030541264,-27.300738567033417,14.643132997682136,0.6781525549787863,5.3123605457647045,4.865279013474242,-8.901580020466426,6.85756193730315,-21.45961229070864
-82.34839165388385,-2.6824301237516317,-5.638032816210684,-1.4421216379164608,-36.17052684387884,13.533724763944118,5.4440955517624445,15.153919541274426,2.8916366788922447,-6.59689580238876,4.336218727275654,-17.789937277568832
-43.24561948771942,-0.5925354473047834,-3.5000797108651103,-5.465231096617149,-19.208087164710612,11.200925280674236,2.0922934279659406,9.54017472327369,5.559733761056494,-12.98728696903966,18.52901675829473,-11.832249326501135
-22.74089569992094,-0.7446364734504194,-4.358788786246872,3.589243602880288,-24.106844260088856,13.855303659071286,6.590324465454454,11.690628120202629,6.67084205409582,-10.329321197934117,14.586436221181609,-9.765855900607555
67.27197497595006,-2.174447224496329,-4.308836505121349,-0.5314269972591119,-28.168315919291906,11.72177129481591,3.4704538920531003,15.941337629881762,10.456350616488535,-8.47812002865383,28.46572556358685,29.448193458554503
-49.0461081817495,8.189553860747003,-3.668436159594352,19.19335777531049,6.203157940622569,16.89522362175071,6.642690294724881,1.1660434542346874,9.278350216235944,-10.66839967340475,21.25855535617154,4.41175580498273
-12.488524183013624,4.827040291107402,-6.248668617188084,11.349381716363196,-16.802879049026146,10.556063294117397,5.466521319711324,-0.8494855094189582,5.040963681722373,-8.90138646347129,11.732454905163321,-10.11122195658825
-83.2057839801034,-2.772754937116898,-5.138828315192304,-7.668449161943288,-34.036587785284084,9.128535195258777,0.8407588390352467,4.489167342207891,1.4023236910705634,-10.607677132135233,-0.5960006636430508,-45.34724722870119
83.18778858879986,7.947000279194903,-2.0900818288914826,16.776924631959886,13.45076727276021,10.906716735996635,4.617844378083289,11.602489701379746,5.606934610403819,-8.465600233797547,17.287406155799147,4.093576445580381
-83.55688683439587,-3.5777097828501456,-5.3510403772735815,-7.603942512176457,-37.50315529343029,16.178573691383885,2.826043500839189,8.435933009810695,5.154635829403289,-7.435491404754275,17.055103010464904,7.346947907934462
-61.92886687433751,-2.6918781886263683,-4.642911626158816,-3.6780558662267073,-31.30005085932456,9.604328859336823,5.09005413306675,15.058808712863927,11.005541512366285,-11.312301007362228,26.093377091399375,11.636449133275063
-19.926663952774447,0.6617122877359451,-5.209167640198078,4.40325034512801,-24.052249525788287,8.73849401700269,6.083390233284803,8.210257005520065,6.538929110678595,-6.656544591517923,14.483372492348035,6.283875157499548
-52.05699532632269,-2.636308523897998,-2.7213707907080766,-3.7028482096673137,-21.506536441714488,8.512315003095049,6.989922856297724,20.84389099638588,5.133471197954124,-12.787609489296539,5.241783440243824,-42.11684479848708
-81.94266095016299,-2.318673299027169,-6.493633285659836,-1.3277143968807033,-39.403723800766116,8.095489204599057,6.790675172877077,5.4067519507040895,7.080677330365344,-9.899859761094085,14.470491036932216,-8.329719683747062
21.447322606194838,-2.678278979902073,-2.5026974668242543,5.645338171187483,-20.486211606143712,14.83085137809962,2.0726430767023527,-3.765713214946974,11.62735310974683,-10.98390264297656,28.036180250807462,18.312785152809518
70.60782615067357,-5.3584359101561425,-1.525394742251772,-11.255530710706076,-23.64416323339704,8.410859521622497,2.9702161606311175,5.4365792644465625,8.065347801641854,-9.528100938323206,28.743573477081764,27.29726211567952
-32.379503123489805,7.289990239099739,-1.672400087909213,8.212028105461256,13.441900024283283,9.911282184768531,-1.587775800622997,5.1249117835064855,-1.3024677129262594,-7.428926696725375,-4.382714733681967,-41.305704793834124
-92.16851988148211,-3.696869324652461,-6.657579590595349,-3.8988203851370473,-44.416718739552906,14.270649942145138,4.536370292517856,9.532061888408524,8.37724933394761,-9.948987138661447,17.115114455886687,-1.9701742894649739
96.18963251569242,-0.7738043084298281,-7.697608348172059,5.3148329563828645,-40.805248097459334,8.178900666157787,-4.157974902439783,20.79918428757555,6.305580356089058,-6.993618535603596,6.234079115493664,-15.109671520669494
17.130598255555554,6.604641026892517,-3.3666457676842514,10.519020032720142,2.9552805269492985,8.098634875377984,4.316434416015031,16.575596094224665,3.995494199537493,-8.679847060454398,7.54453021798118,-19.6331524978688
-88.52696811848624,-2.0928616824070017,-5.717400755822434,-7.9809266005656125,-34.88366482590878,7.780345149351761,-0.7153096197805153,11.715325968959592,5.578276909347917,-12.84798025321957,12.907170977895738,-24.133386145229387
-157.16016153293725,-7.129594597594469,-4.7535019882412435,-19.05318466784847,-45.15447842836126,10.112236016653458,-4.511729380901665,7.493839013318582,7.5727099009827255,-10.892347984015993,14.58193777510241,-12.622359280173336
-133.18398030927438,-3.7042388447566124,-8.329439495630034,-9.34116358139367,-52.717962667581006,15.875395909964036,0.8029124577801205,10.678329125494702,-1.6484415310000688,-8.305607223902664,-7.6358318470282835,-52.51684038974787
82.29154895943005,0.5023931065269092,-5.190300216255438,2.147863305054621,-24.46937269950282,9.649968970905093,-5.990827427242696,6.836501494165167,-3.734043156100162,-12.245702355050124,-7.171297584247002,-66.90800803996399
17.90813413399622,7.303719759246658,-5.6391844393109265,12.516691408544768,-6.362979214433891,10.804814984686569,4.59355024856546,6.964857329172379,4.204230479871615,-10.418008397354113,14.178119839402088,-11.48354071212526
-8.227510902338949,5.650121008468658,-6.641785407032185,12.34794255593955,-16.215393925074025,9.175144624508931,3.778921534249892,11.352481376945725,1.1290932434421492,-9.127297768039279,-0.6440562562364844,-40.23322096213312
27.70144687783926,4.2417373937903164,-3.8791613558474367,6.947086013636277,-6.624257440556284,10.106572933724124,8.086298724852243,12.73908693251809,1.8653676323956754,-10.75520026185448,7.891709945259237,-27.08654386551868
-90.65366856577613,-0.5848345217216544,-4.729105202969888,-6.84007906563618,-25.420422211733282,10.467095257802226,-5.550367925845862,8.408235090898197,5.987874540449028,-11.009492456546255,22.33173403192862,5.76722182018564
-24.13037182812456,-0.3969509345257595,-5.156532367663613,-1.4705507438963643,-26.938806970003746,15.059771059257638,5.8303756427033395,20.658672573756405,0.13722985467352578,-10.594190198541726,-3.847250758525523,-54.0880151165689
-97.3071000409209,-3.182639284967764,-4.746670197764438,-12.755049477594955,-33.33912867264219,9.102452311919254,1.5579269531384234,-8.729774403135025,2.3419940197843756,-10.854343066503784,3.9926013143271035,-36.74340317429484
-51.418005805617234,1.2047806916117605,-4.796329643410068,8.093143108366673,-20.343241361683663,12.262712405778998,-2.5890067741140435,6.852161105716712,4.054681175569149,-12.697948098914003,19.74514476027627,-7.068843319708874
-9.82577841210033,-0.7946884278910863,-1.9267439584690282,-1.7785504343259027,-12.014566121050827,10.629451441963848,8.541267559393786,1.7589477375308,2.990678613065353,-8.546474080609253,4.976453682956329,-24.841888302284115
-71.14493086511473,-0.4768409304651139,-4.581016868387302,-6.747259538435408,-24.33313932512591,10.740584421885519,-1.1044234203703578,19.724258621736446,1.5391744547768562,-8.866036778173566,5.547353453295277,-25.318568627742838
-36.245113812025146,0.8720834466633807,-3.0994852746714763,1.2581308687082793,-12.9047509801095,14.926913236865683,-3.3593314714996705,16.684021731486496,6.538100326589659,-10.396543916599928,12.126551995580542,-15.680963174530584
-46.167575903050405,-0.47518953881410875,-4.821338391943734,-1.3044445972723837,-25.53939173690575,15.69156156291761,3.621788324060638,5.135828079271862,0.6131553159434437,-10.798014252757454,5.658497420128841,-32.724049951748434
-90.76926540301714,-1.2083439052513878,-5.171652462145922,-6.229365314275244,-29.425935650201136,8.65848504926077,0.4828557988405233,1.4565237400125914,-0.9156683386683593,-10.166399618713061,0.9023985968506052,-40.19616021461268
-87.29142861524932,-0.9081457072716657,-7.301008919320871,-5.851954137046828,-39.28248243364054,15.219551210173886,-1.627402755569408,14.519283981694125,3.8763784563829278,-9.472089928349039,6.927637257208794,-23.625409847545857
18.120176059366603,2.420306005507209,-3.6877943958235897,4.6204374548357015,-11.195972261869025,8.176686080434312,9.691044911290737,16.574892706949324,8.11106115445158,-12.87736507753391,16.73321048176607,-14.976544956466352
-44.98904521068347,3.6488973130347495,-7.93288084120606,10.213244661943317,-28.735211000418435,9.521351970803577,4.7372641814124385,12.716732468217042,0.909481806043781,-9.73692692996723,4.860189593197247,-30.455272347977306
-2.6231422775151128,5.455278144516573,-5.617146068657832,8.801459324223783,-11.736825267459029,8.505639241205023,2.7251834708451934,11.308009949139619,-0.3492119206480808,-9.236910736679121,2.055992959650502,-33.514936156162484
-50.25794636358237,-0.7707090367405665,-3.9334136138732414,-3.106564002144572,-21.987099564186895,11.10333835038563,1.3079674047208636,8.6789636494047,-2.541761720365095,-7.675114910631806,-3.8737074775214304,-40.18330440332395
-47.040529418170834,-1.1072067559054293,-4.9303552073386445,-3.462132760606158,-27.95477791934308,10.764263076861333,6.482876980781592,-3.971789680140853,6.893654876344124,-9.75113029180219,17.317562047645932,-1.5242413636661492
-93.27818742159481,-0.5334530117007198,-5.52164109515436,-4.602364334831131,-29.233586884277134,12.620088144605484,-3.922476735403139,10.948403668145012,9.143507610284708,-11.62271523095337,23.011899053590195,3.9153415743465034
-84.24235044010678,-1.6893265696331592,-4.9619459347095995,-6.177237761723031,-29.873955337996783,7.823901394912868,-4.645152322943742,4.469879768605477,1.559090340333328,-11.710612413187171,0.8609064735783365,-47.025433081668986
5.7840201355567835,4.4728485219723435,-1.8979773589849827,3.2676054133426025,3.9071727257915603,8.282695432059958,1.917562890649327,-0.9290348784135407,4.366234309392585,-11.704329489648147,10.119153132617528,-25.511318079937496
-143.80597766441323,-1.143133818890955,-10.379018255709369,-3.3282491165501957,-55.26575946062126,14.603690222293984,-2.049780384353854,11.719401302147189,3.270398184752426,-11.173313503195258,13.373922960401366,-16.09528459410029
-62.60368583279487,-0.36205006802851936,-6.085501367526415,-2.547308596856947,-31.440810146381327,10.16411747746608,1.951778411803125,-0.2366483803563284,5.9852509506779805,-8.791418054352649,15.207968534119974,-2.571769444638292
-134.72047944175154,-5.7669522685663805,-5.557367096106211,-14.223044385425501,-45.04616088888439,14.807257925030274,-7.277831385452011,14.002064020546316,0.9434734015126116,-13.123524291254297,5.217837457738458,-43.44449582277615
-74.291266964587,2.0074092835433763,-6.5451707516477615,10.291124944348777,-26.726359133646028,10.726134469967255,-6.388490886774457,7.747914985279429,0.37205651367249626,-9.54214787575853,1.3228857924138104,-36.02905662160614
-94.95711373132345,-0.794780586247068,-4.587798016973758,-2.4484102996889097,-25.388869632625934,11.379571766556818,-6.704754157430811,8.431426063595854,1.2986470558771113,-6.4274550014352325,11.344352516146483,-0.9115237575309542
-13.315329259639086,7.321023916664828,-6.743945066645586,22.523794037639377,-11.84124893243454,9.348422902552231,-2.21177438239204,7.906228260258514,3.061249498824013,-11.261623561502946,7.49004953935226,-30.850505326629424
57.302617261090745,-3.56127282609605,-2.808990524770463,-10.631252360108212,-24.660288912225475,9.206309216510693,3.219733331399747,-14.747424444804778,6.468180644338513,-7.219399310893186,19.63224517139558,15.582238144608045
-119.27662138659753,-4.872031101351011,-5.797876582686761,-15.195950368635833,-43.586094997150525,12.000218804013446,1.3034272654491756,8.786339895677548,-0.9368775921424541,-9.160941965558802,-8.075366534361255,-57.512680517459785
-64.1517734239419,2.438249413647226,-5.640500110163761,5.773567262606704,-20.903932001838914,11.929943763964966,-9.763839947757909,17.56679638115225,4.4652693057492705,-13.092485871703804,14.535715313355261,-21.47538375608426
-82.4179612924209,-0.5820335761407376,-8.603984807566802,3.1779519325947594,-44.66364688089853,10.058319175646005,3.8503701998122852,10.995751196865719,1.1034018303243656,-11.824059681488007,0.07074319698168186,-48.96074359368119
-25.728854095163392,0.20522040560240545,-3.21916930034614,2.6074954547084244,-15.404022368160264,17.13592664349764,2.114818522696889,8.22624347426342,1.8204013220889568,-9.637685743219585,6.518321481713334,-25.62664603776058
-87.1183841165536,-4.106681690533618,-3.501383163589005,-11.1121909985011,-29.816882062412095,9.592880924662408,7.316652275934344,13.6215334639845,3.3217147784965175,-9.699667676266325,7.433273995534517,-23.138578509774394
-62.38274233186692,2.316348211954179,-6.522422345798459,5.737040429680132,-25.635110471702127,9.279839344727193,-5.555269016322992,3.164630051374078,2.8722994829259276,-13.562891965083193,1.3882245849676833,-54.20593176520192
-10.913046258274989,0.41985399293411274,-4.172114623374899,3.918729152733883,-19.57967973273311,9.252770977016906,4.22566075737554,15.112953410212446,0.46426420079069697,-7.188601402625947,12.417623263643836,-0.7048141298950689
114.71303885985247,-5.079560005570073,-3.5189828505594494,-14.073960556641332,-32.74294074286578,7.516666041888306,-6.506769868303664,0.08190836916227084,-4.761082110359435,-8.561431784219106,-7.480173885289117,-52.85876538150942
-64.71747074712607,0.2576129691709612,-4.93522733988619,1.4700583498689779,-23.9081512441032,9.05273274399883,-0.6291898957861868,0.7561849582743738,4.0589835368153455,-7.617571962398456,3.4364652033341425,-24.628619929851254
-8.676216420998056,7.885418393581354,-3.8689024294557144,4.546521006172986,4.385641825444512,14.495767164664377,-10.03553940081192,10.035812628076066,3.1789063662414287,-9.12269618252904,7.9196911191963615,-19.79291754909065
-117.26359467549408,-4.205320083803023,-4.6614861002844155,-7.701598097921134,-35.91010086910476,9.316075109001389,-6.912307803864744,10.412147195534793,3.9865386671376952,-9.342657387223362,14.05074678093083,-6.305148505314466
-72.17172720141913,-0.4384164474239167,-4.018916781391432,2.1527566622950003,-21.3428009140446,13.8921030126131,-7.019294171488825,2.527522317924183,-1.4505803783685467,-11.20174146458873,-0.4352545793094533,-48.84819857051545
-2.8524585593736695,2.147865415150272,-3.0207238277988315,-0.4621674227211967,-8.747733500693124,8.522802270395012,0.26244380148401714,7.607228594606464,0.16811864620086414,-8.88635936939609,3.7273420787058913,-28.6095665645169
37.026130957976314,3.752873087091009,-6.428242783564925,2.997622152052724,-20.85129344896658,15.988526130043313,5.994514286430344,0.05358899753072155,5.180733506105514,-13.611165844476236,14.324322865284884,-25.197392606065172
-45.38887745627016,3.8957219281995807,-8.003810438296428,5.058206293188103,-28.302299874052558,8.373431299017016,3.2527762887487994,-5.622698427867768,5.5988919127600205,-10.158301134305466,11.149328932066279,-17.03262907339445
-49.66181510392231,0.2940580582379197,-5.596251321838953,-0.05198423167299371,-27.082741507358758,11.735492119357264,6.331658316312195,-3.151844694020612,0.3413888773534399,-5.6533065631282176,3.3823120556533954,-16.325946016927784
-67.60347301215411,-0.7789338514872768,-4.732958571324152,-0.6221934474065729,-25.970110328205724,10.95311926588467,2.383223610042994,14.002364295506705,-2.7291144594225916,-9.621087799444625,-3.3860301716114702,-48.69710143909601
-99.87119608726027,-1.462401590233083,-4.937578991355424,-13.172944962555464,-29.102462849572028,12.849805541070351,3.1689363710590275,9.883694656205408,5.853831956003693,-10.79828402245956,15.220931499506527,-10.286394124032217
-7.206191351659598,4.1807946248073815,-4.622982739639889,10.542488625420901,-10.588550221524377,14.34916416877289,-7.154383845375122,10.231037970857285,7.803620466664757,-10.054804130395738,21.12938396128971,5.91389354817483
-35.9768279459401,-1.8299262709513595,-3.092571182628325,-4.795192433112209,-20.904649583517504,10.777614696088289,2.664936151480546,6.803122114798134,6.42204471830814,-12.039021465467489,15.29536123112142,-14.77964777814373
-127.19887135245453,-4.096338414934691,-7.027800516116804,-11.309961916492696,-47.38180571208992,11.269914177430362,-0.08888880912104735,-1.387779690119629,4.793337407656562,-11.269422994713912,10.393350726199833,-22.82088181382701
-79.21928939929062,0.7093361203737294,-6.944841449669806,2.9946543333263183,-32.52995087381137,8.232106024453651,-2.510208586423074,3.619621942554615,5.320270574842623,-8.834804700010002,15.890668457271605,-0.4198999554471662
22.68452386516009,5.14253821472376,-4.269331594723837,10.000076645590067,-5.868883951301697,11.104777595657005,6.775077499090881,11.168687693811112,8.139024977122787,-10.75925102744993,16.92974002842945,-6.5844784224299575
-5.579491403549546,1.8484251555025166,-2.976852759354167,8.01220782715882,-9.362101430501365,12.331887272744149,1.0909647723904197,15.98233089884912,3.989908459993077,-12.008486177132198,12.055781043079124,-22.442313308567314
52.70499240455509,6.877787847882042,-3.4207506533938408,15.409792423191991,3.404229987940406,11.612239213438123,1.9919458793211637,18.09239583364387,2.9873484504374526,-10.706587122545063,9.679366047345383,-22.94633467464221
147.8364309389366,-5.085921486183592,-7.377239811752957,-20.432450373142544,-52.13119998916685,9.258681024540671,5.960968080032791,7.383050465119042,2.499648787151309,-8.03631433661473,13.866438251150571,-2.2392617987027954
-35.97831072056396,0.9976324282621086,-3.6507510776030694,0.30762325101993815,-15.318501406826748,14.563848023807187,3.4235032332448783,0.6735001244201495,4.9698055055419195,-10.254545472520322,15.219716168590885,-8.004901106521855
2.0492854435489916,4.089725354699854,-5.143712685704169,13.311446473501007,-13.385904996410838,11.18271529423915,0.4349533687349778,2.9400253418176767,-4.0875446400447295,-7.67440230614501,-7.418977114787921,-49.773440846311246
-100.77794973632928,-0.42470280987540765,-8.466733470535015,4.142797628608757,-43.59076486718733,10.393091290046796,-1.8382898093451683,5.4323267859331414,2.6727296719158327,-9.820091695088605,9.605179286954533,-18.825554575485526
-102.65326332615493,2.8300074816305787,-9.671276059060148,3.9102507119141348,-39.905063395980065,8.342667743774264,-6.562521164134566,11.416941203428951,2.4352032147877614,-13.531287196442065,6.845600504501444,-41.15649407029554
-22.11448836659436,3.4134252034553065,-3.587113343295832,6.7023095261156405,-7.633903164305121,9.904325968754593,-6.628795238902185,5.881145566596514,8.192731230753408,-10.185851056537029,10.457473953063918,-18.96171818170943
-15.459049703626105,4.279777633389599,-4.890993355280366,1.8537926555540674,-11.632009558182517,14.81240713212085,2.192859883713128,7.897979173470686,0.8946642878257798,-9.319313293042667,-0.25416642372950804,-39.19965211952857
-78.82143620121316,-5.029542245840502,-3.198100891356699,-14.573309610178308,-31.094932300294683,10.885334397877635,4.85747549841539,11.573738263004184,9.219299802839075,-9.094573371112483,24.047714590285985,17.48753247103189
-77.86870951274545,-0.5062866135579902,-5.711419435207858,-2.441528722908857,-30.09811129605076,9.635896084315524,0.897250268011069,15.668041026624318,3.928912677315693,-10.371165114539194,3.3877500974270323,-36.248855315833566
137.0875139899703,-0.8933424953856486,-11.021141370199874,2.7547615064636544,-57.79849676321937,15.953725233326992,5.082958236329228,8.115790466342188,6.749407602772053,-12.524537393685241,12.346651502948003,-24.501388389221617
-54.42043224176715,-0.9639677579109708,-5.500210451759164,6.737339372961793,-30.40876877390076,12.986845743687578,2.9508950424065152,-7.003795496845347,4.9298626514946005,-10.563757175293473,6.686968218439978,-29.011012505371493
-75.34389012035243,-1.5704902855897531,-3.572585664264352,-2.392700591614017,-22.500811229526857,11.860290764220725,-4.140215430138792,16.574584395308214,4.799849992527631,-7.797556511188162,10.398181894320143,-7.921017589233312
0.9018327693055657,2.1664357280835107,-3.8160439579632732,4.865721785884864,-12.618415518161635,11.473742404011645,3.5542726251300873,-5.513061451915485,1.4819784241143776,-8.38430783419871,-2.393346053808938,-40.40381031257106
4.527881237231561,3.6582774623623,-2.7037182541528244,1.8155029146189072,-2.544456875525868,12.109666020781846,-0.8551563498638863,9.67117148694308,5.637455573778204,-10.51942135189434,16.73521683259856,-7.317411972156282
-100.30416821269336,8.772177163912122,-1.5290829261261396,16.54671049624776,18.752413804684608,9.196778518770849,4.6705656425088105,-5.797357751461613,7.162934163849831,-9.651757231988451,10.817079561549509,-14.3890464989217
-70.44320649572754,0.23857788646511197,-7.131404406621487,1.0981098845601653,-34.93107478568117,9.544932581211107,0.679466613225153,7.816030894476217,3.5533864710581256,-13.857448859974525,8.717661489693342,-38.64604156732722
72.28392121766254,-0.388208397396533,-7.117525302549399,7.405444198209793,-36.810432706251476,9.502454991617423,-7.281421693739709,-10.674894545830469,0.3990433893075984,-10.088245081159025,7.510493316418089,-25.535634098441705
51.545462696115905,-1.3197202503003682,-3.7919943439115213,5.43818637158067,-22.989978981231456,15.764199958853311,-2.4748789933031414,5.460172607881625,0.83482203216459,-11.131705000572937,-2.7124842365597086,-52.54632504649672
-78.19187567282957,-1.50099947489393,-6.710174358763729,2.411187621732663,-38.121831448776106,9.076526244600052,4.737852393945095,14.202428379936915,1.3796866437290038,-8.076794607750188,2.004955234111128,-28.94409399138047
-1.792399193901638,4.892182112609129,-3.738681474583335,6.45184091350963,-3.9623774657669775,10.749197666700468,-1.4892428777506783,4.652732069018291,7.707791526644165,-9.917382438608133,22.1589913076716,9.211080689547225
39.42625402411698,6.162266710149487,-0.8958237969630982,12.269672179948609,13.96657672333982,9.045386892849802,-1.8652315141036837,6.992442346809161,2.580658254185039,-9.80863170627215,7.617172038897351,-23.17852505084635
-82.06347151142371,-0.07436856942206543,-7.818228723278994,2.4689227037994197,-39.3506548011879,14.926847055992205,3.048176438247461,-1.7953576775730538,6.27454151605315,-10.85081981103266,21.96346708841192,3.930234177005712
-87.77853134268929,-2.536483025677245,-5.715734937117895,-3.1158718405961983,-36.09279219873478,11.834452462010407,-1.6122730171165722,7.1206968459919615,1.8077868570558087,-9.573528359154372,2.096808524337427,-35.327292083055305
-74.13541153755054,-0.8263798638243497,-4.7023544895206815,-7.375655986601357,-26.04781506846222,9.160335673238814,0.2378111126432465,9.990482958182627,3.927590499088115,-12.299869193306114,9.407059159298248,-29.879637053343068
-89.50879902690338,-1.7671436440486086,-5.422708352326705,-0.9489695252308792,-32.4774300035796,12.599288652809427,-4.235565369374402,1.5923726801911098,4.942879556451966,-9.569764099395332,13.198157048918002,-9.376012653541242
-51.674515393733955,2.5885539951231467,-5.488156672727599,-1.801516080864194,-19.674530589810132,9.179022700121338,0.11224601079710261,16.39253198202193,9.240606516563489,-12.125903395514936,26.54910593894299,10.3501540038774
-104.58208254137827,-3.419561384991808,-5.78800533827774,-4.248685594085432,-39.171501548385876,9.361868491542578,-1.4126577997464258,4.97003055301991,6.825015920662695,-9.124088378744366,15.398950636373307,-3.2371620862584214
-0.05607609554392301,1.486844325782842,-3.2983915075080956,5.866820905704481,-12.134151489764035,10.253017612293103,5.635580541363941,6.1695110032350735,0.09896306501013097,-7.083348398863477,0.22472112796725696,-29.527842709923235
-31.49891918691044,0.6939690094011108,-4.763502790642679,2.710219111632683,-21.752351687036946,12.704931360478497,3.7930990383796988,6.183849114630873,4.768275755196336,-10.414846850706008,9.848351322590108,-21.58384711720177
-54.49013607059298,0.03521668347475225,-4.277184394461748,-0.18993661058904557,-21.264486236801343,12.98503488017474,-4.079080244534561,8.320299295271273,1.7454331093889226,-12.696832922668651,3.3335609938190283,-47.01312493883742
-44.69841591003254,1.8431674388661017,-5.994871179526497,-1.8187728573295137,-24.45128437527408,11.027278750828875,4.9315798781883755,10.592555895300485,2.4523298320752156,-9.925639069389497,1.1567988639219582,-39.090652430907085
-22.491796449515128,2.1529486625346936,-3.354468230007854,0.611263759801782,-10.328204076340585,9.981391047145827,3.2722248754255063,12.45717152164271,2.3851729235121537,-8.516807869068277,2.657054214536517,-30.53312836062895
-78.29187627010779,-1.0158942037640752,-5.243791106078011,-2.6989213414081275,-29.185652582700907,12.541583204006454,4.181192702980884,22.190581627518593,4.950660464301154,-7.054634467791073,13.223722054114443,0.17758207532506587
-30.6655201139063,-1.0134571808807489,-1.4418012878973943,-6.9506151468039965,-10.255198898503957,8.685807861164857,-3.263452025788899,9.63379117437675,4.0613956156949875,-11.918150444272314,13.12988534074053,-19.4289998420926
25.03856634818212,4.021661778946037,-4.1312882815840295,8.112758297906403,-8.668309715726654,8.289214086132896,9.336974729625366,10.269934642864687,-1.1952952152722096,-6.9306411036878135,-3.9713898541917954,-37.80228233687677
-86.49395100077484,-2.7004150622271377,-4.764232364823627,-1.2638874757682457,-31.836291149171736,15.409980243638348,-7.606047540549094,4.254250292211602,5.984440938164524,-10.687243042597558,14.715442321998875,-10.91056455028846
-99.17306818235444,-3.0324708525237902,-4.416045232302208,-3.2121244077932456,-31.135361984730817,10.535147847461687,-5.318124996820682,10.436543253001064,6.975966588553931,-10.985173068709877,18.81611630861289,-2.9694575134723795
9.771039162246495,4.4482110764814795,-6.553116312983264,13.011964746433394,-19.414147451404144,8.735637893945022,7.0222438807488,1.3939975053450508,4.4281385074241815,-8.095864806214324,8.441268079594396,-14.369757138404811
-61.1626633550751,-0.20005478800629944,-5.024090117103929,0.8967619461462554,-25.6326785099214,14.874913993311704,1.1670229132472363,11.264566617015454,1.0366713228318782,-8.380919807898715,-0.1162761858436463,-35.462963533424514
-34.061691699957606,2.821368702685274,-6.36264686655877,4.949969479942416,-23.38217251320839,8.499199141478652,1.2613940909566184,5.336159664622483,1.0123049193769695,-7.108039763123234,4.801084292563701,-18.525863047647455
-83.96981512132719,-3.022772886907132,-6.343681972062418,0.27641519048620555,-40.84951766406104,11.73209129238623,3.1412935055788855,11.08674491339308,4.263778750937155,-9.186294755047687,8.567511425119164,-19.460650770828433
-60.949914059286776,-0.6697852841330001,-4.7570332055248565,0.8006612495216845,-25.801318228345693,13.037062062828307,2.1801418973586397,24.29351324991335,3.383112469411248,-9.705575635864152,7.511104510330648,-23.28551372822335
-35.28893986374983,-3.5663486019039676,-1.724826503685755,-6.406687092667178,-19.310750881200338,14.402816671296968,3.1232579255475534,10.831873315657361,5.9345896328825685,-6.76568119905512,12.92605993254509,1.0344643576435744
-79.86766389746812,0.21887918874536633,-7.084221956027622,4.344155195773415,-34.72323530978481,12.86084423644052,1.83419671952106,4.9760474935740415,5.329411601343771,-12.263819933217295,11.955621461556083,-24.55408194273234
34.53071824318262,-3.545585464184761,-2.567076344926221,-0.37950029989392675,-23.504898655286556,17.85888203167309,5.457073063233537,4.266104314675095,6.550343800069944,-7.19297837107591,13.685838209995294,0.8377216094777964
81.56888321302348,3.9253458158526704,-9.808179368112208,9.58952410365407,-37.22210686834657,8.673869186010924,-4.506226971604265,1.3346909142661332,4.5338629746032515,-13.277299900299038,19.2128494274001,-11.935326239681071
-45.26297318002147,2.8198481095612764,-5.312342722683704,7.952875316714994,-18.059095966594974,9.40613349536872,-7.823353140428555,7.174543125039023,6.2599137180093445,-10.591882722812047,13.52471547343714,-13.438826724512925
-67.4654307427867,-2.19470517719194,-3.3737246973335218,-8.20559630885979,-23.458693713717633,9.45302635820581,4.363420618425808,7.949330143817249,7.689236852173698,-11.899323756102692,18.610536183353165,-6.649236729887614
-43.02103844683059,2.2780251050808134,-3.039347860420051,-2.066088910889131,-8.33138630208481,11.775837024053029,-6.272828708393087,8.424832649905126,3.035637925708234,-11.313797153064101,4.0644738299034,-38.37916404826532
-17.6425072353413,0.22421665276840863,-2.5282551557252986,7.486642880919794,-12.014458986645609,8.914690860671548,0.5287878826715691,4.815884105338645,0.3851764466945866,-6.190217403158656,3.213946632766975,-18.89509076538911
-162.76875815054976,-5.119668844577013,-5.941161584764114,-17.417473857495217,-45.060395806804074,11.908979830315143,-2.6815043579442523,10.159993943381657,3.2755644767697136,-11.033842922672726,11.906982678075407,-17.82620586265765
-54.171701918945004,0.3566498669750949,-3.0328520927223526,-6.661728355767817,-14.079467786543901,11.664051477310403,-6.1773521572994525,10.164237305572653,-0.46489409095617873,-9.094010903067879,2.318437883910685,-32.41474752787042
2.1187903595687025,3.4800476389200723,-2.5771762981617643,5.930357102237798,-2.4953998340815673,10.589006402329058,0.31058388363078304,13.748698432172146,4.60520576095624,-9.835653814314737,15.804667917033637,-4.4951541223630205
-60.37372424345122,0.6975283120225024,-7.3209935012974166,5.2615133079661565,-34.52016856766948,12.42978649119409,0.43439225509339785,10.618444731735675,-0.7237158972290842,-6.794541472844693,3.485941950813812,-21.02732053261547
123.37693650591774,-2.93724516063141,-8.962261847323818,-4.732739567186854,-53.62646460216978,20.137007258663864,2.8911885278108698,1.610397236352684,4.964500631307601,-9.788740518040681,7.35648504428909,-24.490229108810798
-107.31075175819419,-4.277145953359327,-4.049282105335558,-13.375150885649177,-33.073375566139966,8.72011575357451,-3.2330690615718076,2.2647878326856814,-0.3141832926008883,-8.613870561632947,-0.25039903446974754,-36.669291160761006
36.100132093408085,3.7851624756058095,-4.128244442624103,4.798161016746813,-9.39868690635129,10.438138827935477,-11.826982292630916,7.361536610441793,12.05061176559928,-12.603668287344599,24.102463122418765,3.127320898391388
-40.52144638764345,3.3457829304056026,-4.327012693707993,7.760311084505182,-11.548643239569428,13.068496946005805,-3.932723931132582,14.099941331691946,1.2444434443504706,-11.253985456349609,8.816551295727859,-27.195028125045134
-104.26899617820257,-1.57496704731139,-6.258312543106866,-7.311520010333469,-36.121557994022396,12.389314223015038,-5.041298309466379,4.149719609236338,3.413560487491834,-11.519055148236193,5.158231768400622,-37.13621108470342
-8.259806604067212,5.166196354241275,-7.330247225697839,11.40689441068734,-21.15897207842551,11.830781223293105,5.810986940063164,4.733615828435231,3.075972953163046,-12.053227941255885,11.857697527351064,-23.30651330327833
0.9623996693601864,2.7103023216107394,-3.086269582564307,2.9218756937529404,-7.292992525099787,14.656236851903822,1.80510468353115,1.3292625983120159,5.772751441812749,-7.348595282536382,20.99107715868729,17.003421503831206
-62.39429948577379,0.6056504009997803,-5.879055623199889,4.711726550552875,-27.662723750014575,9.478629446599681,3.1131771664579175,6.538535715716344,5.36153501761739,-12.400465691822983,8.075089584524797,-33.36360326112516
-3.7430717871949444,3.8517072484646766,-5.462095122116386,7.449023112767195,-15.748215670773803,10.322122644674739,5.40045074981801,13.528044610074211,2.9119059060007024,-10.44298173120692,10.396526405676418,-21.222390035610754
109.5838706651885,1.4341844570088342,-6.4479585940921815,6.442273789268268,-28.025075015045395,9.497724367437584,-13.314395354156627,17.679494605321707,0.3989218282513711,-7.5147753862904185,4.282316415449279,-21.48357508852089
-126.63155901145474,-5.520361666678134,-6.56701881135497,-8.169239979102134,-49.38813687444089,15.849102879900535,2.019764675868843,-0.42378615483189463,0.883948049910467,-12.049214911301997,2.331717113672176,-45.63996862023261
-113.781487918624,-0.5585920469758955,-5.9564788070518055,-7.0197905541711085,-31.496143057195244,9.142069631862487,-8.692039978503452,1.3303060434385525,8.131320872652372,-9.792823241360983,18.890542376562706,2.5307890792888923
-74.16673981085441,-3.950515611727833,-4.735155769403798,-8.659103572450789,-35.49239339175051,9.74844622777496,5.379604591506692,3.5911406182871626,2.1883124254651802,-11.136511974318722,7.995081885874573,-29.050017997429432
-61.527501914113394,0.8958768489446873,-6.60442456422067,1.3202064300950798,-30.360229324474776,11.54965948255944,2.856366201665543,14.856466344048028,9.96488897280155,-7.257368001922457,23.65572066882532,23.71306497506014
-4.318274380113017,-0.0760328907688171,-3.2013457775820418,0.15363257562996488,-16.142579541626585,11.527595957882179,4.171853149795851,2.5005772306722487,3.287813581547001,-11.542846352888793,10.316670065728434,-24.659346902895717
-56.44277740845499,-3.3300275578147076,-5.378418164552718,-2.8914125366595385,-36.885096390085,12.579549628071927,4.428414528969322,9.10220644595995,9.093623863709098,-9.861996567933847,24.39123436407273,14.784709842400574
-137.53899471032256,-3.0271903779896094,-6.665425128496572,-7.818119768705948,-42.44259304292519,9.64525305083842,-1.6600202736447782,-0.0898448093786568,3.7840274458546093,-8.870840915564912,12.02202106508074,-9.843312026896907
-38.524783727612785,7.209102536326362,-4.369217851251448,16.945134285380327,-0.28841961883696454,10.801788780863617,1.7802224566351184,19.648086115190807,10.88152606027181,-11.022125486213865,21.729388401678328,2.9419982879999975
-93.16692783283614,-1.7198583308806108,-5.655164360486154,0.5181696701187053,-33.462696512167106,7.707329372775025,0.9746724114360372,12.981690824839063,4.218042608199001,-9.960338604936329,5.807055246743101,-28.558606553711705
-85.27897184992858,-2.853742286627563,-4.90513785598796,-3.8923151712531125,-32.991699641195765,10.338153672937496,-0.1340122439049507,10.087481624934554,6.357517332493043,-9.919289523952243,19.03926967930303,2.8578529523227476
-11.164667147236276,3.709175966826346,-5.136749708116529,1.6179285883960643,-14.56357180966838,14.775462295854565,3.0728521458939837,3.8767311574922854,4.702552832563175,-7.976095902790004,1.2479718172285832,-30.97439514961453
-118.33283546297069,-4.084140413484833,-5.060368797829168,-8.496230001667826,-37.6048722490558,12.051638862504271,-8.829249769426756,3.348150248328464,6.662336462583514,-6.779241154252571,15.858425793065168,8.340212070045396
-44.2349828417898,1.8140928838244232,-6.029536637320816,4.2480194778797,-24.65689352833074,9.01112618257251,-4.827036607827086,0.9463091613810839,0.09620486877065826,-10.641973894878802,2.6558437634768928,-39.012342854821625
-21.453077022586797,1.7098407790649461,-4.586970711605307,6.713656964585626,-17.751775718695477,15.498863641510935,-3.3884473581541954,-1.1334119787729353,2.327445921569495,-8.592622492419851,6.074646145191446,-22.790643704563717
-15.47941068071573,1.3634480390947257,-3.0508545377051606,1.2130784689651009,-11.163522958589084,15.438272258907876,7.034256346304735,-0.42053729820097807,6.793699246167636,-9.995195346887314,9.280378940199217,-21.015567035840398
-2.187164296663558,3.310130575512062,-3.2111991286789183,4.306984189787466,-6.09988641088808,8.69329685695387,0.6510787425870355,5.244173038690723,-3.3728904668502047,-12.349333718852508,3.0017462788733162,-44.92138987052998
-43.764779579294235,3.999684977900972,-5.190184541035813,12.260062474096209,-13.886026403776365,14.136864448261601,-8.484275664498574,9.187781672206615,4.774195773815567,-11.306207642523248,7.433380144634459,-30.687046878334478
-16.07332387305655,6.4468560232079115,-4.918550909760649,10.184300157966423,-5.228474483126947,10.73638877818518,-4.911289007037508,1.6356868753200393,5.671289574178272,-9.184274730556982,20.88590496686792,9.666369994748436
37.923002595806906,-2.005119514544583,-2.7318426703921945,1.6079396692575472,-19.740100278003982,11.181832647607951,6.038203915799526,-10.267924006281419,0.060883285146738686,-7.419007592252971,7.2294647178453335,-15.287562528621617
-26.270708112452887,1.0151206884050052,-4.87127594684391,7.561806136653203,-21.341703764374305,9.35456211500666,3.6951888774479884,4.771579701845668,5.748449091571285,-11.738456317795109,15.659467030831264,-13.005626331937366
-29.182754791650424,1.5629553013746222,-4.614456053252005,11.020623253146361,-18.4525275145585,10.148817055755304,-5.202345393244578,12.563475232338853,7.686347904530976,-9.829922809296258,18.528020703268083,1.6194722397079426
-92.51385445575198,-2.4892683388949606,-6.961136034533228,-1.8598209597858992,-42.33290216176777,9.985851875530884,3.7649173645470975,7.620921432524595,5.76167954510831,-11.735076587807379,13.865914175544205,-17.30452538793427
-75.51835277504064,-1.310968523246226,-2.951807566302843,-1.9028771069452086,-18.72342042941823,12.062639700474076,-7.239359547370631,-3.770468500384652,2.8340285561829885,-11.567700359052308,7.368726357379312,-30.605545214218555
-34.895491362888954,2.1285060577293167,-6.892784186600517,1.7509931738407958,-28.07538610045517,13.072843235791833,8.47060486923895,10.48206048607053,1.1745154082017435,-13.28664175326012,0.24974120483849482,-55.553986962001076
-73.04898488194638,1.5468061832449465,-8.26960377895255,4.520234583512991,-36.74862353709868,13.796245985530474,-0.11778626135834713,1.8908049505383637,4.839692554633828,-7.34507298803197,11.152551608213411,-5.591970304900938
-92.56960780363795,-0.41497412139979584,-7.052799237560938,-3.3018793432459814,-36.55632331264072,12.597421733518622,1.9113498103161985,14.797165606105096,5.754820629003225,-5.3299615541993575,16.044648712915972,14.181073234637116
64.0408806328147,-0.16602816446441104,-3.356022674240751,2.962842402504619,-17.262479542103616,8.746400729914054,-3.623620198989695,17.44569288471483,10.938713297387643,-11.761584757874004,17.350529358724955,-10.330407678622372
-21.746365812973266,0.520623908972201,-2.9555064680701744,2.2311094830022995,-13.21790549122472,9.409266074059367,5.397634376187524,9.475416105375805,2.831298765226988,-8.777525872683915,6.341823041175769,-22.352421534398562
94.54275784453293,-4.650948374387199,-2.9695930652424174,-12.72408918422803,-28.764452390301134,16.763427902871452,3.2298348125556657,19.428735396107054,1.6479418127010024,-6.402894575019195,8.640814362818269,-7.3753888779493515
-78.82137661802831,-3.2238124202624125,-2.2410904137566976,-6.452309342580702,-20.952423784753794,9.070450223171711,-2.133798770081082,2.761197715156074,5.962062519293897,-9.225369525312104,9.23957583082802,-17.431591082957485
-95.45806128310417,-5.286510404525159,-2.2053570646549048,-19.852934477229383,-26.833903585250866,10.406802785036684,2.3180425660957273,9.520951402791566,4.852867682223852,-13.49453639632555,14.640109334055241,-22.61453594510526
-27.524516238658244,1.6439345267391903,-4.30676713254978,-3.469458459964847,-16.568819569092145,8.981536799120171,1.4940880076931942,9.733027890183175,-0.2909954158711683,-7.9868789565907985,-3.9809889270097045,-42.70985666379364
-112.19026486480678,-4.053082528541184,-7.129291901852014,-4.3979959536676425,-47.82703185550852,11.131460428960173,-0.7109415646895609,13.421741684117631,11.358190577821638,-8.405434627660146,27.11335934384651,26.775072456209827
-76.51897565109209,1.3139942320913023,-6.828235872834979,-0.7840062569472175,-30.108703107435538,15.936611635738954,-2.8279745989399387,-2.229051781134533,6.631862650911825,-8.708368065727953,12.879524693084841,-7.784038502929403
-69.41344649583932,-1.2501812164632564,-2.6008754035898654,-6.19969167883564,-16.80724035291138,9.683680123749207,-7.256781660136557,4.5486985154926165,1.5467260576703223,-9.436981852220049,8.386745191095848,-20.149181925835265
-6.5010040274300005,3.407150550007472,-2.0861904987114555,-3.409663617855747,-0.2401811863199395,12.436341403139801,4.019894830965982,14.915577726748001,8.877291456843778,-10.763709459101273,17.17014667334147,-6.421033381021656
-12.725554874269097,6.87339200865558,-4.903435376858907,17.934454431439434,-3.9443650191367277,8.37486341958151,-9.0728200286465,-1.5677821802684084,3.9035726450517583,-14.547170255011334,8.806171846994852,-41.07752530012444
28.44024864883037,4.557725391529391,-5.743150676415299,5.35821231917463,-15.023222449993058,18.602736081852196,1.761909890855577,8.122341394995914,3.378575485860878,-7.4495609633780635,-0.38438497990636744,-31.86963978013743
7.931879837744384,2.9098589217725968,-3.0141246035207825,6.507996695543076,-6.3512865209952825,11.13104694191554,-2.192337239589481,7.3433672472853715,1.230303841192307,-8.995470506715629,8.896309578189971,-18.11573491570787
-107.37094955883184,-0.5814601318029087,-8.359331040342447,-5.792570353994682,-43.49121927000801,8.01892592233068,-0.572086086651928,11.12893013230784,2.3683567482480337,-11.23930058570151,8.72494776833537,-26.537008603486182
-76.29829461346111,-0.8058081053753994,-5.952906101259893,-4.105832320407757,-32.16936749607739,9.357887717546623,-0.04070481746457233,22.586848263312508,4.432280528999883,-11.183376326256816,9.533941778424923,-24.9027779637154
-48.51896267893496,-1.9341553341102684,-3.552258611347233,-7.233676713456169,-23.65830640821882,7.5589157896650185,6.16224212111256,2.4811877366885877,4.490573265287839,-10.623566005901953,9.878137886708311,-21.682904974282895
-24.297252589002994,1.5289793568297494,-4.084048624747613,2.667816102517249,-15.780217847652565,10.74373896113841,2.576601196264096,-3.857603388222131,5.532677978176819,-7.181789799007963,16.386306992197042,7.027812833628667
-30.67930589531585,-0.9814196683379498,-2.6969042330153656,-9.345221496969916,-16.46421173301279,14.697091199280827,3.119514750631442,-1.7127227120437212,6.7846180225241355,-8.687736529992257,15.602154841447437,-0.4342507135135252
-131.8058983321755,-0.7632127254233606,-6.957992934759167,-5.279668388788962,-37.06137539356014,12.881867576412684,-14.071184953554862,0.21975533555488713,2.7564589439585383,-10.994239521752904,5.673821690925229,-33.057105122564124
44.23002911405195,3.707784336541761,-5.531713897966729,4.785446207215417,-16.535882726910938,15.45243306501942,-8.012440324640432,2.388928980592544,9.180080307977029,-7.3546718628671615,15.837165277073364,6.928089056589256
-27.381425055142948,1.6036235038643252,-5.729145412490702,8.267551708871,-23.847883449045746,10.419534121277568,7.719984626102621,-1.932540550646145,2.87501077114206,-8.501236646351721,9.38320784175933,-14.293881876916416
-68.01190644836984,1.1265691756313698,-6.770859099399896,2.082808441843076,-30.486267750346553,8.886868713488832,1.1176465303620366,-11.19423223958649,0.7125929903722863,-11.153637153572417,9.651840839195685,-24.06710199711973
-105.18582969410359,-2.780491624405246,-6.42619199762685,-6.518041016614316,-40.51629649373865,8.222218884776703,6.053024928470225,9.939849862775679,-0.6184465467484959,-11.530084812477535,0.10961186616325014,-47.905944792547785
-36.56766187295416,0.2631553955245667,-5.31287127260968,-0.28680067871100556,-25.785770864253358,11.400151512708009,6.143694103129163,4.461677906730772,5.324777991929659,-9.507279899500315,11.568448242815768,-13.079406905819065
-48.3340523080174,1.5265222096422777,-7.791342572411709,4.340423508188063,-34.34163743084913,12.705366034842761,4.824786092612307,2.3623029475800714,4.247658203955813,-10.392285955311651,4.604543774407026,-33.28543467464859
-109.18540965019879,-3.7398677984424067,-5.288272881222384,-9.811516651156158,-37.75004186616426,8.403420335873147,1.8866191705434527,5.23020151982273,3.998958677251834,-7.747520733259117,15.315245146934599,3.2982845345190777
-134.94531916180694,-1.2624152397714046,-7.302538229776852,-10.684499603662623,-40.2820019102456,10.125116012640365,-7.049702122041614,5.56745721756455,6.6870677110479475,-11.679614271208642,16.444472810854844,-11.208981295937358
-30.83246413956256,0.6194203017987894,-4.79999224975134,1.7710359062019378,-22.172983287886904,11.788230963800906,5.050135009182673,-1.5886766108322554,2.523587871053758,-10.607384363323796,4.876056599290116,-33.45875551166347
-43.86308850398209,0.9297327466417767,-5.659089228469062,5.440714809616341,-25.460922183449632,8.70242603768222,7.378820517148427,6.988161648672113,0.2553173175210639,-7.350260945078378,0.07188640508701072,-30.558838359627217
-36.89191649621043,5.469313596757839,-2.597027238245052,3.7680350321679823,3.3661700308744025,13.804291770246177,3.3252758660105677,10.722708955322982,-6.089994743183571,-5.2712606875849355,-1.6599812840187962,-26.732565105344012
-50.79783806983546,3.61386291645917,-7.884776165778257,7.836536103554224,-28.603077045840546,9.278311933050132,3.647065416815449,2.1775400793141566,1.3236791277434627,-6.948317324219966,9.719621596165641,-7.691788007900909
-39.47619874094977,2.7720167480001496,-5.589315332401668,11.128702898901194,-19.582078967879855,17.01149746264524,-5.370760259969115,12.556806384570871,5.987275194743752,-8.382909801594796,19.29227519681892,9.60743019123367
-1.8169959846902826,3.5153457656924365,-3.0420395176973662,6.225337346515261,-4.6542831000733536,10.634600938901283,-2.548858521984396,18.861046280208313,7.480151636425775,-10.630231344710943,12.994143014442896,-14.079595238268949
-55.482898602613425,9.84086240833635,-3.178762404602902,22.708020256948252,13.640158891224788,12.681757619948213,-11.603986810058792,7.769388573010582,2.262090645330975,-12.15802457834968,7.691103525568279,-33.831904604067134
-96.85783151860797,-6.580434297709422,-5.250386165931471,-11.746173812294863,-46.03156023131573,10.797127279358753,8.878237333710606,10.319766488694167,4.8283882755437295,-9.389041086593469,14.632113105255597,-5.488035740571043
10.914854553455104,4.404315756954562,-3.3677394229963875,4.049829604750752,-3.6505325251914793,10.010019740137503,-0.5677883278625027,8.892219216783394,-0.33791768490505003,-12.576278644054973,-1.1021656031171618,-55.34223752430302
-143.82468647229206,-2.540536688852307,-8.220170546480288,-5.896457588819674,-48.76279296936935,13.844811156712348,-4.0494299128226,12.193914270742116,0.7876439420527652,-14.340369834875347,7.574592186820866,-42.83262849463704
-116.59521045373359,-1.8861290479810018,-7.0194338594420636,-9.134705061426299,-40.73082116634065,8.528789184614524,-4.0825778757947475,15.541790195663687,4.695671165427133,-10.071629004586999,10.421007886260877,-19.149920459128126
-61.23167585594278,-0.5259746224219275,-5.0529945538486265,1.4709816869052954,-26.836274251734977,16.755197310131834,2.4964912053916724,4.318430026644493,1.1102467232371653,-9.412333983902936,3.923113204559896,-30.058428116290898
11.745447649314459,3.481960598815812,-5.237987219577926,11.674194518705661,-15.750991636696142,9.471406995623097,6.060365777178367,3.182607332770246,9.777825816752864,-8.04805704466003,24.593071214774834,24.05631904715385
-64.8565758307892,0.9108304417596997,-7.022291017718096,2.0685553867604765,-32.317720619042056,14.713120267023942,-1.3554196747757103,3.22293706638288,4.180215639650688,-13.547980834210664,16.612874186833086,-19.108912667969083
-93.79243008420414,1.1338962139807789,-6.629352468185303,-0.7286884838220833,-29.778650656769322,16.70802696492148,-0.5259573067173138,2.3360439120350405,7.014066391135074,-8.209493534513204,6.490370380255106,-19.96277281300098
-21.62936048049032,-0.9509248791812539,-2.8008906423039943,5.888557607648124,-16.90576349461591,9.303601519001027,0.7889864717426498,3.715771943914135,3.3257541959016503,-7.656000782871965,12.238988782194157,-3.647533687113512
-22.46009843096255,1.545543560865286,-3.150417510428823,-0.891809735572568,-11.086874029784518,11.111465445390483,-0.493224119588735,12.051460482596331,-3.1893016542975676,-10.511811229065216,0.5384246832513195,-43.50790298053921
-72.88691758975314,-2.8404191468230073,-6.001203209500427,-1.5796137805292263,-38.5176993299772,11.993076706876105,5.991897371085389,1.9140554112344708,0.5269798020953589,-6.4253421420436405,6.1057669565232136,-13.430568023703396
140.23070549531317,-4.817952834226535,-5.846944334994008,-15.730222336034586,-43.60232302992277,8.635486655295674,-5.951686342734188,-5.469098547055932,2.268012687274072,-11.078783126231215,2.184273942163128,-42.47430039751345
-41.67455010815915,1.13044997308295,-4.5333219190824465,6.2497793154439965,-19.202602081884464,11.173278714584123,-2.9702187020043205,3.7789017094949573,3.9846083048808922,-10.743961335101794,13.189810712070514,-15.03154372840417
-109.20531145953603,-0.9681772942317193,-7.522794270584317,-6.317676870456491,-40.496808878381884,13.728106468650672,0.8406265906338213,8.961564946869494,6.228599776788759,-11.386709739039787,13.50746266023094,-17.04265713416988
-40.16915349766034,3.1776477291458707,-0.5149142512482143,10.783636805359075,6.898846862580314,11.34720390083362,-5.3787721342386146,-2.5443094404219266,-0.2548698612750915,-13.336386411236246,5.125036929325045,-43.75212389537428
-106.4945417022925,1.0618280951978138,-10.06105960825866,4.59099054960604,-47.153894022060044,14.808178943458131,-0.5672437423305592,12.623569658805543,5.772965992590333,-9.06164925815813,11.28655387535531,-12.053632683159307
-86.68694966676823,0.6214694503141508,-6.133076595931696,3.8333489615427805,-28.777194689867112,10.554578154987741,-8.64574689798329,4.523182999544629,3.5599050197382094,-10.068952047053479,4.777933012398514,-31.417826826289136
12.14077061881418,3.623074627899008,-2.9303222347725755,9.975310337591628,-3.7411617500406384,10.176568108599678,5.372085257439183,13.544104310987906,2.2005164951870793,-11.607006169767127,10.57154197892934,-23.108468561321757
1.8047126680630505,2.9290357342305495,-5.005671059190347,4.543701157788787,-16.224219363000078,9.090541093669602,4.383587550576408,16.39047770427176,9.426454699499718,-15.18360900435508,18.862970629291976,-20.936634396454668
-54.50280599565506,-0.6173505818803482,-4.344467009834266,0.7942258934631861,-23.641072800859583,8.59432483186174,5.697976727510664,-1.6195739767003232,-0.014518651503677482,-10.0407129263189,2.672315164382604,-35.55935605605639
-81.1677425620717,-1.8241954632890187,-7.0632825123145775,0.5505801451724901,-40.852347628880295,9.61862618214728,8.950010035575731,5.320028696605415,6.932024307758574,-10.088933076667875,13.45311323442776,-11.800741640241837
-60.129192916935,0.7385985373262394,-4.512453943570784,0.5796898898331369,-20.374298722102264,10.163063533447746,-7.471177172094805,11.945637004855342,1.0019923432535829,-10.658011992510353,7.355075479349777,-28.456426797564117
-98.80835155289311,-0.6191900472626566,-5.2349540992647725,-9.82545761866633,-28.027100039037116,11.97679213326655,-0.6762995087571992,1.7968793691575122,3.958970362790545,-10.113369277239066,10.375170588073203,-18.518923158508557
-58.77773785231315,-1.2711908428620116,-3.7056627177617574,-2.667172311784676,-22.37009357276918,9.686192181654675,1.979284514018003,1.9385123240067887,3.864199689351292,-5.886952900467751,10.259280554379787,-2.37141018508162
-47.54801098400378,-0.12912032605032017,-4.697425009588209,-5.963838956506371,-23.916116270286054,8.13601168180542,6.911955384363411,8.489376159096508,0.722285362024893,-14.57388253001537,2.500332522938596,-55.33212175401765
-47.029966272880635,-1.5966326584913006,-5.3148239864024465,1.796039420391227,-31.406324312119033,10.416622733812313,5.263408752184411,12.056626722514242,5.885490485124961,-9.79711906032341,13.663247569009917,-9.792373500811848
-74.07280976470199,0.8659275058214934,-7.534921543250832,-1.5995537970234601,-35.117003976296864,8.827912724666504,-1.5350352862317438,4.96226276266854,-0.2418056559624917,-10.123545350991794,2.4574582565068135,-37.33590089938201
-134.2316724862692,-2.8267527928448932,-8.410398844852342,-4.41938156765963,-50.482943105271936,9.362289822920708,-9.118601986191898,13.275911243104446,3.96687854771304,-8.77861163920927,13.780776731342499,-5.252079126533192
-15.009160196210582,3.525622441750061,-6.725504008899075,7.784095222859791,-22.983855054584538,12.622241851073495,6.969653146589478,12.433768779487528,2.02689775035197,-7.451845206693344,3.156873641964954,-25.062719110345647
-112.684971628163,-2.667536639430354,-8.09841035533795,-6.779952574331206,-48.50894104024518,9.042795534169274,6.5165413845224185,3.1809051316770893,4.269301688335782,-10.45349525074549,7.851215040400988,-26.161740834843073
-65.31138220211169,0.3653499960272251,-6.0642186276712655,-0.6894675917433933,-29.171803936439407,12.608438369244354,-1.6041341488017098,18.432194698490388,1.6929543726624843,-5.16463145603165,2.447009588168089,-16.383018552423305
-61.88359480201099,-4.262181749441758,-3.49354785038904,-6.330871199354498,-30.251971232022292,8.643502183769044,4.6481195455270985,19.939642200087572,7.383997144070135,-7.237552607734387,10.97036790845916,-5.577446190858042
-43.93971313547876,3.283360342938843,-6.663270810732711,2.842849323351922,-23.452828141006428,8.33948403339306,1.3853726539185658,-1.3967762177448755,1.6087804660770488,-11.8348203429254,5.128134208166589,-37.70899576864747
-50.03020219077631,1.1035701209017057,-5.644364310056647,0.5123974684551886,-24.971012759732186,17.59639478432386,0.3738747467027448,8.414976029804091,5.812864693295575,-9.874286075717812,11.508060823230021,-14.666290413182091
-38.751382308617636,1.6656691615978458,-1.9251225796417408,3.1839901042004133,-4.5792956067437816,8.745847083199383,-8.101235233380773,11.74601888449758,3.8919108423395046,-11.017426851997072,3.3331688869299096,-38.38050894660714
-45.04798367789076,1.2650424170231487,-3.702569181030438,5.023268869745776,-14.735100124276968,11.147620464657399,-3.572604505140376,7.881119364283894,4.73891798723713,-10.894724832935058,11.473566255500522,-20.346827494586023
-73.66584609892126,-1.1643613646116593,-4.987663627085317,-5.087306955043932,-28.45775884715691,9.701334081555414,-0.9507444810002408,6.188771711149218,4.424018455938631,-7.940968331107371,13.447196835752125,-2.5044645019036675
41.22520047569701,5.35640607160145,-1.594703510967336,6.923108335528,8.10494466904925,8.904883871287664,-1.3140284853838509,4.218825394364613,0.8088404574763883,-11.48102531890385,0.11425938713116901,-48.29371041978591
25.932864327889497,3.1557064774057197,-3.92315846770103,12.461601223295986,-10.136605277966558,8.16277386512358,5.17617966602993,-7.505615983190772,6.384925696650224,-6.789122094830237,17.228821384298914,11.782277714596063
-84.60131471318213,-1.8333434500458643,-4.449196209582598,-6.80298574251097,-27.81863852554858,10.50261163773532,-2.824773441218447,0.25355760671785266,4.074175532854911,-11.61131127982308,10.661897894886351,-24.310517630506727
-99.66374526267862,-1.8669118729028695,-5.487861575614248,-5.388591266552024,-33.01097619172553,12.695108459837664,-2.4768825189571047,10.36030310441133,3.010870248968936,-9.70604579490415,7.343846766817098,-24.38111988067537
-27.865046189950547,1.9083500797845927,-4.213392135042786,6.443405755785875,-15.239037079281625,8.644867350109894,1.1283620358840523,0.6296837578410113,6.241751854978272,-7.079503720031986,15.580380112056922,6.8496352468205774
32.75200617880939,2.7419382328471884,-3.203872543206198,8.087624563629763,-7.82000619365219,8.443385008513443,9.240560549331178,7.409485419448745,5.969885630345162,-12.036112603291892,12.76555330246136,-20.697995286697523
-162.1928164210094,-6.0003042755193805,-7.6730363168822215,-8.417323972292348,-56.38767176339081,9.386054796072536,-2.4933742757537978,12.895439447308435,4.6083239322199265,-10.615271931256963,5.689437095417305,-31.655645560025516
-95.53185352871645,-2.971465334247564,-6.387417786961685,-4.044277539048977,-40.855118752386495,8.59008594161535,4.978333579359884,19.05003071502624,10.05352495845783,-9.649687870428364,22.05791237890714,10.261018568895283
28.94396929543135,3.4017692899436764,-2.2295115486498847,10.97814116733473,-0.9954285351736661,13.121786916587165,1.5236508071542367,6.192161754568668,5.592983494389363,-11.080568342054844,19.237883034820236,-1.9978202520324269
-10.159944897136933,2.555848432110237,-3.719400293766271,7.720458842075064,-10.937981529786752,12.39424600838282,1.8443348531691512,0.06085045050080318,3.851290493492886,-10.398080027183369,5.029955356216241,-31.349048021378966
-3.7417432482262942,4.549378778666478,-5.567916005568222,10.18557525703572,-14.178493777675104,11.728907914671503,1.6737052757900992,17.436720836998433,4.924450690812607,-10.340052992065985,10.054475911527783,-19.47407850931829
-106.12696382566595,1.8124428491325297,-8.802893566390917,4.3182153687233455,-38.56511532069551,11.198356527634912,-8.708474417824362,7.93298199189614,1.2791463731349184,-11.021321733474707,1.155241925519987,-44.520950669074026
8.540032718657454,3.916775298895261,-2.8622054398053063,12.339179712565505,-2.584818698006672,8.602251131927579,2.524531673685512,12.311621231948614,3.6643416445351016,-8.896835696927488,9.900030357033005,-14.4143175540012
-108.15318609297555,0.3715393051861261,-10.215685233866036,5.355995937371953,-49.94105358963642,9.308367503478749,2.9425288040324875,1.1627140196370958,6.912271082703231,-9.964249239036896,11.903864348821477,-15.068138493897271
-8.369928048717332,-1.13437800687525,0.8261354163729857,-8.471006676772378,0.7143634059605173,8.960576842632982,7.825211879886787,10.416312232995065,9.531142089450913,-10.231159768754878,19.04058067203581,0.03640775474080249
-35.211774290509716,0.0318408059959404,-3.154643961532802,-1.7091342551899038,-15.669485986795237,9.64335006985942,5.035907686321095,-0.042365439917610104,2.3647063413542524,-9.445943209554487,-0.6547953652723253,-41.20713012272547
-60.63520222727816,-2.4158221289096105,-2.9054122695597417,-8.684756791604881,-21.836694791668858,13.731588885479628,2.566105912705053,9.034631455587306,-2.403739942675788,-8.925911486552312,-5.12773716983164,-49.42283859287218
11.453659061259955,4.9674269466381045,-6.515502681268606,16.304374810528685,-17.588797493004556,8.501828442072792,0.1822761275438598,3.2843293378903904,0.5727471694265267,-10.144995968546457,8.827402628299458,-21.230504230662426
35.21262123861165,5.399135651489266,-5.639287497548529,0.79081540195447,-11.96976041744207,19.9827872834934,0.06127374633684379,11.113003405861647,1.7759058419521487,-12.076717816009744,9.46296591826153,-29.1111738224605
-20.28389095082957,2.0976053810882505,-5.066042222738338,3.257803503722692,-19.01269581236695,13.705764514673081,4.379361371110683,2.7711668880099927,4.411710573444783,-6.356803452228849,7.643355996180841,-9.096250078468506
-23.074394344257936,2.7460050084519807,-5.433034776808693,4.349340451200447,-18.961140654838864,10.019053151483494,4.883327408362895,8.516043594240605,3.3027745592782196,-10.882808974995932,12.791074148561638,-15.58908106339802
-64.00870415608352,-0.26146919692769577,-4.117749834214123,-6.9196747578417765,-21.355496936346153,13.140393331191607,2.4976822698752548,9.655516025193528,5.010399240648038,-12.122764716232336,8.395255262250469,-31.594520228778396
-60.99946797807745,-1.336216423794486,-4.340336525393042,-0.1567002181834427,-25.60500668223204,13.730232916215455,3.91307971324664,-3.1837135483778365,7.568938170737614,-9.262933148208914,11.52175742074947,-12.553370909097293
-44.776969587848214,-2.1773957622181594,-2.227478455313546,-7.488823594289253,-17.688772992747396,9.861198830421005,1.0448616565299558,14.805981918313854,9.135377042611207,-9.870615099631195,22.582034392544468,11.56269297768019
-44.75847717898143,0.654601638337449,-4.5212430766316345,1.6657393228003081,-20.678182148545712,8.488373824163082,2.4777396935075777,8.611290675404785,3.4214194842693426,-9.169216261401058,-3.1992215637889894,-46.28368227666798
-37.927703704770636,2.863206934647845,-5.380092540723295,3.0759823757294336,-18.347352643115013,11.042072400376892,0.7182684528103351,1.9729586235689247,9.539293220540355,-8.60394318310519,28.963660904710085,30.92794526423982
-52.006966016237705,-0.10098637664314847,-3.718109963555065,-5.053668743187023,-18.911845204278787,13.044730823746951,-2.5669728192375434,-1.0618351953705387,6.420060495460652,-8.942002645735409,20.634337877154863,9.571601682911906
49.93784173802966,1.8775267947722147,1.3163282845959472,7.414720531987118,12.17940666688306,8.913698901565999,0.7117332276158264,0.7469125184276733,3.793673013224709,-10.759934293715737,8.737654282710668,-24.94917483547817
126.11476990197514,-7.827546369788098,-5.702674561452994,-10.522501964620353,-52.038683494733554,10.355055428123793,4.4401774741823985,-9.111055888528574,7.55419059940666,-12.394634673568525,19.010829770832295,-8.100912594417146
-12.210662431723751,3.550851114364042,-3.6485139020684856,15.361873795203927,-7.447991075968531,8.77575726608426,1.6129138330250008,11.42226866477035,1.83424969152095,-9.72295426968317,4.348578117680897,-30.903973877159842
-25.413434768501105,2.429912940456144,-4.5095631107862815,-0.5911246437808098,-15.27819195693585,8.55104403753396,4.844296597404451,-0.18580337298493,5.3505550230542,-14.528202577414898,4.541601982117516,-50.57920291194792
-4.707418419221504,4.540386622696721,-3.6930577078477644,2.0714727428456916,-4.825162178742068,8.435944728291485,-4.014164509346585,19.15197747549319,6.866907178791539,-13.05498599431163,17.31293699773336,-14.948694242831275
-113.5773626277107,-1.7226205173101952,-7.764925939618349,-8.043512686725204,-44.05893924134841,9.587307103023587,0.7294634075415809,2.529525939869809,0.7846216674927726,-10.76052839450406,4.353769244453621,-34.965668128157894
-2.8132822130871293,5.514643333225163,-6.649084914244638,9.260366564686214,-16.64565127120118,13.469930928309548,4.383795491033344,3.2563651423461817,6.131088062326935,-11.056861618023932,9.983183944478194,-23.14165544050446
-78.00339742458188,-1.9637377251850747,-4.716519677609017,-7.1605893937070615,-29.539921634270712,10.111837837017898,2.7751796185156756,24.37061111543968,6.813577226246052,-6.86656364642929,14.587511504913614,4.505272321587677
-116.08303819412413,-4.023740040009919,-6.468591618368772,-7.834996986156288,-44.42601848034454,10.966466896234756,2.4878578916710783,-3.4852192388902505,6.707505896532402,-9.876474945642002,14.581492050007755,-7.960859188681791
-130.7067357064154,-3.011192776682365,-4.70517792735906,-5.360379630251826,-32.6452470096842,10.071923973564715,-11.525143056596342,6.770233496587666,4.5405218546319865,-10.651383227923468,9.479637434252055,-23.28291160112992
-68.14061314095785,0.6568649111964918,-6.530361539322864,0.0182481752328969,-30.71183302741195,15.505034977203634,2.0584341379274815,6.516417468738295,6.660434507846086,-10.204211750078711,14.913536939607363,-8.359944822336926
-39.97029404560569,-3.7480070616700987,-2.1163691161510285,-4.2353525137416765,-21.813742532291954,9.92862488268327,7.118351083594184,9.035184407851471,1.8477526810630787,-12.42060226380742,0.16692115950764919,-52.00517472926994
-33.41481678066731,-0.8467278761768384,-3.3537917704487636,0.03559326301700638,-19.363127150273773,12.395684045198418,1.8849224036951986,7.089961531880135,-2.6058860332946203,-8.985584437722013,-0.20584644377767702,-39.111833380326644
-13.877928778207428,4.9013286391087565,-5.67456385978721,11.204578750431672,-13.62893501650287,13.980740480766107,2.051371671020255,-0.8380415185176826,8.923092614381734,-11.52247918841837,18.97752303867009,-5.323880359056345
-87.89757050745887,-0.9864240339602097,-5.762935760721285,-2.0714959920961573,-31.82825863929284,9.31094535457531,-4.321930318163204,0.3119413988689601,1.524929829783403,-9.111561023037979,4.121577375835837,-29.233046717718835
-63.93660809519268,1.2770197451619087,-7.554812962255208,0.5565139617681247,-33.96640997756785,11.604774819165144,2.066902033919562,15.537582101955744,3.2536807926125566,-9.382233685936471,13.677057758675684,-7.77124732880063
-32.674502262971494,1.5501694928404626,-4.633052947588054,-0.7329455827037674,-18.46486278191144,13.189123392906167,6.352087505531484,-4.200583415847905,5.288104611923547,-10.46912117052793,19.65536994587386,0.44415609215866403
-4.206582910253291,4.092024899347445,-3.3602237986656665,10.298286792336686,-4.541589795542603,14.150536129359129,-3.8789732004875983,11.43276513933277,7.756215027251504,-12.604309768399995,24.327026888369037,3.580431446312691
144.9420104735953,-6.604357864774827,-6.387226773504167,-17.613608615857423,-51.838452130567944,13.032330613086334,1.9435373182960065,9.639101754441985,4.0183687842126385,-14.618238449072857,21.40844387044247,-11.827412836939784
67.77147876281501,-0.3652791751024904,-4.028798416438233,-12.702408279838227,-21.301007736158496,10.464733458561588,5.210524259858131,16.025207989055552,8.226250800519413,-8.861038956038094,23.563884549396874,17.115699517893322
-68.94828998834797,-0.05281591582142671,-5.649841711141481,-4.701603516677135,-28.32621487848419,8.949223581181691,2.1629826452616583,10.709706366378422,1.753345431853928,-9.332740791925467,7.4280651128606685,-21.98831051117211
72.47695899540307,-2.423210362081923,-2.9659880903035782,-5.907521745439425,-22.136282162495544,23.19724310615884,2.6152873134950267,13.237108304005679,5.104314707763409,-7.37156220783338,13.224055877167373,-0.6516305159886694
-96.49242104888981,-0.14988478652698856,-7.91527123831524,0.919311902619814,-40.1265664913923,9.245236191001029,-1.3189236737070207,5.379860491968138,2.783464725820371,-8.907963391354428,5.964755087678436,-23.63650798141725
-170.45607739133825,-8.620611641193323,-6.052805421385527,-21.77371964473168,-56.146904380868754,9.377109489532675,-1.3618715678315851,7.368273607209379,3.7899701452913974,-6.723701408444308,10.791491072062156,-3.808976634001816
-17.19725306927318,0.44167790945573837,-3.0619575152310077,4.6747848015738604,-13.934590702257246,10.076449554440558,-3.865574576580457,-0.3168693836454457,4.280533775182249,-10.130066853671208,10.490508056739104,-17.550076710670293
-83.32409253099331,-3.0137268345116244,-4.554606786875776,-8.956919531099873,-31.84553301691847,12.897722579273033,0.9684961146326581,15.219378431117912,0.9723034666863075,-10.424983800191779,-0.11179468465557374,-43.90589293198756
-53.555230179577514,0.25913605851730326,-3.2100189600059754,2.579455384164812,-15.281785330814497,9.425092067992688,-8.973341702884197,13.266255029251145,7.444787944163446,-11.341472187448973,22.694757449562452,4.585040835584309
21.296840283549088,2.5573415657125143,-2.651814037226004,5.944423538311927,-5.610789781725843,10.926175324770758,8.241858655948263,6.136859733397045,-0.02405645752030683,-9.611131023384148,-1.6534037540051094,-44.20682468333686
-15.146766489484557,1.8309013226156625,-3.6439491808150573,5.737758956150389,-12.75214728578117,9.724078571496158,2.001251601408725,13.725697026318201,3.26658214758241,-9.967809713368862,10.739928267987807,-17.40131951756307
-17.518495586241134,0.06205031871993491,-0.9089735733290496,-0.09971856225055381,-4.316195009564443,7.908885932481992,-2.220044580916703,15.766655587278313,1.8590212523651348,-9.324929934052728,10.86269066309162,-13.964008646140858
-63.13047167282446,-2.800134225763493,-3.231162790343231,-4.183452846042297,-24.513359974846793,7.749634122282889,-2.1049009656392403,7.536267528600788,-0.9782866327592306,-12.623762272483084,-1.35430302224232,-56.50328996786123
-38.94081912638797,-0.6960040964487324,-2.9133487074927142,-2.635511702690035,-16.679177722240784,12.554568841958133,3.289505526914813,8.086577912561843,5.5981980075107405,-6.392152624588399,12.280563971538783,1.9230101738794279
-64.73582199588722,1.4109724896269413,-4.976653685135373,1.2484498978202936,-20.724064902760663,9.149660080528243,-3.6673198989841573,6.044611477518757,5.6982011923853255,-11.20595074642542,8.9548867939254,-26.798801765005155
23.211701447258307,3.2749321818345356,-1.9669710996221932,6.279871459718991,-0.032030491349604714,9.911488425117602,-0.02767619703074331,10.703642697287716,4.569488406507507,-9.656207399847165,13.178300559987775,-10.578143530353495
-58.87922397315883,-0.05595451305572948,-5.377320092111548,-4.310030214192296,-26.974150949451914,9.004547656011846,6.811848151954847,8.216707258960994,2.928632907067904,-8.138920083241807,9.017383268615463,-12.869913506807196
-25.15148417952772,2.6635383689510777,-4.474838499915445,8.049130541452355,-14.449487769247677,15.905214986579455,-2.493696789378868,11.692598866519624,7.410323323339039,-11.434046423701107,20.34084103212512,-1.3051072289682524
-75.46090202017268,-1.5347480829574984,-5.419871751839918,-0.346110241408081,-31.673209861708845,8.253824562907974,0.5493563818136851,6.693795489050734,3.814236609014402,-7.8729173548641365,12.155992752065355,-5.552103694011804
46.53999004943004,6.725703651864579,-2.8119502071153444,9.787923074788857,6.014734436714178,9.761297440406654,1.359794232371704,17.368285241170504,1.131252046255807,-11.456355415221832,2.106884493057254,-43.03008640493643
-146.81517600622092,-3.542560767721799,-9.653246293613254,-5.696628634010942,-58.88000501107716,9.726178941667234,4.50095652703312,7.201351202376223,1.4527243415976696,-8.60210819753778,6.583476844801631,-21.153228996926536
-106.03236651420507,-2.338327768998475,-6.11337220601056,-9.854783606974472,-37.599285649501,9.054189876899109,7.133535192582061,4.415267381497701,-3.2042347041017436,-6.66409434883125,1.9683948240098559,-23.124656862918993
-48.8546926500853,2.3439992082816845,-5.367882603275501,1.5854376963656076,-19.82526121645833,14.271524338458798,-7.798174501424889,9.116136951756026,9.418570595748697,-9.084723064200606,24.1732556852134,16.81187462551517
-84.68008333458737,-4.3387060339319214,-4.507014559824462,-7.752048323687448,-35.52060413118948,13.499222311829568,0.3685311837350991,0.4672670020329379,3.4685059949038086,-9.272535982801147,6.230323744871617,-23.81664935533932
-22.866618843536877,2.254987567437476,-5.423132083410547,12.24222780346723,-20.332879371797446,11.061946869276312,2.857031820761319,5.582458778633591,6.288067156202206,-9.718480677810053,22.202879698029825,10.136941212046617
-4.970368551577817,1.2841139788348106,-2.9834616643805427,5.5881912086774355,-11.182332530895598,9.959451494724782,2.8095800899790664,16.46895324782219,2.3721978527071763,-10.62060042771335,5.875198917565116,-31.88167641803991
-68.38749884957335,1.475522787001676,-5.191824032635002,1.995030038027311,-21.480330928837688,14.094721343209951,-4.525078540725241,-0.19225394074254165,6.140640718467241,-10.21419406201105,19.174489033251106,1.8263848287418158
103.58953112954003,-0.44815114266296935,-6.161289893222273,5.327609466055717,-32.15149499847071,12.763246965088065,-9.021733163128095,4.1670718527650505,10.800618693930065,-8.367232256304996,30.442478145530103,34.17898424649152
-114.39405033038949,-1.8161304148053823,-5.0888843591392705,-6.496959378497369,-30.845785375431483,12.8513661912216,-9.00736851365016,11.021213962302426,7.933138886452346,-13.78085989816872,11.81121583385083,-30.359857134974927
-25.500918443488167,-0.6474669609199768,-2.9471167754331806,3.6475779056833493,-16.686426064984005,9.658046597371126,1.38633628115105,9.367712691908512,0.4955071584633446,-8.739273350123,-0.23818908693033336,-37.851383688720816
10.65361944533678,6.638059267055315,-5.096466855875152,14.790776192078177,-5.507476923754161,10.836653264680821,-1.2286114672878998,-3.1155232505026564,3.1330585812152365,-7.560885605810299,11.529170420257355,-4.561399245683953
23.15887748796382,-0.0933271646259595,-2.302874271519304,-0.888535543678022,-11.68474156080973,15.091525386045582,-0.8261023449868237,22.044690859247563,10.314650925204495,-8.121734719720006,20.77696281517345,13.628827782408479
-56.950175262487605,-4.027365732224228,-1.8714557941838539,-3.8320166253040364,-21.462522368821976,8.012758319743853,1.2939395648635212,2.379030394873516,4.673029491367956,-6.679353884470391,8.230812377642174,-9.12196125040136
-46.84424497597166,0.7229577833041573,-2.749272498217033,-8.059427968841021,-11.621324663834907,10.931628195142999,-2.985716201277107,1.4896692835569318,2.946295591987801,-9.278180808646011,5.680171369093936,-26.14430475531314
-60.98817690647065,-0.08730245193066305,-5.230867414902755,0.8201655291965947,-26.533476129651277,11.847973161009476,-2.103724586694147,15.96832525951457,4.198296203882374,-7.403058856049855,16.772586735555393,6.861732559900892
-105.0319246559563,0.4932975508212972,-7.544519401879882,-8.972882042356028,-36.27730663741876,8.075160972685147,0.8536784924125049,4.337139518875683,2.3435609501802226,-11.480704069774681,9.921739493672217,-24.928814651300293
-112.34070858959603,-2.8303429082529306,-5.303570327087402,-7.777021621738291,-35.05651684847898,8.785065347834237,-8.237681021143024,-1.3675393818270365,4.193206849753434,-6.957774725781581,10.46025960885213,-5.617919457626394
-85.60669828219173,1.1225587005989524,-7.166502785356016,-1.7414387895989414,-32.466234834925366,9.863272039065045,-9.025265015685141,3.1042592067197665,6.273228803403091,-13.601852754066863,7.835060029235793,-39.50478273115103
0.5450984486559314,-1.1844628651447817,-1.9279159975995759,-7.771039464137486,-13.169411857278144,14.49910181070479,8.79815136486864,3.6831656178329633,4.554076459000148,-9.590431209772678,9.93753672288661,-17.84851422925237
-33.45023489322559,2.640853121472701,-4.6284653039977846,2.725056334288975,-15.169629833859473,12.4168735302766,1.5790845100278483,9.71544692798357,4.366718552425504,-12.137375273964237,14.379397237982827,-16.959508174892758
-0.8206465589654401,2.5532669835046256,-2.228083599816388,2.0736789761978254,-3.5285713329797126,8.479016242310093,1.17771005241916,-6.6801801992335506,5.399458032516822,-10.820111281106854,13.945362064164705,-12.823533652608193
-18.977423873519736,3.254426841071571,-3.4911859129341476,0.13615947285211494,-7.7483773734794195,10.986098049012941,-0.4693558907362698,-0.8036755634510495,8.996791716425495,-12.418275888585608,21.450551315529257,-3.205855698483373
-9.95665382505463,-0.25676521649010325,-1.8687017461690942,-5.945039307657829,-10.11728729922564,8.72270456186259,5.031519477762448,4.691981281997167,3.1369489818605203,-12.386273432646858,4.090011251928296,-43.14211881029217
-116.36228819032453,-2.1333592380830955,-6.8443643020768095,-8.994642534098094,-40.646342045565234,10.93974091662989,0.19396022809530766,-0.21622000543954556,1.4767869810687966,-11.802850725111512,3.849587876804315,-40.819636933418145
-89.38535143555586,-2.879344839539643,-4.526765693194679,-2.8838600773827143,-31.300097366238255,11.224119049858768,-4.208189229583406,-2.9211490102267295,1.216022150502786,-9.93214976669643,2.048499862415289,-36.96913003406092
-12.656821694359524,2.2530295759264836,-4.465321422331471,4.472881419511385,-15.582513274285631,13.579132406732368,3.5103867840988565,14.48393188793752,3.5659681619600394,-9.398033634171584,19.155583871095875,4.487933117295279
-84.89378908240836,-4.678030306858276,-3.615418838110129,-9.557553702532106,-32.19477233602933,8.10019748730998,3.2502514232480006,5.022375454321751,-0.44479365467084353,-7.963113014382447,2.641449396620215,-26.764815671501783
-122.25201152469967,-2.4145621837406206,-9.276483457953205,-7.051355011603924,-53.601933971360396,8.03475423380794,3.3904388938628016,5.361016018570654,9.199548841584068,-11.693524785541547,19.029968384973735,-5.736145809992154
-89.75054516895136,-2.397909589929669,-3.5890212858148636,-5.8087867772335375,-25.10581842055044,11.928064861906408,-7.308200337944907,11.735549076057016,1.4588054018445034,-7.889251762154638,6.083943420869852,-19.41341422798932
-103.03939274975905,-4.040757960832452,-4.966762261478654,-6.70786130244902,-36.977006115087775,13.180848175577477,0.1636822431772753,-4.397053761804294,4.154270421861047,-7.1257302499387585,13.884136702524149,1.5386580890196258
-132.9970767387948,-2.1790314959684363,-8.628581469729502,-2.326362890588838,-49.66640006762289,12.414504827927493,0.7166443291806823,21.4024925389086,0.3898424186833145,-10.351653249052655,0.35755021635863127,-42.46550011569072
-106.0928646944815,-3.703392620724721,-6.124381782837474,-2.403240413384543,-41.728524596266354,7.922166578736709,2.408504654257701,6.717163477884534,1.7219121501438752,-9.188030425834487,7.065797047977801,-22.334424917367237
-55.3132679854875,-2.3705392591478303,-3.4712225474050076,-5.6734629628525415,-24.490171792525786,8.30316305252035,3.9300860871958676,1.2682397579908384,8.508694055220694,-11.650056215159644,19.627772750835422,-4.040455959238287
-124.7331022828879,-4.391928764286178,-7.183480070121867,-8.07246475304983,-49.16037554467419,16.45779151189575,4.680221703573735,7.230662635771048,-0.195515354223744,-9.950116697905191,-3.7716392758531967,-50.73231175256971
-44.37096939442728,0.860361466930411,-3.345980227058112,5.779992325034757,-14.12207170013065,14.001628816141514,-5.7708088524224,20.715593391217727,6.517392244749427,-9.236069661769355,10.821690236620398,-13.441669847241094
-27.175964601351282,1.1496250344423669,-5.828617351098857,6.611114431191831,-25.707149378072017,8.012597689400446,5.580463367601207,0.04868920699102475,2.8795348582223452,-9.057228513273255,7.529534277315012,-20.902711851031793
-81.15057754641387,-3.617111392320078,-3.883098303566456,-8.083569132412832,-30.218351209537822,8.735860792945887,4.102368727690797,-0.9892097610966939,4.2539144439765755,-9.727342210060284,15.890203010174055,-4.337417971331537
-52.46057168657151,1.6942363314944529,-7.754701668525199,9.095623022831123,-33.70272358323254,14.88155653218944,-1.3253343251161729,7.526101044705487,4.685071236702534,-11.282076123884764,15.88989364229732,-10.66412558672895
-63.87628599008726,-1.0268503010561214,-3.6354254377037845,-10.30547228595647,-21.203118730145686,8.44312924256549,-1.273592771939673,1.0411629316005016,4.670964009088444,-6.633437411245058,13.313002125960958,2.862913583958928
62.866339057576454,2.2357056837229217,-5.041840670994908,-1.1487806012506772,-18.532453475666504,13.626681833261484,1.195232599780776,-7.5542022747991915,12.422679294244274,-11.680080107045828,22.816528325005354,3.5709310908740526
-56.1287334172448,-0.5965657959202577,-2.6333754908468907,-4.822196731820236,-15.051209334650938,9.297122799835027,-2.292302179694218,2.6920939017967225,-0.022956996476229286,-7.8301050067956846,9.361247925112787,-10.934345251136428
-57.32859186310296,-1.7562132619143545,-3.639447855198661,-4.2555045292813,-23.450671740619125,9.997827011014728,-1.2944354357647132,8.891062512272876,8.227537348316046,-10.805617459668303,18.98810347933962,-1.7287391635177838
10.892420526859837,0.8423441241309738,-2.889322995070688,5.1006248666403975,-11.931429900629553,12.025246425818723,3.83098952252128,10.384960731829555,7.600979192448542,-9.437901983958309,14.9209178261159,-5.685527857949826
162.41380222750166,-8.24757691975606,-5.617741645637482,-20.935154456461223,-52.83048162461007,14.128663175476834,-6.452908178782451,-1.8363751600216904,3.870114803539663,-10.654356225179624,17.261902182383213,-5.236034854377736
-40.504384526240116,-2.952599562178693,-3.5982393225867897,-1.0282278094784667,-26.87667118771568,17.797608930286255,6.172458956675675,10.234491243189229,0.22080797946018293,-8.355386391790415,1.2797608681060513,-31.744596495717026
186.1485610260148,-10.66133586587164,-6.974274348371999,-20.27170229386601,-66.8215531179526,10.895859623656023,0.9954037719895492,-0.20482991468509137,2.021004404435168,-7.542378162621621,11.098283314706165,-5.66654484973055
-85.64771716655464,-1.2941796593537458,-4.058685643570252,-1.6763347822535821,-24.110561455966018,8.691798040707491,-5.452476135506407,-3.9073045419323904,6.427430165502769,-8.330690130819086,12.739605326002382,-5.546928730125598
-86.25658674829819,-0.31808080385330306,-7.130007011430416,2.123960416071627,-36.64942736709858,12.076427686729392,5.5387430799857835,7.843415083178581,4.466152431227917,-6.952590810381875,11.840437714817151,-1.8185532588823177
10.975307149828371,2.725026204353416,-3.857980437232049,8.238451919857862,-11.160442011633029,8.747358005074629,3.671670619981036,4.462564741234515,6.982089593059017,-13.205402815718932,21.61925913609117,-6.178165552810192
38.47517625575344,1.2799488314123502,-5.015811821052711,-1.8797851965896157,-21.20344259137882,8.655411503276465,5.909277809633678,0.8683457789437696,0.017675186884102523,-12.241456241176786,4.040606061736723,-43.78088571126585
-34.03233999652666,0.5876382303857529,-4.158278323671837,6.8191411838554705,-19.095165419887508,8.214209614558246,-5.917929931306517,17.04210048073912,5.894521605697122,-7.655546300125392,16.416879400873256,5.232990591093553
-100.2185814059789,-3.7999499799780314,-3.11982504563642,-11.48704342730266,-27.04384832308035,14.43828700346062,-1.6914508031820201,-3.3073606045559565,0.10615820937569875,-7.985306931507045,-0.008613606973968402,-32.6445269623563
-90.15843321810617,-3.161662558158371,-4.16625880045974,-10.361139778037892,-30.263618391240424,13.814026022570491,3.6063188428421844,0.5164707714460315,-2.0085456828130894,-7.25205894384336,-3.4037912371349783,-38.23914916759161
-82.9652093768586,-3.157306711035557,-4.770460431893893,-3.2695847827456954,-33.240290435156766,12.110359249430068,-1.6513992863522748,9.200709729324464,1.0396933493916123,-9.805713534759157,3.248608013173893,-33.44733747873855
-53.176969868874046,-1.7196564806557542,-4.342110701870358,1.989048558823972,-26.88402986303679,10.598759354895567,-1.0554752562066376,1.9305743784544926,2.024264561341147,-8.124617858869385,3.033964581536633,-26.94085098478025
-65.57673823723407,-1.6350768051529383,-2.8734657564021244,-5.891942428344848,-19.216238336064766,9.303562326951722,-1.3540202995061819,6.1566187353342565,-0.13764899068025027,-12.506941932169644,1.0039760182537485,-50.46691829635554
-65.77319092034007,1.5774445795499328,-5.903403429109485,-2.757566158709033,-24.889191328157086,9.472954119117137,2.739996214645754,-0.2849313945159917,6.3953273283689995,-6.974583099998842,16.47841209136021,8.130711780539215
-90.98176434766827,-1.7349308237082237,-5.250721260884836,-7.20341928988082,-31.528416440610794,11.231012001528551,3.964852289820442,14.567135981812228,1.0293402845403063,-11.316994546991735,-0.10213762683012817,-47.1568409022406
-51.020116941886336,2.0464516905186025,-5.07257167009615,1.2437696250836279,-19.24405700465911,10.746385665587953,3.326169380300555,13.542754033392155,4.853957718348182,-10.82653606019904,8.233051930856075,-26.06767759247934
-50.53664932655196,-1.3461348439888376,-5.528901243794118,3.6544936658276965,-31.725065020795995,11.196697050973018,5.449134619832303,-1.880347688505422,6.5560064311105,-13.093520848192528,20.28179318283372,-7.924641700560984
-111.84818282170635,-0.6806482051041198,-8.132073553588144,-2.7441926218582755,-42.73488612039104,8.125940513929658,0.08943767501114497,8.927826358983713,-0.08544688103395437,-14.550471699901696,6.132920426284232,-47.73643389675291
-67.57903395139468,1.723837815234651,-5.697639480499605,-0.20339116045200845,-23.22429685212772,11.405225486213237,-4.840074743092185,20.473864016570154,6.221044219110034,-10.225729945861461,13.16911734678741,-13.103302829522722
-85.43149869090757,-4.173243122192989,-3.826038502838911,-9.276697161929496,-31.63386649646116,13.757742469360604,2.58051398405322,3.2957071830604083,3.3119462287944135,-9.352310957489703,7.2829126425639,-22.37018604215365
-63.834705846035064,2.731614059249315,-5.847983300223621,9.258746937957334,-21.029182417483756,9.78235150355576,-11.065602441686483,18.768385529923503,5.57333512308492,-10.352337756811684,15.031461333887158,-8.414787846156317
-19.08152976209528,-0.286073430373862,-3.35605649265437,-2.817924904206185,-17.65867348192022,10.233425934749688,7.247636381049755,3.734958770525476,4.526739141870805,-9.007524929418325,11.678426580700895,-10.254956923602197
-60.94444559782907,-1.9943439599777428,-5.435196410897802,2.758333375023563,-33.07041512250218,13.614797437702599,-1.2542013003809185,6.074586405948915,3.0811175601856364,-9.90157255444808,3.4624775151497245,-34.17125041965385
90.09000331487636,-1.351746401199346,-4.785054216820634,-6.275331884713177,-27.844748080801956,9.907463806471375,0.07944666717154902,22.835657458125763,4.5239234046551715,-10.107901507667423,10.129701157380344,-18.533644505859368
-48.485210831373536,-1.559098205505693,-4.9353973175958865,-0.27962020966424195,-29.328998180690867,10.710430676857166,5.29948913189156,0.6251043142377224,0.13933449892861338,-8.266204740749805,6.558488322144704,-19.488251542297984
-2.7154360216477853,0.7963796104178305,-1.6929755860687479,4.951918782633863,-6.035101020249768,11.000144457720642,3.698091083755963,9.053861545951179,6.001453314245211,-11.294699670016419,18.020347308490688,-5.742599007289127
-49.809458960467595,-0.5206909710154622,-4.150491065057067,0.5635829626766351,-22.378962736694252,10.30764141929647,3.221018437782541,6.499511107473017,0.5666411137262513,-9.901549615954554,3.0886936449765376,-34.74970278383128
-113.08056558633194,-4.816355730175383,-5.891314948553968,-7.629750022522474,-43.92712812096128,10.84916758854783,2.169708299920886,12.08650758562308,2.609545041672274,-9.53224051001011,3.954324738779929,-30.93328450617493
-13.965476577924687,2.191449526886855,-4.08346302560071,6.000898678970569,-13.86892845521353,14.66232586312279,4.238127423948976,-0.8564075117655907,-0.7585196818598439,-12.386359118087256,-0.31363246969925074,-52.359116623954606
-12.84844157082109,-0.36742070817043415,-0.994303152899775,-5.377824928447607,-6.159659445210456,10.119621986200285,1.7610429439657445,1.4796025333797793,10.140493667691725,-10.275466810080276,25.07841321037879,14.14918735948966
-88.32744961717785,-2.2498245349073773,-3.954147430987969,-8.747026205247701,-26.50463069192412,8.038515367003297,-1.879467538092645,5.906759445784094,2.3328217385153414,-9.60613169549756,13.347040484525294,-9.218411020381252
-72.26132632266894,1.4130495054645134,-7.751622729445441,4.302300464003932,-34.51494768408374,9.687843039881162,-0.266893647549832,11.282078426604622,-4.861115233179573,-10.635420750433287,-13.444401333311042,-75.31220986089502
-91.69180158042599,-3.2511832469986968,-6.128330620290169,-8.186315495735833,-40.41983207825497,9.618809853622787,6.93626443050454,10.379726065140161,2.9636476741610647,-12.586234259492821,11.89925758319824,-25.821136388757175
-18.673889548354776,5.043306414619619,-6.217237474601428,10.464066091357283,-15.980185456634896,8.523268984725618,0.6111853352268177,8.595760629057512,2.2699658551943602,-7.583364734674669,3.922005623527296,-23.178666663156243
51.990200195233285,-1.4595153570346817,-0.43463198111330303,-12.384781744477818,-6.559807653845547,9.829867795508996,-4.665278135803572,5.3663584739287895,2.8227935373901403,-12.559294699360107,16.003762435365843,-16.393449535776167
-80.07547778159544,-0.663514289105653,-6.867330467776512,-3.5537041540786403,-36.326287320898,11.418184728015651,1.7431743718901256,-5.319751223432924,2.5569036358435167,-10.340245033900636,9.97226688163243,-20.155451004452832
-117.56321382862963,-2.6521851496559914,-6.1342018758924235,-7.032992450518259,-38.603526959822474,8.51373163226008,-7.59680492069738,-0.7060951642380724,3.394360014378315,-12.127282572712081,5.616402638685753,-37.245331939299426
-55.33168667545531,-2.6691785905163528,-1.4849001134977766,-15.009123608871198,-15.397320710871211,11.95230394519532,4.376758769563771,9.396878216440903,4.28671388156152,-8.489497304481118,14.886666214832495,-0.798953590138452
-73.14673908128009,-1.2213006131996036,-5.931034774359152,-7.281011454501476,-33.333506893856374,9.092912624997107,7.3582587068108865,9.435421930738247,5.46872643248017,-6.124577629939994,14.735834802683428,8.374054760614701
-85.0202680537521,-2.3391714898114366,-4.72057627397518,-9.421876324301557,-30.650411840729333,13.970772832724116,0.44866620532911305,-0.34879219219955715,6.707711729918904,-11.168449864679639,17.067504976620135,-6.9648804872743435
-158.88536939647662,-1.1469096905468923,-10.687753895201997,-3.4422129899338243,-56.90091155558111,10.013791715849656,-2.8193785132828246,17.969432069630265,7.369274611905172,-12.44651918802856,14.8349766874056,-17.863544128297526
-83.73174588114249,-3.971932752169787,-2.898165998014166,-8.308391790990303,-26.402368239213132,7.794324278060647,2.47800572010558,6.257971516037297,4.781010976630264,-14.300072105959558,4.5247348576135575,-49.22908546853886
-4.033666987003957,4.678435526068723,-5.454818077043691,11.78080027104404,-13.260214786201928,13.578677885199383,2.447476278362367,13.806511161863947,3.280627695601884,-8.238787769903464,5.263145663752539,-22.130000124357966
-73.79044303725827,-4.327677121040122,-3.993188952264175,-7.751258798671905,-32.88834293066756,15.182549922459932,7.415072145448862,5.69356041245658,3.4526487016582426,-12.303602742598262,11.352196359086122,-25.51435684473471
-124.51683500909472,-0.8017226955980589,-10.206517571266339,-5.09788027977381,-53.46731571800344,11.549147760488596,3.099859266955316,-5.388692073907492,6.201010899158462,-10.67194865684956,20.180020843295424,2.0317718378331873
-112.06956121366238,-3.650937524112469,-7.135143016619427,-2.6741728387956893,-46.592953435290994,14.706859779245804,-5.248595325774092,4.201770422197399,0.8518228218279451,-11.35595499499195,3.4251553974258213,-39.84047226883934
-90.17691726795944,-1.0111450756982057,-5.463648125907547,-0.8441498880840219,-30.315295558683335,7.6563749329379105,-5.427740940224039,1.7645520761556668,9.915609694131719,-12.216079660190257,24.7211007604242,5.253176424777065
-73.89690884644718,0.7743148757650151,-5.838376058659419,-3.042926039756045,-26.89268329834625,9.207006396159176,2.0625888570181026,4.400255575219853,4.920134262514325,-11.542155577834023,9.739136437737569,-26.68855793416418
-18.007436918588628,0.631385076119436,-4.175586299625947,9.180298434281397,-18.98976033538697,16.937634000672475,5.874417880040321,8.165002343152903,2.4549491996019994,-11.408191038238503,12.345670717269893,-19.473825128832168
-143.13623952479793,-5.769994543323916,-6.04879084677521,-14.07610309065733,-47.610923122308414,15.411978701070217,-0.8904194245026646,5.343638400896708,7.92259534986475,-10.725652996433588,12.719237924415149,-15.73151967199384
-58.58180932380673,-1.9217531746950993,-4.0066239029796265,3.201888597356486,-25.7897107021718,11.850694649100355,-4.730713212322685,5.068749944848319,-0.6567348935907438,-12.140968191625984,0.5851802217222839,-48.94847726170106
-92.16850576289627,-3.662047765441408,-3.928971820875246,-6.8359930130296975,-30.662045875790398,10.134988733322466,0.3361801652316574,-7.5529590846482595,7.815359115298259,-10.3807199176701,19.62195743019431,2.117114307744039
55.8469844302108,5.474146309108399,-8.069462742836135,1.9106959027486425,-23.994460607763962,9.041534070482662,-10.23213573682174,-4.603441206886467,8.83430515573229,-8.50121532124777,22.049543902036266,15.167022381396862
-122.47081798156445,-7.373261591627625,-4.574521297976088,-16.28518007835072,-45.05493689645522,9.318129089955562,6.8270503648267145,-2.7771730735269156,6.250204973826602,-9.284341390051358,14.763834192364023,-4.717544094341455
-99.95625708202849,-0.6435038603234021,-7.06761684018591,-7.377981580429524,-37.31856391465406,13.182122498847528,-0.5893099582809693,-0.8176823942221212,3.7213029136338744,-8.56078925240511,8.155981570938566,-17.70677039253516
-48.466316554048454,3.034510020417791,-6.208220894837397,-0.014971251990645307,-21.92861689149623,8.776247084992264,1.3831455956977656,9.640256295768538,7.079771508943869,-11.264326364282754,10.45276825317774,-22.973820624055403
-75.59878105632797,0.5006837939976092,-6.105201734683182,-3.290053717628141,-28.967218837672508,13.042023525989357,2.69299631587346,4.965705290065194,2.357054414030252,-11.126502014366247,-1.852334631338258,-50.44013855773588
-71.30147917080912,-2.4326547241984513,-6.2162207618313,2.3401811333751583,-38.36624962827503,15.55955843914828,1.729438616017812,3.813041369677222,1.3295328167419713,-11.54872507028187,6.934963819781019,-32.30346229909343
-63.95030293130072,-0.09022472883519389,-5.772686037266384,-5.995754976353277,-29.14628652168845,9.373512893744321,5.202007309860979,6.928719270914796,0.14648540701495705,-10.216017138880085,4.331076289243994,-32.33226984292965
-40.39219241731167,0.4340005265128891,-6.244640616298707,-2.5208910071972337,-29.921606681997456,13.9659003875774,7.040227237874438,3.27309649754778,3.9085900580618627,-8.178259995166417,15.414449882739993,0.8299057466788426
-96.28036699104592,1.0638441515747243,-8.93522858827665,1.315556456892807,-41.52181220856725,8.929328188442234,4.688318470782228,1.8623553062231162,6.769867240975575,-12.09268118365523,12.519471666921353,-21.42984821660726
-60.87178531295518,1.87386371970806,-7.484037070073871,4.595242525242977,-31.783385968027147,10.165165216070593,4.4898653540175,2.924275595632771,-0.13430111686078128,-9.639029095693365,0.08720858361617112,-40.20815538036697
-164.91957708035974,-11.199808301013512,-4.782003237694156,-23.176478952685,-57.50073250780476,10.265372133531002,3.5159210130109826,11.508829317329091,5.931968691383316,-9.526372480962522,10.109279945814192,-16.303200622270605
-86.5901219240681,0.29117349615056753,-7.4289796402782216,2.001964542567242,-36.32938467470914,8.907804016416348,-3.233988120484687,7.46762866090123,2.1003922142744536,-10.340712174675154,1.4496463957133603,-40.485755843510155
-4.177034166152243,3.637891520451907,-5.762163143662207,12.799497165194458,-17.81769786324102,8.4802782144373,2.401906127603152,4.694485864690172,1.5174599848048942,-12.051200421015992,-1.2187472433074618,-53.345312387674134
-60.35845794763439,1.3162025815942162,-5.258340745357037,-1.5227676904043252,-22.38173909338977,9.916995205477129,-1.9164591991415687,-3.3498412419978347,4.709774792223872,-10.747923272698138,11.991284224016502,-17.557759462853582
-85.0838666371526,-2.5557883181828096,-5.688284273684507,-1.7785306429713374,-36.11111963377446,8.265627687094668,-5.290771542930491,-2.3949055923375546,8.839643594539327,-9.509238249763206,24.106440688996347,16.297970191942973
-122.78152960469095,-4.729552718702579,-5.708883462228709,-5.565437087190071,-42.747739082951625,9.671560425400747,4.256236322435545,7.457990962892891,5.264704418127453,-10.398385566241945,16.856759466061845,-5.868483530039201
54.54488365525903,2.9484728253344645,-6.132134102692878,6.5334227191156025,-21.748868962433498,13.379710117421286,0.6222881283240485,7.509757601310247,9.25844100081808,-6.703520879308425,13.281020099001282,3.690547599121113
-106.74426201953611,-6.332807418828715,-3.1486859349017706,-8.108138861632277,-34.70642319195566,11.877286815397358,-4.970908125285186,-5.2791221267344905,2.460116792675298,-8.12026115511671,5.535899440542957,-20.810955936969567
88.82124439990201,-4.805937649872182,-4.609431779700104,-18.00511009573675,-37.42105711888067,10.992895151125026,10.234054771614879,-4.633504304899926,9.161785326827946,-11.323776800713688,16.004375716630392,-10.86867303567546
-12.117305865085264,-0.15577496574366573,-3.578512356936515,-0.9869148222871977,-18.44963903677585,11.379205111151027,3.5959588776277402,2.7700960773682333,4.185584292279414,-10.325825037448359,12.028126762072048,-15.700322530314125
-46.91578040338147,-0.19339946314332965,-4.012614968880892,4.7037242684618885,-20.6293615577472,15.443136221706805,0.4169072690080142,9.29274994213882,9.149326989963729,-6.899829805324944,22.113900675109363,21.79744440357718
-14.623708396732196,1.57968063091747,-2.3379384305776636,2.356592195735231,-6.853052146986013,11.452503839386274,-4.10420991091987,16.022802070569398,5.708864358227255,-10.25522649447977,11.842124168380211,-15.825131699072575
-60.52535878385082,-1.8517799039762448,-5.658231752185619,-3.0266877492845663,-33.81731163648475,9.553774547384636,7.928737504027179,2.939746509396546,2.37830281609714,-9.39048720663181,9.83477033965115,-16.77917940694158
133.35146415296688,-1.8436198810971434,-9.703778135995062,-4.392643732344837,-54.005695810854114,10.28263906348915,0.9646947775312897,7.4068737261130595,5.211702473739686,-13.958530107869898,21.999297416436686,-7.88963305502268
-106.35164212669314,-1.362545414075634,-6.997061873240289,0.7697540852104252,-39.00705678697878,10.22338908514184,-6.482043674186327,6.867622218878608,6.035795960214579,-10.614722389874784,14.910067731868066,-10.520103780368451
-3.7718364116387697,-3.920571546674144,0.7761191278415573,-6.895791976336185,-7.883058043235064,13.741010647058932,3.6820198181498753,7.655610551527141,1.581396057981789,-9.333516744891497,2.8074513521243762,-33.22348945861723
-23.11044172319635,-0.8681970264776371,-3.325829286434415,4.77928354871287,-19.22953271144496,9.530565005138975,6.813864346913482,13.459816105752292,3.473907677883597,-14.393206385938878,8.693505671760692,-40.1924835036294
-49.166319663981014,2.1735874615293285,-5.883001730083878,0.752665026142977,-22.90873006857539,10.976240831543972,3.852873386456662,8.277676804368095,6.755670173364602,-8.478871775991031,21.222371588936742,13.644417265377113
-45.49462539369859,5.00543679922337,-6.690481772307756,11.486032529941816,-18.37823475974451,12.125740684157414,-4.313930214849712,-1.8174694354023435,4.3951943278810806,-9.314961874825313,10.217228332340294,-15.515116502316316
-57.19125224834899,-0.5541905616571049,-6.379990175134869,1.9604950149081126,-33.66132498627857,9.010430174085785,2.7787790417750013,9.771480302332238,4.198353328966286,-7.262255200055888,5.536728226749481,-17.671160393126417
97.01110304757209,-0.8001318989437514,-7.604924393762944,-0.8363920006415476,-40.37874596195748,8.606631088719341,-1.1151978099559594,4.165684417122577,10.991062426837559,-12.53617493053881,9.92272046189956,-29.74921683252802
-20.793657711182334,5.073330758844898,-5.645945422678091,9.512814457611523,-13.026665628484778,10.119164024130251,-0.412109597005653,-2.896861564981874,9.77786138953052,-10.124385711313442,20.025294614429765,3.705158827838943
2.578775016557811,3.687394893663601,-4.426095417566287,8.160474918972579,-11.056749890724955,12.898502842147835,5.848389339619832,11.348563683362535,0.16320597087691313,-11.299552481500339,1.9309798054838836,-43.64897762066109
99.57589183636962,-0.42499068770187265,-7.073872114474166,8.046434683368867,-36.59263279424182,20.193128991325374,-7.361145940825439,6.573273929303783,4.063408348598634,-8.057194542959643,6.229893604551004,-19.879828708682894
-0.16425262819482178,0.016144230942698578,-2.1315384022363033,7.957083489792867,-10.627177679470726,12.602951255845182,0.6629534165085413,12.48962934130401,1.023319466794323,-10.122976705468343,5.287708495327898,-30.57375578160374
47.094747170061886,0.814277854352664,-0.2285589217267736,-1.0135435092782379,1.3947711473809266,11.164957492455807,7.164463199249967,2.825413125470531,8.394754436266014,-10.162599139531986,15.958032522148983,-6.1123807729624104
-106.38217342843501,-2.7013472970056265,-4.803201490784115,-11.471742475136544,-32.14757181134153,8.28213123913867,-5.676883989612337,4.124246179239398,4.2958698124445105,-12.031697098364363,9.053094272862905,-30.151987148162142
110.23255042892576,0.1859515592273356,-8.21380204332899,-3.4513685113597665,-40.41716225248678,9.764506934403734,-3.4743760283431424,-12.596291038745587,2.2254748324206517,-7.276842220507845,14.64108947964151,3.0273024794140486
-98.9375297433087,0.10373770101228938,-5.483332544269664,-2.1248956603775366,-27.071301509876744,12.299696067267828,-5.600853786824864,6.190267403587209,0.5750618450753291,-9.235857544545375,10.551044361018086,-14.15976538065912
-99.47810446985183,-0.7073414342381537,-7.400746001168606,2.6435173256074305,-39.12421380965409,10.664129577166477,-4.349198288365965,18.386211630708495,-1.2495529176521831,-9.958366354624818,-4.645042067895442,-53.36134556460935
-14.851330133270292,2.290061716638175,-6.093614583568008,2.4382570128397383,-23.56835384876761,11.102326055601324,8.070219875591313,2.8249596156846826,6.2271659442917,-11.674842507434102,9.40126446749375,-26.482150898959986
-54.58264265900968,-1.0436143649780272,-5.418893563749873,5.027518264038128,-30.209608294136647,9.898911313816292,-0.732752633956764,4.722871860752138,3.651852369522564,-10.17652559189115,8.295777472761696,-23.69841535419442
-70.68616692594634,-1.0615468142720637,-4.65531030411433,-4.3013669125840615,-26.45524969544735,11.233030618826024,3.541363401605653,15.674567181645408,4.126471452843566,-10.543815459420196,0.42785393717920783,-44.03932653568361
137.87975114673657,-3.8672708617766123,-5.453590198742206,-12.955244151990277,-38.94646161704121,8.560430897972035,-6.666098908884781,7.658341417770054,1.1582604987676635,-6.81779042803316,4.300522782811694,-19.865748876274676
-14.878126840646885,1.678890274971451,-3.4580375110080324,4.882898849384834,-12.321265458392244,11.465096193343062,3.555312045800087,12.700056150203128,0.7407997391254493,-6.763911179051949,0.322707120882324,-27.585435036117648
-61.0588565369818,1.5765760929145722,-3.8663890794549745,-2.447612485118375,-14.671234109255089,8.260813766077764,-5.27193387500847,15.35473925981567,4.40178751606489,-10.840044656358904,14.828289588082509,-11.839436520770214
-51.522857898075344,-4.211959978352008,-2.784258493892348,-3.162760366159368,-26.56863870960268,10.849120460896941,4.677141741282788,11.103705440586888,0.4184032145896319,-5.857011234376686,8.234800942638833,-5.872608536082564
5.4413807096006295,5.197392565134342,-5.88675969881038,10.789293119188976,-13.833837581016674,7.383920199276285,5.463850422337655,3.049732418852419,5.750784632762017,-9.017587402836707,3.87121374260097,-28.63882607734695
-52.50194493054399,-3.642699106014059,-2.5278854578610415,-4.682583326141886,-23.53877612583758,15.541468470725473,1.8137716090524858,-2.080845767047375,3.9498280866306867,-9.886929576942139,8.01264067281488,-23.407345331044056
-67.98304291840967,-1.799621415602984,-5.574146570012058,4.23713531594327,-33.26437307751965,9.730210880946633,-5.001998376732201,-2.1790128720796957,4.956092114465644,-7.69061992994998,7.42488759469991,-16.23019343177394
-97.28598087534128,-2.973750792013453,-4.942442777411852,-9.824175606029272,-33.65844678521955,9.797964231798082,-6.89965825774469,16.59233130460413,0.985410025911889,-11.670014883294662,5.203454595076108,-37.57571312254615
-82.10999117840946,-0.11145478465215897,-8.569542852265162,-0.8828479298971357,-43.17027653685524,9.494995009671973,6.234387438716864,5.723874937875202,1.6970884327465252,-6.731040526733043,11.935302547496686,-0.04714908734061696
-19.954752076818878,-0.09095708687305973,-3.240876195117083,2.9741105553968095,-16.54974024612233,11.248160008782648,4.69391845502728,3.7526069323208278,-0.8822895752698381,-8.550238432608328,0.06260338634382734,-35.961257675010316
-36.29710126750972,1.838667845558509,-4.272389771219233,-5.218301093802496,-15.831227861948497,11.761815295085087,-0.17787679674819756,5.965164136589559,-0.007004582518772118,-7.2462212268177355,1.5711481712547763,-26.446691689249786
-32.59408420434337,1.0362141836288778,-4.917354754043372,1.699269406344679,-21.438203365464275,8.457400790550526,4.127457788407571,-0.005429419573056649,4.360888355107674,-11.896949654493582,15.112163633430644,-15.427173066224245
-32.307161836118865,1.494786067687043,-3.3603000945804937,-6.8358955515524435,-12.248131444273337,7.4886582881417585,3.1891762330488502,8.783444405586415,3.388796178932806,-8.1021094041871,1.0079037927065277,-31.973034076322516
76.0165124303704,-2.279143258181118,-4.810429097087035,1.5082877377293755,-30.818834752816656,15.507786569233968,-2.293966911235845,-2.7794361685250966,5.681219078267988,-13.670550094920433,9.699059585469698,-36.46189111131588
-46.03356933910285,1.3095289832471149,-5.800260132288024,5.95640093508469,-25.127824464180733,8.719612020132773,-4.07448182720902,-2.529015754898481,5.69776108331488,-6.968043851582156,16.933930969261564,9.319624857340985
-177.91244577169132,-8.311295886979044,-5.628985268730658,-23.45024317466104,-53.03867964829535,11.89433690180445,-1.6633782533645576,10.800562642875196,6.59767033455563,-11.992450386149871,13.671985137848814,-19.73150027987495
-6.783828259056795,-0.5206540881175946,-3.21182905364919,2.851347832786188,-17.590710942656532,12.021317826055785,6.579999322976839,11.358320312922725,6.8528360602616445,-9.73767698321698,23.09618296072709,12.830208520043364
-109.71114625795946,-0.8865193366060511,-6.0991743451568325,-7.02542854539106,-33.13987195258864,7.9124752081518634,-3.7746060666051484,6.685389092614315,1.1130711567988856,-12.517976921144879,6.426428261608869,-38.204011629961904
-58.0492168590809,4.205340443980489,-7.055696404600003,3.5075309161268793,-22.74727961042063,8.985341822637405,-0.43509911468905216,-2.128715429409418,8.072083588729365,-10.00313748954323,17.648038560609354,-1.6598506237389359
-29.579200865388934,3.2249430529641123,-3.1878562480805535,2.712633189225953,-6.27499117807002,8.162285468868287,-6.130069110697123,-1.8225366527495837,2.0310443149113047,-7.973297213608026,4.611666916393618,-23.327514724054453
-38.12439291901121,0.293329418306602,-5.178606800100875,1.5520560897185276,-25.006476582017836,9.249417410511178,8.855308139805723,1.5716631754455586,2.617909238106636,-8.043998117058067,7.473272314792453,-17.4559586392139
-95.98163533719404,0.09137054639531886,-8.091300769461803,1.4830594273773336,-40.18170333391444,11.408697717777164,-8.272402751461156,5.628449877957399,3.3344317598772273,-8.40298815986692,8.90628605121587,-15.276246793955695
-68.48880559808656,0.849310124377521,-5.059762219595515,4.901908612982724,-22.801810693241436,9.33641489696204,-10.13860395610456,0.701006363633967,5.570828564721348,-11.429016336362906,11.529475651844615,-20.720142713471134
-23.461827488490698,1.921848471848279,-3.881470880050914,6.672853614659811,-13.644607208963059,10.143010813920467,1.548488200343309,14.616456004052761,1.1045915414963123,-9.930538569777386,4.621063332414279,-31.22205298102092
-67.99155574749861,2.8866374929558454,-7.543908126534163,1.3012468207135042,-29.069067540369424,8.475725378079108,-2.51679476321857,12.871624886568034,3.909021845236074,-11.461261748696016,9.52053112600818,-25.880528698233906
-92.4638620108559,-3.497365835318893,-4.758951209416237,-4.65209678925307,-34.250967098306994,9.279180520373371,-3.4191793379977824,2.7144416018560396,3.3029881862615573,-10.945936618422078,10.757279665930842,-21.12126083298977
1.7980944567797916,1.5180341107183515,-2.781889221528571,2.153268913883453,-9.384759049977186,9.759085511381496,4.519397039807616,5.550760524288502,5.212445253382812,-9.599519643327188,8.225359904421346,-20.74567874114347
-120.18212332759607,-3.3740706404822136,-7.319775494109599,-5.356325096184022,-46.76877442440388,11.602304817139032,1.0515724824174164,4.274869692140884,3.4201949368582505,-9.754774342575475,7.802921441494128,-23.342328911662786
-125.08345264451371,-2.3466398766351078,-7.778070835848375,-9.789550689162535,-45.98139529815325,10.676216731350276,1.4182925628382534,16.847397586190304,3.9410867076859692,-9.28790365936478,9.085381739221503,-18.066912649937276
-107.84743931378247,-1.5178273545631096,-7.614895129421189,-2.962713255753542,-42.561337726372784,7.9377731146277615,3.2779194709217503,-2.934907031136536,3.0746429766801358,-9.304020583065196,7.672564110662256,-21.845484919821157
-50.054298388186595,2.8028163290066406,-7.439791311244799,6.054141920034321,-28.8041319239033,10.162857249394623,-0.7563901824465491,14.347766468082403,6.9708345058633565,-9.137909249735163,15.119200962692814,-3.756595140206993
-95.1188695789278,-2.6308739435713693,-5.613829073173971,-4.870227648462599,-35.906791358523776,12.940923640368027,-1.7603179776216589,8.346743984459355,-1.1101295868489114,-8.42954499056999,3.0059300715171613,-27.51993957811368
-163.06738896098076,-6.6112496953102,-7.4284725725317164,-17.385346095386414,-56.99752194356351,10.411050418605628,-1.3285240933161395,9.25321594295377,4.1889753865265895,-9.46836907752924,9.62304205123746,-17.916168426897137
-12.289290039516725,3.053946596211732,-3.850919337253445,5.164215448530113,-10.059261854347552,11.780751507899557,-5.291840174734617,10.573836544168785,9.831472073464349,-10.950379063179948,21.941555126585836,4.505065811120451
51.61476782896142,0.2609309952816069,-2.8926381640224186,-4.084915190101854,-13.733916633772841,22.619582925955278,-3.3271143099081275,-5.55017672766404,5.325013909408676,-8.075260495669474,8.961721881271746,-13.33575315127252
-76.23640039487302,-2.5959670501452177,-4.721046449970485,2.934711918411054,-31.447354967641257,11.153572948070352,-2.813858841786077,5.298121852454205,0.9804688246613602,-10.289422874860405,5.127218987566711,-31.34416883072907
55.019826170749006,0.29395342028824245,-4.19288201989487,4.235271502626005,-20.14983471379158,17.437899217983897,-6.030033873884426,1.5835837969439428,13.305623635066407,-5.670575738130354,29.955109519845315,45.81413674852333
33.1074408165821,4.851521094046885,-1.9255995261930519,9.796207461309852,4.955138258077122,11.604111626798197,3.196774013010318,14.236615511432223,-0.22842027586409586,-11.152516883776045,-0.5407789125733515,-47.31133390298339
-56.64971694260828,-0.4106351615421785,-5.396871027735472,1.0728776310422672,-28.16669823023326,8.79789865693891,-2.40470568211526,6.099392936845203,2.2321013944564965,-8.878389801838628,5.864595146881643,-24.061161989468065
-45.89447343122906,-2.7303994065301063,-3.6594107756342837,-7.552209089015224,-26.493915188371858,9.762090036780998,2.1315084375510835,-6.712214126101349,5.210487206978772,-10.859774926179899,11.811587619284843,-18.143757058078013
-95.37491755499579,-4.219759727424769,-5.813480291695212,-12.672352032046845,-41.730131902594295,9.670346903233165,2.480147571588817,3.7077361706108323,2.8018419040265816,-10.613770265529885,5.031622184934692,-33.50954624909568
17.52474509067348,3.681391257168439,-4.133765006508238,8.535465917606592,-9.565602388416455,8.84577789986898,-6.610083914185445,2.1998109348927115,4.102336215624583,-8.126330023943401,23.68789460108634,19.997735669233798
23.393401948988537,4.077949469771395,-2.1560645956405264,8.05645274095143,1.519367423075805,14.287774646484936,2.1514785376131873,1.3485316187004575,4.398430148196446,-11.454886289164243,9.40656756466126,-26.99777343475264
-70.66549450173349,-0.9350522084500963,-3.4882700548101546,-8.919603613232185,-20.190904366436683,9.917027333207432,2.5899938706066714,3.5645130392845203,1.8952204669377348,-10.429339747699647,6.0232521652263635,-30.53734483987171
23.825289851776365,6.489336126438687,-5.164981598350759,11.295916375514416,-6.414601456936911,13.554326691640181,5.291650091994848,12.268591461297934,1.2230135991099615,-9.492985330937604,5.668575590567329,-26.608415811307296
-108.59347143510479,-2.8399508734003405,-5.371978094758465,-1.0695351137525249,-35.46844246604037,14.16230525007514,-8.546740124180593,4.190559542885059,8.271252455937418,-6.952500037711479,14.660330316926828,4.481920060462919
132.05854098936217,-1.0683794322613425,-8.587544561404762,-3.8734286777002938,-46.094531589520365,13.77599340259453,-6.47864072985363,13.906255957352224,5.4646212751773735,-13.875006810694194,12.383866117037169,-28.869387800266377
-99.08470568346678,-1.7907092237266973,-6.124626840790391,-5.471616322426458,-35.88370089064986,11.606330743731629,-2.095324023185235,9.316161387130002,0.49783601017802326,-13.961948951553044,-3.6049287911940224,-67.45014508663971
-65.8096505681696,-1.3005937598093396,-3.6544696738125078,-3.9763605400358157,-22.172571597670384,12.862455286779344,-1.6239114627173503,10.298279224435522,3.4548749200534026,-8.366572615179471,1.3197349394997957,-32.76287309950053
15.416025309465217,6.677156569196141,-4.685666454253904,13.583846446922644,-3.4285081789469096,9.163821807731928,-0.7356935212113891,2.128465939584337,-0.498969059678255,-8.176714566578028,6.407293080387047,-19.98861473641395
56.350046839674874,0.47710578489899635,-8.417864875197154,15.91126646223595,-40.68049338337816,15.576676726649122,3.1300018226583077,7.520725785045913,5.293247572027871,-12.019067805747866,15.50836159281764,-15.509345275535743
-18.17598098560724,2.0060565413105644,-5.1752353197798255,8.409159877221036,-19.920775823344414,9.247713636727406,0.7297023169067804,7.117914343671221,5.703146166903895,-12.525620446567121,15.133520577812916,-17.364293742824657
-48.525447471944,-1.4954894001833956,-3.716046234840827,-2.971737103778074,-23.165148933959664,9.889122883065294,-2.435341032812964,5.291256613848373,6.206675769182523,-10.708899578948959,12.025467224036184,-17.920236681933087
99.55814602678079,-7.6779139154448774,-4.069050358259359,-6.228481385480366,-43.36426105248984,15.353755424510911,1.0672753913753397,6.6550772567557885,0.36370044872948437,-8.226512602986613,9.20048708505701,-13.129828870177775
-70.77806123766784,1.5059179722202554,-7.194776614188431,-0.010945551654300889,-31.338264479976633,7.777613409335423,-0.16879750320918685,3.6404591146812186,4.8329761170423495,-12.602316921146722,16.140482085025972,-16.576185413376177
-28.39003505380989,4.595819195726352,-4.214006371855235,6.243058064329292,-7.260540902646449,9.844383093394173,-11.136675113396752,10.40523659311818,2.27342350800613,-11.647090779126252,6.398060598535737,-34.51062475277092
26.639616951164733,-0.065758937359747,-4.5233248760445095,2.5223057242970857,-22.863519098468682,8.305436648719638,6.157585966535928,18.159586055829877,1.6502160070418013,-13.64842376874065,-1.2724292902567953,-61.20927261923979
-57.33168189046304,0.7460680396724535,-4.381381385411253,-1.7529342385182343,-19.62274193491169,11.885953485075888,-0.41266461007748134,-0.4313157321355474,5.154959444294579,-10.544266383995323,9.51932035943425,-22.33765240922242
4.025501648994623,2.4543660399339027,-4.150450562925277,14.869222829935895,-13.374782689477778,9.359323265914863,0.815390759518233,-4.742368849119623,7.354946068083847,-10.180989716104706,13.264279245047819,-12.741542440527214
-96.50130388340922,-2.166032720435119,-7.3533587901158555,-3.461149926772676,-43.30491044740398,10.491736836656939,3.5286398172432385,9.68367300550212,-0.9804643366712691,-6.741951794174028,3.0047655342471833,-20.3939515284089
-125.90076387874893,-3.716937353040258,-5.59994250653909,-12.974209175676556,-39.12568726714131,11.637233958088466,-0.35852974766494405,-3.0162541303058603,-0.11176307675898922,-10.146372953051609,2.638397684114155,-35.887090717790045
20.17160800982107,4.329430518379397,-2.1059063034290033,1.368390266436391,2.4429741153268743,9.012408743022675,0.3984713209072588,15.098113538339227,6.591239050004413,-10.07898720545155,12.907415889417205,-12.547178488607528
-43.738542722122716,4.26875617279822,-8.141516197980053,7.674915151577763,-27.947841084260528,14.396483172505738,0.8326261613381307,-7.3966366801458,8.217626454507556,-10.009020008136982,16.949969387813482,-3.0693256585525464
35.57231777419046,-0.8751609976118166,-1.8642957526883812,-4.297227885210543,-11.901911630506987,11.057781738608353,3.5550292363211464,1.386786299287821,-4.864076254111023,-13.753359365854495,-10.239880420953693,-81.75830980418672
-86.97339736960532,-4.120781404062939,-2.2538835285346517,-11.376599067978301,-23.71358383781555,10.900358699998154,0.1124567361101505,12.694063670404095,10.413579479708341,-10.793690537316753,25.195643753278457,13.081669015253219
55.449666337919695,2.529466678293459,-3.8365753609747903,3.5731018362734797,-11.655389867924196,9.659450024592244,-15.142379410379235,0.7605948207208506,5.861937940386818,-6.813987240306858,13.773862643413908,2.955314579215754
43.24481820976111,0.585443957516805,-3.4911779660433293,-4.720465165750451,-15.690430782432308,14.038230234061325,2.349132924174511,-5.894560547321465,-0.8486170562997168,-12.06649512354957,-2.9306100572562923,-58.841244020998566
37.98762812176714,1.5192366840695366,-0.06428141055093839,2.522599229031665,4.2329624978057545,8.488429006795508,1.4112583576313558,13.276468430890239,1.2987686452706972,-9.930244764766725,9.106394476747251,-20.44232399223764
-31.403849599904596,-0.4567063047648387,-2.189653963233397,0.9256884021901582,-12.31154552357883,10.599693851972294,-2.314400386291224,4.484270871803775,4.178194731348339,-9.969193729772083,13.721186115066045,-10.04343023390222
1.3977281470740834,3.8936913806718843,-5.021988539148218,14.737619082377599,-13.458386492313348,13.52242136621444,-0.9421871951856202,-5.8133591324700635,6.3378622043305946,-9.892287909071504,10.44372327793276,-17.600920095614086
-103.98349642856195,-3.1167779019554676,-9.247045281751216,-5.80380384623296,-55.536704334728434,9.008420186358885,2.635428838003734,4.654508502564806,1.6731276641415005,-14.089571955506994,5.406734366875895,-46.41377675491276
-93.16312603346631,0.7712614245731226,-8.481333497902316,0.290957075102515,-40.0685683124941,9.128788475176462,-0.2901912117841938,16.632119532575572,5.779404597032966,-10.086404320983696,10.210072400051843,-17.697903741543776
-36.74792799923449,-1.410929172976361,-3.474847851291123,-4.372178183058705,-21.642108885842745,8.31437257150757,5.45545791271403,11.682414576366563,3.0534838902837365,-13.16482929742767,12.892844791312008,-25.082357498627943
10.65802226357587,6.153725397030316,-4.885177912905843,7.417831068017933,-5.969900901227829,9.466319462515994,6.665802889630474,15.079464977599283,2.77909663348181,-11.481283166408417,11.17179496169579,-23.08948656044108
-29.264557074623635,1.611397870164894,-3.9463947463285214,6.41191463247983,-14.90186924575391,10.937227072094892,-1.5980809917667944,7.6735062470746875,4.0299348081884485,-9.648200646768414,9.062969294792017,-19.76858589223425
149.1216602743612,-4.411541301872734,-6.999729655417471,-8.198115493226641,-48.21216162786434,16.236708382394994,-6.761620757910977,-16.349507577054165,11.384249780965815,-13.62472736926811,26.16569020492126,2.2294316620548242
-109.14878945539165,-4.024452725075232,-5.390434029442434,-12.206733565885399,-39.097937339192896,11.933617633304447,2.541298251236608,12.79491269094169,3.865878115941305,-8.520179568447446,15.147972780688026,-0.9177710968494014
-132.0913608249674,-4.280044193679334,-6.51983686601108,-11.078774331150683,-45.42104000096288,8.886234893051418,2.0550879725447593,1.616290466823381,4.408117634861515,-10.854945817181893,7.949506404652056,-27.0499267208297
-54.996319113669514,-1.451643131063559,-3.6354501124845493,1.0897662341885304,-22.490590067317665,8.666539522850515,2.6576574510645403,5.514616229113678,7.3316098973708215,-11.563197455849865,19.21873775593543,-4.07739828667023
-102.06165996118243,-3.5169497480355907,-5.998611879630904,-0.7168400559528694,-40.4881247866402,10.065911329582171,0.3430983710499831,-2.286295624734162,2.393635769455112,-6.344656015557333,2.449676049142605,-20.522960817979154
-105.59935670739969,-1.1142869276293135,-6.5520543537761755,-3.8134742966542765,-36.06530875113255,11.821419082112744,-4.8434127518370005,-0.605351917462027,4.168960299533028,-7.94345881442029,5.142371506647867,-22.04819278747319
-88.54752859238445,0.7682575408327119,-8.75299464453644,3.356620452056096,-41.430500696047176,9.191647815499067,-4.141353442232326,8.822521212977453,5.545896480123654,-9.689303115254335,11.541663537596447,-14.172472376096731
-106.87829352618529,-4.457869610646154,-6.68918081834887,0.5389063676467778,-46.84669379080675,12.588425568618764,3.363611003196663,14.440234704728388,6.380698182033919,-7.687091247496504,11.709222408794918,-4.844291833718303
-13.042332133493002,6.535490737782405,-6.46118071350038,10.275529371353766,-12.733057067104188,8.431922021554733,-7.987893733423304,-0.7543978002711409,0.16404345573351886,-10.782695965096156,3.3108248933728683,-37.507292394687894
-137.69962651360427,-2.7829052322693446,-7.731194411768339,-11.526208706633964,-47.00804545647542,10.182162588381294,2.3205826833772023,9.17361302781918,0.4345536054604553,-9.12384190285423,3.521931489758881,-31.47733700211558
-38.865096332013046,-0.821220186064994,-3.056772187786438,-0.6583876186172257,-17.75611117277206,11.095089589386628,6.324324633022317,8.719806028672405,2.551109580631663,-10.009285377749832,7.0182965803554,-26.086090843505715
39.75693763984567,4.617172776119923,-2.389446767858955,5.664279852271407,1.9317707246546816,8.36662643746181,4.926117178899665,7.199156371822509,7.147333419600811,-7.101099570473423,12.95716450873175,0.45148207289928194
-52.4861909243576,1.9486932331256703,-5.213688192772492,-3.9508956643963167,-20.202939350190146,9.479914543714274,4.854420156324712,-6.036074591370195,2.175389876649119,-8.55240963067158,0.6641323667414545,-33.93378727490696
-87.6598768472357,1.026600307677917,-9.142534794464437,2.4836187459407872,-42.61332921193622,7.927694094393071,0.4776898329735797,12.359031885731726,6.006003084594733,-5.489974659882828,14.662122241733968,11.142969623072185
-41.46322705503577,3.673462887983937,-7.81725105828159,8.536072664270485,-28.017785633175833,12.85981602138952,-0.862599009234752,1.3064836315174562,2.8149794619246995,-5.587908801059383,6.892355200743028,-7.792432553522143
-66.80383091983065,-3.4920205657026004,-5.114080467760957,-6.177343967314067,-36.14841797487183,8.356026092334034,4.566730091134059,1.1578652008141637,-0.6613418291575517,-6.450008103810808,-2.192476444754785,-32.284328354387355
-124.20402809008041,-1.9595084618035679,-8.112363052966511,2.621136278141722,-46.355259659579694,9.516088622185006,-3.4536333560482895,-0.009780042198036298,1.4222648597045118,-7.364238354534738,1.7961446114620752,-27.47930716026738
-75.38266111506768,-0.9674308963301683,-5.621358058967174,-1.6276874911003696,-30.98646913508986,10.507100403099468,2.813797160916282,4.622113635480156,6.925098767960291,-10.687350673872038,16.720489895941945,-6.3440922898178655
127.07007761987194,1.0523874727678297,-11.65694503007913,0.004105715138987609,-55.12931709957447,13.431878483643839,-0.7772307812979662,8.823428933454665,3.862610048202633,-7.094087640082799,6.172771158282064,-15.976629543237653
-66.93183371733751,1.2422840128208175,-3.4969955168689677,-0.4907976646293304,-13.767873027379908,12.093427641384682,-10.295617116060502,2.261384506467019,4.3336734160058725,-11.664387524457602,13.016682748123298,-18.6381759598809
-15.65079066500621,6.26654780488329,-7.669387616771351,24.872545810410557,-19.586395933271593,9.72792999113754,0.34401497309769535,-1.2388794644766037,7.97193111459987,-8.306475494098049,15.557507824252886,0.7712845333338922
-45.48766652606976,-1.7605712365988748,-3.659232967143557,-3.0668325947601893,-23.56115729671485,11.252760435178914,-1.829087322028565,7.842289198852092,9.317384902888964,-12.122337339936937,14.267812523245187,-18.811557786112864
-58.9734568818978,-1.1970993075147234,-2.662905371771594,-2.5035606399308294,-16.842813852032062,14.857803014561064,-3.7599606752713672,12.157704380637114,4.530373654898943,-7.178721086797868,10.191709248285239,-6.771534571825367
21.60050242093463,1.8536927589816254,-3.37935437164188,-6.416060891356301,-11.324628895446244,10.300120899784861,5.361935847593384,7.01756872145927,9.60834632464434,-10.53575603390426,19.984563389989034,0.2906316841993821
-21.99204356352863,-0.5745050495589082,-2.368478396803224,-2.7603387983470773,-13.517809517742373,12.497559052912814,0.038616678616120836,3.4894774410807483,2.8433416767709794,-12.28602743047809,8.366607351072552,-32.627355676213696
-50.192356979337674,3.470936110368896,-5.680014565827338,7.47742302171887,-18.00893752500879,11.823461126856598,-5.818637818337393,1.7583106989932853,4.3202508517522205,-10.995476370513698,7.451601826697013,-29.110305184043035
-4.824211228168684,-0.8689186264366942,-0.8103636411071875,-2.1914105026646324,-6.693884844783562,8.823911527493953,4.22105518082512,0.008664066125374958,1.6122417895402066,-10.970207097785353,0.9382511540408975,-43.22631398007662
-6.463571510251294,3.0921251356690496,-1.6365757497422289,5.123218509721328,1.2080132133822103,9.638740891888379,-3.3759390015523856,16.36133164465459,3.3006799961211817,-6.695422320283148,7.084126548813357,-11.17981281902817
-64.30677426587891,-1.3790296043712673,-4.224148690252956,-6.649492083759451,-25.209819367264867,9.441574855601537,0.5049454976739725,7.892241614318866,4.887143202352306,-12.524942369722027,11.935508526511194,-25.171166586500274
-48.81527372907391,0.319102829070906,-5.3866561328881915,-4.127923445032445,-25.994241503904473,12.809157209597572,10.3744051225291,9.02069172836086,8.912495273892636,-9.006916323950803,16.981463003213033,1.1817534503138598
-61.73349644746316,0.6160290274555579,-4.472395257689024,-4.165339430983065,-20.557263149791318,10.178633512414406,3.364539560081248,8.021388996040578,5.356353748224941,-7.600660673280877,11.110938589148105,-6.074972238337289
96.42047017100073,-0.5930929753422912,-8.41457989391865,0.698225659184101,-43.957686924603294,8.429429644135904,-0.3912488594920909,9.85834083111084,-2.5108564746443456,-9.276705354153803,-3.3336099358387656,-47.62704831202024
-90.87684474721493,1.483318109108537,-6.916006080036448,-0.19830888206677644,-30.208821363632474,12.419492096651513,-5.8789021768579275,2.6326870144948886,1.2056468271511518,-10.382838694333255,0.7557530994871411,-42.711218039527566
-79.04929497870343,1.829763828647351,-7.060293032317075,-4.362958685142336,-29.85233833639814,8.244523002819331,4.358283721782476,9.447147923275951,4.61310199314902,-9.17158729062158,5.419913640801574,-26.06039621493937
-21.245245948797667,5.207589286934649,-6.933637712326192,9.805203271907768,-19.05695190950435,10.10983538059861,-2.250614174285051,1.4470047136018236,7.7083883915552605,-12.545951929316661,15.882020963465237,-15.45213784409493
-104.0881155527284,-1.7177558197799372,-5.400309000909492,-6.594365219931788,-32.20590164411069,9.103681275147565,-5.195424838891563,6.854916336928343,2.2237278103276434,-10.138836647604695,8.41535877366764,-24.353974548147303
-49.3404146000895,-2.363822896248045,-3.003473917047078,-1.8952036543094688,-22.021297010121177,10.186658793676811,2.1327875741955036,14.817561951838776,3.986946127794766,-12.893632449052822,4.941331173171476,-43.392002781270484
-22.946111419986813,7.1375893524056,-7.008681246292621,6.483342000451071,-13.667428531376226,9.149456253922924,-2.8093859755370545,-2.8294857160588744,3.445511844297391,-7.963382076474678,12.45366853290877,-4.477963506721065
18.55861708196567,4.372375207669869,-5.747564212546832,12.135597804109565,-15.667916646971506,14.192146420545317,4.978790083147,11.691831125644452,1.4995962583585212,-10.457538686878348,2.2083395013500464,-38.95954750813626
-70.35567448490012,-0.22624069648567363,-4.849810285781855,-2.326491906089102,-24.959149780169675,12.196199054588423,-2.3370141221736116,10.247011029907133,1.6978778003938273,-9.95615002520445,5.910411898867326,-28.728909954954897
-79.62072765030564,-2.7174907170767666,-3.182397072481835,-7.853003736773749,-24.08343335164625,11.87768656937721,-7.7145098984383615,16.782602953334482,3.3541372138058945,-9.468140655285316,12.574112661930524,-10.469916670391573
-135.1819806038362,-6.682162045809527,-7.299534803200619,-12.855530746623284,-56.55208732475557,11.132434006021718,4.517330667297323,11.978317081356764,3.9963510881874096,-7.945708929547987,12.608739301106253,-4.346991206955989
95.81891946011339,-1.6383245557241004,-3.697096609156549,-8.056219965699965,-23.375230190238238,15.19999284728269,-12.246631106570597,7.643632199066636,7.317363603279429,-7.933646344004504,18.10675080929901,8.722032122186906
-89.21740586717988,-2.865160307531253,-5.99326841044929,-0.4063359514404361,-38.43529883433067,8.41123777103797,4.941281896911791,-0.6875357329348759,4.757258897476202,-8.161248415180946,10.473051461848955,-9.555000864363755
-18.625446407223553,5.015721965115117,-5.765461978247863,8.986159076987345,-13.745152583024527,11.906016675834694,2.1428492720284256,-7.5744106800686986,2.2108149528423695,-7.963201063633262,5.6992823927990415,-19.750215847288175
0.3907275103398682,1.4585868386547556,-3.4074106171514407,4.875350594211179,-12.65618315957547,15.561812907853103,0.36823629298732463,14.169255234694372,-0.42485967550159565,-8.547467776133871,-1.9055860876379955,-39.85559771989536
-51.57179726277743,-0.05478513408468236,-5.3206653269058375,2.045802185387213,-26.73955110274372,9.598291005267075,0.61807481610618,11.550537525454494,6.203998033529899,-12.161774854057692,17.18049101510568,-11.899569514168412
6.133003141346648,4.499084896999468,-4.52215806692986,8.897613844362581,-9.150956861779571,10.582319217172575,3.310466548616274,13.760383227674787,5.276804173034462,-7.193071996324392,13.445055422644941,0.8051983000181793
-123.3853607409081,-2.4774898750350705,-5.738450344339454,-10.291068483423413,-36.212670092885595,14.822104152887494,1.4540192070990496,2.3959892983999045,7.581955913487649,-8.422786350363793,15.747130543697756,-0.005558982599402018
-66.35002598067521,2.214207518412478,-9.3478518332588,7.228005111692007,-40.06144747088055,14.428205203773102,3.0662883083047054,5.850732002963676,5.40426865015389,-11.92578473918763,15.483624635847061,-14.844296401559252
10.044600119845525,4.900791095958347,-4.789849258212044,7.224799477209521,-9.233981678542461,14.07407510607355,8.234173312549295,8.853483434105451,4.346923832378686,-7.0605582798092765,12.39089413280858,-0.7055763460964197
148.5041771027342,-5.104962875937785,-6.323777015272092,-9.128996865425911,-46.9121571267971,15.79597480838344,-7.913221473931012,8.521678751207926,8.158794501845577,-7.661044049718695,13.485315239530962,-2.2883242782436213
36.62753672902811,8.117583374199375,-8.015435461735741,10.773717478493133,-15.707793619911113,13.04101826934036,-8.369965001129428,10.607087985640666,7.73698520400223,-12.064766029808371,20.900418855807132,-1.9602128210758605
-33.82418437292735,-2.128655460814424,-2.3484091296081946,-4.610969986543987,-18.138994964528823,12.79858108174583,6.789781972273037,0.4781839186770229,0.35211358269234605,-13.307894910863835,9.382900467935732,-33.72284917462286
-64.59469304806916,0.23104072094192468,-7.499412601395366,4.402902106171869,-36.83019211312551,15.297104679918103,6.3143552846427555,11.545101610658065,-2.181321614899147,-7.137963669557369,-2.66049309428782,-35.96209667089403
-17.629760924639506,6.376390045953542,-7.3080680024525275,17.470279359533748,-17.437171119442453,9.383305113913279,-5.2159113842854765,15.481354167539223,1.5560314210628752,-10.69014817706979,4.418925651310629,-34.10087819875339
-76.873705323327,-1.9488900312570165,-5.974860746679238,-6.014186128605186,-35.77190726246768,9.868681855141705,9.818317181064494,0.7059167325945932,5.345714839128409,-7.940700607836847,6.335311722437716,-19.295846928912784
-95.16443249010621,-4.493875615967895,-2.442675356313195,-12.749023150799498,-25.69086000201632,10.455106621601923,-0.5757425285478224,-7.155245443864221,5.620857304130131,-8.836082070048757,5.198807147681725,-25.217840138929876
-22.376146266382023,3.0458423092951357,-5.511594333545837,5.415039227575079,-18.411560393496554,8.555893081722372,1.9862925807469995,3.6574995123655314,8.713816649671617,-9.266886811915198,10.457269263490975,-14.17766628642213
-79.51574173920783,-4.483999233287449,-2.1167905024352693,-14.487689855160312,-24.046496859250812,10.753907374427484,-0.3193472900934795,2.1798507832194858,2.0544998013685793,-8.093040116575528,1.6516488537983296,-30.07023224345323
-113.55491022684512,-2.6545937497232175,-7.000894835556111,-4.546153923203433,-42.956130476702796,11.07457696175236,-4.488566127332195,-0.05476666920833395,2.1508126868657516,-12.088196057571823,13.423148762842722,-20.438040847034138
-83.87001901246747,-1.194199226660884,-4.292167723318119,-7.898726590944563,-25.047516721589247,10.045666920609127,-7.126721052013799,4.152340470312421,7.265414591516779,-8.503076486439411,11.115174065315344,-9.749859011409406
-103.79122774460868,-3.6474540248714624,-4.694696034639577,-5.439726469057456,-34.38841045958822,8.220004841057069,-1.8779219700817809,5.349188747360076,-0.5339015754594838,-11.364739691924047,6.26731938986363,-33.90657149892343
-44.927758937453206,1.8501631021806944,-4.556614204860655,-0.5061821277577909,-17.183322808599232,9.147449449721883,1.1697771104490746,1.9984846540267682,5.148684209541208,-10.040790446834315,11.261674322479026,-15.131113294672735
-97.1694434492461,-0.3539733964820463,-8.011060762801602,0.9515459774768935,-41.11208836041555,13.213512245746506,-2.1027080803263036,12.739045258853807,-0.3159790225805619,-7.2498525811053565,0.7353816434065314,-28.698339387813732
23.239341701107204,1.0981497623142693,-5.417864929690409,5.342350559757756,-23.845011665282023,21.46476506533798,7.1179880372035536,14.848178815468998,3.49002260335904,-9.676930072454358,9.937605070796796,-17.55894516914202
-13.471632133106413,2.441840812689514,-5.093772127008954,4.067536149264933,-18.1733787444835,7.670022931411856,6.074236061602708,7.397094562849169,2.001753561963769,-10.910679607469033,8.627147480203854,-25.77426453427922
-73.81513745167457,-0.3434550744276068,-4.7687638527909915,-1.1699258791889942,-24.852807743231782,8.220732733110474,-0.7516049330783092,4.621223286593165,-1.1896873023093306,-7.372404715625653,-4.4441996758221,-41.35556226295319
-15.496568993300574,2.9856952044340934,-5.581297319307199,8.825093364525493,-18.972179219682875,13.108350327265597,4.257377808847365,8.120104374061746,3.1712252065991766,-9.244198511678603,5.737353170181821,-24.821264547753035
-70.65270579803207,-0.10776380200373062,-4.554747931449815,-0.5444033191561017,-23.048194883159148,14.949662932925989,-6.293805991577852,-0.30180827087349016,9.649404240003257,-9.410961906683204,21.579186529902763,10.584004903405393
-15.910380612295159,0.26334018329698977,-1.3463366117306688,-5.960538488615102,-5.951442028578194,9.550666858695664,2.271233891812734,0.8231785109157492,3.5460150455965556,-10.53590835087511,12.697542593571328,-15.490372094599254
-34.964325241587105,-1.1119338478985534,-3.811214128727229,-2.333399296912795,-22.37774392380165,13.07742472254795,-0.30603636527028755,-9.738909651283752,7.529678440967988,-7.256215673719723,24.344849159742928,25.94463201564316
66.10403594164649,0.6739943548290446,-6.492769127689389,-3.342144935875519,-30.413267582750382,14.546537190037151,5.963381056758769,4.0550810367806935,-4.799935986530137,-8.245334129151551,0.9428525989305712,-32.3208847138337
-50.45281793992059,0.009718481954135615,-2.4774173869375296,2.3583941756337294,-12.400057649186243,8.588961526022647,-9.920417573884178,-0.6712486471051182,1.5411551854006627,-7.871162117384438,1.5647103589983042,-29.90800407070084
-25.948144452843728,3.248085377288535,-4.714386268723463,2.727953480835077,-13.727622810888828,7.682548543049835,7.777232291327588,5.656402361439146,-0.7924504887637447,-9.124230950616312,0.5526069598512331,-36.64117745957366
-76.52811348865255,-2.3176325590991382,-4.840616321420413,-8.97122352599892,-31.142874862982215,11.745827032499902,-0.10146568585753801,6.05948485451258,2.259476252504173,-12.125294052607053,6.770099854182482,-34.957427247056295
64.3219043807238,1.4646152922633346,-6.485435929578692,1.7585019528142274,-28.017918190381508,18.649427662963454,0.9112758747810599,-2.5105863121737677,0.9473383174194159,-8.11767318412473,-0.4320664806893779,-36.00025297987418
140.02229711500405,-5.176012950883562,-8.91346245308885,-6.642962962694421,-60.1250473880416,16.822326408829305,2.702137013120606,11.318610605935811,8.934363961111496,-11.634366696531774,16.661686922010084,-9.999389536432332
-55.733027972202535,2.1182387713453226,-5.940333687221133,2.680492152791309,-23.337978376182445,13.170067379960326,4.070368006718528,-6.497103881391512,7.208112454637281,-10.554633818780669,21.388552509240313,4.597292973640845
-100.33855681115462,-0.8273141643611062,-5.535879499081252,-2.2689482548131368,-30.110152505075355,12.907135084770779,-4.861949134512031,4.047800155103664,7.293152745707195,-12.034323129938997,21.892039190321476,0.1932040442445549
-90.22645425440083,0.07843671528618926,-7.328827402413438,-9.241709162694141,-36.48381494396541,9.137151355103427,0.8848822017349178,1.0826113734463254,5.099887113692947,-7.0705075407673865,10.565354575136851,-5.968032248384262
-22.715510769269905,0.4948310743415116,-3.8223085668187435,1.5686464886091547,-17.593260573547003,11.114344150370533,2.887485325480914,4.274137350648731,4.751105349436003,-9.278783818987387,15.294510335801446,-3.36618479367044
-58.67520842074987,0.7075548897778474,-5.225096453736917,-3.708183174763648,-23.960010885726998,10.62987012239953,3.144698280006464,10.05728596406872,3.177765938260828,-11.019247619772502,7.5733889013615645,-29.413038887995768
-64.85092924044086,-2.1276176257561885,-4.152728166032052,-5.580173872315132,-27.185594402183813,12.023782260179642,-0.1301229366051082,-0.41322493550988515,3.770466208432608,-10.000220412330801,6.750621043351206,-27.34667207817777
-91.55901333241374,0.3144854692440576,-6.314086346342236,3.9043808746378525,-30.614357028817576,9.627168162567363,-5.630947744032461,11.855033234512973,1.6974784763198376,-12.073140299637057,10.09608326928729,-27.699499780132157
18.86577587025759,2.807185779398875,-5.417834862123709,9.599150785206099,-18.707935046556138,8.480566808114355,6.647796873066562,-2.3431643680486314,0.7977590862277353,-13.450636906607642,7.8993099993776985,-37.40292226928357
70.28741454154427,0.4954519468742854,-6.573887260377886,-3.074337398142971,-31.39411054228314,19.51277400690701,-1.7962710209830641,-2.151976501025114,4.178868702851872,-6.414653551737232,5.481153158620655,-13.644218241023179
-71.41546549749839,-1.4455439254014926,-4.377233309924003,-6.607656768938957,-26.26351875058285,11.682202407777273,2.942249939569453,15.60361190894954,6.862845623647596,-12.560293215786261,13.078230650195083,-23.0926359340873
-104.08445090855977,-1.6770606134444581,-6.448392494891472,-6.524718973728541,-37.28975018512606,13.825864705231478,-1.5740360288334587,2.678387176867796,6.270216867846653,-8.304995904433536,17.668718926771746,4.396769521349135
-95.83156518790581,-0.9107691012695204,-6.258874563879443,-1.812878872134686,-34.07094209699043,12.97045309512749,-1.4025005326245923,18.06359712922779,-0.4827918870451864,-11.673906119196205,6.594760728562446,-34.25295502611379
45.6296830094528,2.4129520607805324,-5.4499122170299295,13.619535372431748,-20.006314114611307,9.89764824769728,-14.930720890725713,9.034849311087845,2.6339697558893405,-7.893973948410537,3.8430206097182324,-24.71340817015681
-120.13128720682168,-1.3949111198948463,-8.010696105430485,-8.028339868191198,-44.24813259980396,7.207810654213109,1.294101696023688,14.325206250501742,3.6017559922214115,-9.333304240982837,9.230921182215665,-18.520122897156234
-73.54246790521105,-0.8872370679507098,-6.730209523480771,-4.1139921534880255,-36.23670780691777,9.906637761879825,6.356299819429172,10.086477528390837,4.7905099646716565,-9.701299940497044,12.603344760901614,-11.470663147491008
-20.802497613572605,-3.0395569660055517,-2.0255057475511813,-6.544853705795303,-19.269458995109833,13.770504128303735,6.2939542236104025,16.84656532737321,7.122626767898806,-10.377719556260287,22.85733341604789,9.3299719614142
-27.748456881466254,3.6641642476461627,-4.640333247030273,6.324487499898657,-12.200817572521307,11.472908943065601,2.9437255852000974,13.298781995074501,3.0545696981566897,-10.31410045649401,16.30619591809874,-6.000398478694213
-21.95175242234117,-1.0789350408916794,-2.1212705947478425,5.170756387602675,-13.86805997706551,13.795596161911629,-6.7182835197251904,9.764726315379185,7.425479826816529,-8.114164033098318,17.948444660247453,7.2651472602476685
-90.6894823438981,-1.3626025974861005,-4.790332296203236,-6.337245622458874,-27.974886022298037,11.340151012136932,-2.7258389359293176,12.400883866372846,6.653021753387364,-12.439607298279864,13.103139687675638,-22.17999599755371
-66.44696789587069,-0.6396583592797354,-3.693142287286287,-3.5453659399866724,-20.383360264143423,10.378054142892527,-6.680714222126859,5.798838241589637,7.316231008425475,-8.35027235342595,10.387461154212694,-11.176895848207307
-35.303672520645534,2.4973851605234474,-5.2259945553095175,6.859731603762196,-18.735217850971786,11.94209559864068,-3.8796779525661105,11.78980360410963,5.143766011122123,-11.176666887189334,7.836106527882907,-28.910622030773
-24.44149063166537,1.2562016621735888,-3.590774458299292,6.253386678186074,-14.137913492145827,12.993785688650995,9.03694310850448,6.6072916850504475,6.278216946830668,-8.613694435410714,26.0674396087711,23.69370162332324
68.6852563084733,5.950380287581686,-2.778708786819676,13.807964414434503,3.92217975570978,14.587561961457912,7.046737546463298,8.927044446081002,5.34258264849883,-8.559213933247285,11.919845308090787,-8.322989642541401
-8.934668996736512,5.063748135367357,-5.8332495452645725,5.220158100956383,-14.054518884750705,9.68977942734389,-2.5840956665615558,22.306216911733447,1.7614752314493414,-11.934847199601982,7.311951808037798,-33.501421202659635
-14.451883254005956,4.923070107669921,-6.402554689523405,10.484572249248728,-17.207883538622443,7.992416538414616,-0.10687629582423153,1.415825708713193,3.8840729311780895,-9.18433820081351,14.46023905859677,-4.768299004276837
11.059743720419558,3.9459484078503504,-3.7901840687798973,11.817792952209485,-7.213710735945666,10.553536049445988,0.7706877688412783,-4.439020668736774,3.820696812794344,-11.411136609866762,12.419555627848155,-18.83216481406107
-85.2623027025956,-4.061482486864557,-0.8797729045041978,-11.202283926115438,-16.556023515132114,8.071493541033762,-2.2270816421339354,9.055366701582004,-1.0513145562796957,-8.472906461404499,-6.201984854215705,-49.824197684745656
-56.63896964498942,3.094299168565877,-7.555233429189467,1.8607435217422248,-28.50033067127374,10.163199659576684,4.161264507770046,7.488358679345999,1.8951472180021431,-6.411402711943223,1.214285490359261,-23.50352420099169
19.230637130356897,1.146492484760171,-5.420989869003643,0.9337534644840797,-23.710536914310673,14.28090883350616,0.429919714625294,9.56227285388518,14.788174469409633,-10.224111979010063,22.2731252881188,8.914172217759903
-83.6138448803904,-2.3479761008433324,-6.281806079187677,-5.688907158196605,-38.414107662296395,13.648491610738432,3.9338027617371494,6.879955898975906,7.602526496319769,-11.472808904665174,10.958578348757445,-23.29019084376081
19.839745676525883,0.9715039443790073,-6.085012685472176,7.946896088382997,-27.48274318737093,8.491468147731647,4.6597448733266456,3.3185956635319998,13.60551766810858,-9.083167502674517,28.82400065032707,27.46635316481468
-73.46115150515442,-0.4488613766698679,-6.0937095254153375,-6.072177119044678,-31.73134980258736,10.177102679165845,3.4329419999829858,6.184302584651842,5.290795411634223,-8.223614394063404,20.94804331578085,13.556279526102381
-51.89834239943991,-1.8080115368920304,-3.9902488510950374,0.4962775945069984,-25.304038783658374,14.407836285054232,2.427510513183956,8.196313987589535,2.4767667330491463,-13.699571939744853,4.114782081572003,-47.764476189361424
-86.31608921045051,-4.652413827187276,-4.62972664765611,-6.298376811635613,-37.111326562179755,8.715013372017864,-5.2464941942509675,5.686156526071647,-0.5658616514561414,-12.649580806943685,-3.6191029989939443,-61.16759888274669
-37.49033442188216,0.5891014035983092,-4.7088767256425825,-1.1397976681406317,-21.679394646829582,10.703136929480827,4.791798597414621,14.157000769210752,5.766537834380551,-9.175598352202377,18.74625349871233,3.6248634888482396
12.03740751317042,4.7933926003306695,-1.9602363585681388,10.762429160103487,4.52227671353384,9.936146876234044,-5.879260258339556,1.368320612018282,5.503294318660311,-13.333982647392524,14.112270586628226,-23.844199425548407
-50.590687144690065,0.46086582623659056,-4.205320010607734,-1.6003851988721656,-19.614714503675874,14.666401416227895,-4.63208253377721,11.670160083706026,12.108574188973193,-11.458472683213238,23.37026205491291,5.216832235693977
-100.94329327936715,-5.020975469770143,-3.638655960146129,-14.073874780624147,-33.14725361956563,12.111497605641313,2.1161700529174157,-0.2892401659292041,0.013569062280996746,-8.39626455225498,5.871838827611295,-21.74204747348651
-89.95218689084379,1.4673079378237257,-7.980782009644823,6.818968722599307,-35.524577750503816,12.544828710511759,-7.813167373452661,1.6533844469535595,4.793436479500473,-8.936090912276324,4.919566117147215,-26.69607528030473
-7.318823852862973,2.55925702192801,-4.715409305751935,5.107962391260571,-15.878750115753828,14.940281589327668,9.872065642094439,3.0620301002972345,1.4606647112741071,-12.229816265309607,-1.8576225328662677,-55.571590595848136
49.182023705818054,0.6366211790886869,-7.557024817944214,11.37652861025654,-35.80826378879586,10.456927658320382,2.861809663226374,-9.458786185256553,8.321580762615216,-6.909702046412804,18.45113146471447,12.927699614330985
-75.74787139806301,-3.669381156969156,-3.005339674996898,-8.421326509106155,-26.000860085070176,10.85784102880563,-1.4272080977345567,12.73878321279393,2.027088015933217,-7.725623975283881,4.864662046682949,-20.98156850579321
-53.1116746679389,-1.1692478592049942,-4.48763590663767,-0.8942447948516641,-25.829767632718177,12.91184111292152,2.67521916887258,15.112590727533174,10.45217575785135,-9.623070926394183,18.013355215397272,0.8819506776411141
-98.17555518832401,-0.5024934150616709,-8.609224047243934,3.0866115939918894,-44.55531916441329,8.296641335828404,-0.7655801372923232,12.426020760091383,-0.20771143822885207,-9.269178928542987,2.345645400707048,-33.908278430666726
58.76023203567119,-2.0997164829524904,-4.064539491553166,5.000669670285896,-26.533103242206273,17.347214613012497,-0.4769367326675509,6.112984944235239,1.2302808508093834,-11.656656102597184,0.8415274052493684,-46.88893566170091
-103.06080646956943,-5.787463415493061,-3.5666188046049694,-11.306908521908344,-35.226163173997975,8.442664031194077,7.082170130017078,16.077639297087924,6.456470611849516,-9.711577526419815,15.262071957251235,-5.481310825276934
-116.93361830093701,-4.406633069898843,-3.2621023571859964,-18.02784622561,-29.533917211233675,11.381387010106817,1.9450410650872563,10.31988718327608,6.371771149070989,-7.544452569892392,10.800587072902708,-6.232217587149899
-120.3770616806181,-5.523004021389179,-3.712419988266011,-9.82691448680125,-35.10488639536621,14.26821733302097,-6.816032669418526,6.561719805816414,-0.4225996472393767,-10.974120792475826,4.88975385042839,-35.09118266049139
-42.67215386402809,5.994292511812745,-8.280564174971307,7.471725717653932,-23.407822138663487,11.689185789883336,1.4400998820143585,-0.0016105685764564726,4.563632148314854,-7.856895479181929,17.179001210006483,6.061709013074279
-63.88315482459538,-2.0663867530674893,-5.1944398116280475,-2.4201430401692265,-32.11889568525697,12.271088254250419,1.3735252327776033,2.7661759888233406,3.2955023217859147,-8.151512665806447,10.35564494098912,-10.96376478015942
-16.12477388376704,1.6265631866047605,-3.6079067610523317,-2.14447551432906,-13.081499622639202,9.133596330452923,0.07617007038359791,11.668475642910554,0.9559232591153979,-10.065356812080422,2.0924818771907954,-36.753859573253614
-3.660725926903015,-0.1060234017647701,0.5158062210117347,-0.25421307488370837,2.249177696021323,9.848645812319281,0.581496805906693,2.579510121788956,4.589044169534797,-8.836599888974375,12.438545119779128,-8.905388329191474
-64.794075799896,-0.07660335069122343,-5.2158961522582,-0.5795779078141061,-26.272429907061873,11.484670398341152,-1.430026064925876,14.068698872813664,2.066547883926547,-10.887851875203712,1.0948307140834865,-43.23471888183722
-130.2033403117755,-5.36762013903848,-4.484501832890868,-13.972978788897793,-38.47737120961003,9.815232163626744,-5.358965407434914,14.062943246450903,6.126398339797768,-8.850042459065323,12.19471468661109,-10.075160483654626
-22.285748005597384,2.1934490798400788,-4.280729182701965,4.805392476963211,-14.73664963379624,11.137024925232435,6.909158516737841,-1.6878028362176574,-1.9764671307587829,-8.68656278453028,-4.378286680272744,-46.62514054992944
-43.78583005611328,2.772068239682215,-4.870828728035377,2.937666291967966,-16.00441233920814,13.177756182522746,-7.630438768366645,14.509446699352145,2.401370840502687,-9.12490761499175,8.803468134871247,-18.447422704029226
-15.639444956311063,1.7205301068362622,-4.32274925058054,1.7626179883544009,-16.396920844727962,13.33577450089782,2.1743276094126376,16.86835285886241,4.525514628441987,-7.011581995807608,13.562081057333584,2.3940402330125967
-47.40713495908021,1.0390802318752168,-6.06110986816927,3.83665036499353,-27.185939311422356,10.456382656295942,1.1523727738503737,5.784226092170529,6.563925715023888,-11.702318680058989,10.856922513356135,-24.44739146786217
-28.99333090493388,-1.5003691309316953,-2.5884423488064434,0.96427255896183,-17.420574126130116,10.479697000455669,4.257172346739324,12.285550779126728,7.587925641625703,-11.308607746917922,20.536765226144613,-0.05625279781118109
-96.49393760246909,-2.509254107139448,-5.775500223427315,-1.8818096209276955,-36.41124910867647,12.910871553282963,0.12835678848903065,15.112337810061787,0.5610419267539628,-10.785415823642037,-2.028035085117402,-50.42721486744109
-53.250498576743965,-1.789173213487583,-2.93085612425772,-2.7626651400794326,-20.004964844796213,12.511564707404936,1.7409454206408572,6.6939965884356,1.6517130158580788,-8.634314072115679,1.2593186637001068,-32.6947790912553
14.84734077447748,7.122177831106608,-5.945845360465728,9.972648586508084,-8.381306781374878,9.550472477280142,3.5383186276640766,-1.9886059653997714,-1.2393148833909322,-12.30226630592755,-5.2538504386570315,-63.88956064154752
-70.9240985626578,-3.5195975457488142,-6.437373881277612,-4.817874571393851,-42.78585374877471,10.6808273938248,8.666106685185415,5.7523000074251245,4.465200036285534,-10.303667217382339,9.207431538048208,-21.07615440213686
-27.006430595061982,0.8167870987500007,-4.152976337433514,4.368815641933691,-18.265695183288972,10.462948276547415,1.1150010185143273,10.852666873465513,4.835377069700924,-6.715863748495683,15.730298551305523,8.574511231871563
25.400614878522816,5.229237419409517,-7.113624871132361,11.018043531357765,-19.96918026826631,11.67789014154566,-6.33183232880838,6.354430354494077,-1.9835941483403765,-11.876623726492198,-0.1608451294508857,-49.222449441792236
-61.91999794273296,-1.495735737828107,-3.5922517275787182,-2.161844907357455,-22.47626021220227,8.953979393506737,-2.4477274245240306,4.601226599515566,-0.9788781848996209,-8.312425469940068,-4.684544414813302,-45.4725730831832
25.80638377466553,5.315648237562087,-4.281309584907621,13.496505465850685,-5.460925203234844,15.211321334352695,-1.9629302035148068,1.3381258653797419,7.69798946863899,-13.514363140745257,20.645822563729418,-9.00546307205717
-119.96498431111793,-2.568730514012443,-6.1126967423523,-6.884004639916404,-38.27870146687581,11.53922941666365,-2.4328711370473233,10.388488242734248,3.6381302724606637,-8.966410374894211,11.688925650959646,-11.15795743917219
-56.52366495815093,1.3733857202306772,-6.487648744273465,4.715342588221555,-28.239464870793796,9.944119938457792,-3.732643233977303,9.541090256854364,1.0759767232545152,-6.816225553409593,8.875402160620965,-8.335289872372158
25.486458236091458,3.973553853329837,-3.083134327197722,9.304075202350399,-3.4933790168130994,8.079838809881975,-1.8929151137695257,11.910787819844064,-2.4475262829089495,-12.379914736802283,-0.2617903221084452,-52.41930227725509
-172.50697936194257,-3.037792466733026,-8.836868987392151,-6.480734404390062,-53.26233132643557,10.73202240776978,-8.00919270269239,3.763197397829017,-0.03636591143045553,-11.51465819213104,4.410239656063569,-38.38724594330859
-102.99812635752019,-2.2737110891145735,-5.715566962030738,-7.237891690350429,-35.394528967005314,11.343280589905063,-1.8123629955563398,-0.26842076705609585,3.698307125436885,-11.40097939927082,7.321630798775289,-30.91883584759751
57.577797981813696,5.681473679080102,-2.1468166385412197,15.324576888094029,6.334503191851279,11.824241250605336,0.7735425008798034,5.270826280400598,3.617656988458868,-8.581957668172269,15.454803671250536,-1.1559161577737462
-52.68832344670168,-4.211415726391045,-1.295196730117754,-5.383057662165973,-19.050608329140847,9.314521751852858,-0.0011750405449868495,16.07301399403739,8.792840082125549,-11.30984696425714,16.367840127762655,-9.428137144960901
-41.561444415345434,0.7682695057914659,-5.347152429250024,-1.4065703431821004,-24.42230307178253,12.254975424062643,0.38143093350556345,-4.08171807592505,5.283241954528546,-13.377007714450636,12.050286560472067,-28.214309362912697
-111.8177309917724,-2.6213559733972027,-6.968107836175263,-12.279621654370613,-42.70846565279274,8.793970494407503,1.4852366006549715,7.006015367770766,4.725107230574624,-10.210200688510835,7.477832126060534,-26.534698832759034
-12.44441739079759,-0.04948164203892968,-2.779633291674658,9.117019313681237,-14.048991862767174,8.43149124355962,0.6733235407737537,5.10974726365551,9.369831302023822,-10.004357449569609,14.258521428783155,-9.221055345558497
-85.34172117628242,3.855220157758371,-9.192472796757528,10.479161781583574,-34.47646558442272,15.675248905753046,-3.356836926483865,14.573650083578235,1.637088438672496,-10.748694286781951,5.946443807769791,-31.461254080922306
-103.74698821039989,-4.607728461034089,-5.092749843990346,-9.885321392301366,-39.29057578677671,8.340482595884046,2.3721978475685925,0.6662591267261249,7.635962013516625,-12.637936919857006,16.965521969393,-13.447346025590335
-81.5500335961635,-0.02401945544864271,-7.751227381449651,6.706636358161339,-38.83040814795775,11.955403974635217,1.783008077038951,9.449848508693538,7.092283439639893,-6.641672890660761,19.763384889104227,17.293459428954854
-69.6887035184756,-4.727189929894923,-2.1312804609531852,-13.477975404536142,-24.83582133982578,13.641948861025398,6.55982078995879,11.471613511189563,7.047655205173463,-9.346945248430389,20.173918886083666,6.991981657527887
0.7952113711816713,-0.07601773691640445,-1.2823336353460384,-1.0910161238744265,-6.617551029313989,10.847973505823305,6.336138973418689,2.5097219344507207,5.102349761889057,-8.472296203395354,10.9651557507776,-10.47448341712871
42.74729829967689,0.8379558938982771,-5.02701318655695,11.090513829079082,-22.556684893092978,8.2452320000881,-2.035162537649704,11.641160582536623,1.6753248922864032,-13.493235168312134,-0.47449373422526087,-58.74694183215835
-31.13528123754231,3.4197394271905797,-5.839728948860707,8.322441364664426,-18.946833437731087,12.345032508463067,2.409917271837151,19.050735135572296,3.5108262588241126,-9.99862437652192,8.540153909896379,-22.5901317394199
-167.99791562421467,-4.376051377923926,-7.118114388657686,-14.510388952842282,-48.701407860916575,10.374238640719076,-8.72771557691474,21.67107226195717,4.327293276390223,-10.622210355553682,8.189636535370363,-26.018310682835043
-55.9359901509071,-0.3945377767020562,-4.671489128751004,-0.12141178851653167,-24.414297076396583,9.048943911133227,-0.1432320030310219,-10.117872437429817,3.1009049491752245,-11.109146754317027,5.218685736606781,-35.1108095992304
-34.890564635647486,6.200779221604683,-8.968007753739961,10.557029834185261,-26.287429851631956,11.427017079979953,4.9939230226786115,8.781609784147737,2.516954461601483,-8.964739514869759,9.631909642487813,-16.0984950299915
-24.103597875254078,1.489122425507271,-4.314856466114682,0.05045734283974124,-17.081094622917863,16.56838324330632,2.466767427298165,-4.537687031357255,8.091900701705013,-11.845842213083886,11.10029404002005,-24.234801622213965
-49.862054774727774,3.204553943996516,-4.802435088271328,6.629548787349324,-14.373262139322959,9.818570165095405,-7.008634918584399,-2.7538867646096907,4.84052064203601,-11.860034643063809,6.316307972284453,-35.14881436532943
-33.933439555854335,-0.5995055473305414,-3.5610613258944017,-1.9468779022534026,-19.621416303723425,12.848033353078442,2.336137203510492,16.076909745494667,-1.6885797613880245,-7.1313402571212645,0.9925797176655813,-26.849073437590533
-39.76838472776172,1.5749090061725994,-5.662114958838363,-4.298921330822791,-23.63226237077602,11.238435336299574,1.7439918723207901,-6.340081654122116,5.766421443072292,-11.857125454700306,8.892059427307725,-30.230240513321913
6.952500498817638,3.5682916006905154,-4.9591381913821255,5.104872624186214,-14.067164502156164,17.425842270222436,4.666050962324899,2.4001040047189393,1.8059274326406327,-9.307719419086474,3.1452411206637794,-31.07276914057748
-58.91870937426991,-2.477860658716344,-3.185458613301132,-4.652789147911153,-23.312965366171362,10.618280913767626,2.4336392450229614,7.550212365331662,1.7493447494338636,-13.521726273434979,-1.140956817956658,-59.851875415910676
20.5273466193527,3.7144019553550853,-5.064862599368566,14.83993921319621,-14.190282144995315,9.883703896758334,3.989819099509679,15.106851353961464,2.8678382746429003,-12.951318765660215,8.95956428037189,-33.62232853671195
105.04694710666018,-0.4420415798758174,-4.551980401494977,-2.471439304532282,-24.174756509881554,13.202273944029308,-14.624578753280755,-0.9386882190461119,3.8894133362778582,-6.2496895915282025,11.646143454435524,-0.2677958283892845
-76.619027356359,0.236099612822451,-4.37600796344877,8.19903757600865,-21.13354188210393,11.692959160959,-12.343771003385797,8.840115933801027,4.39033538854215,-9.952820158044362,15.686840261105502,-5.2736823159106585
-34.44612899904199,-0.41043931750901014,-2.4037854566866472,5.1073204327783355,-13.31377602859239,7.746312279200895,4.090086223765868,-3.1912188151026832,6.9679889683593546,-7.874254884108659,8.874527873132923,-12.527559061339295
-21.645628598969324,0.8358495622098105,-5.692186873661599,6.525361489691386,-25.949923122245437,13.414779311741905,5.840748646730933,13.28945838761512,11.944323422363018,-10.224185392906914,25.975613672685007,16.298089093803323
-91.12213139480522,-5.089845906132663,-4.567632851361144,-6.074486134925864,-38.10473631441966,9.869875091197628,-1.0554064964161514,18.10362978338743,5.371065335552533,-10.407663315639867,19.563164092040548,1.045896246876279
-90.34483878197275,-2.3070598986800794,-3.2378482017373824,-4.4181367634567525,-23.082941575399833,11.119791284251873,-5.691415672734678,11.413062208045616,4.834314216043907,-11.132817989654288,15.397131874182769,-11.962555222105127
-11.50780952790166,0.09182285565985543,0.4793924673777328,-0.06963622954869303,2.6707024516126436,8.397896060694062,0.8962518894194398,13.772547835107172,1.0560664775180513,-13.873075355165724,7.034461563318732,-41.348064296261455
-5.150693852705399,7.119041957263254,-5.990537455992528,12.001760107581012,-8.598144500935046,14.995314742865116,0.3603876095990213,20.81853533670639,3.886861547813393,-10.860977658961527,-0.8469939377148181,-47.93946386733282
-76.1029992289246,0.6635867334728617,-5.4629136891491,3.8145748518841858,-25.267080495941183,9.852271587750455,-0.7405321864430627,6.5674181205448345,4.802853281993589,-8.47419522824315,8.935934627482492,-15.191030567829115
-54.880043426605575,0.5724785892219436,-5.532970699259792,2.0740581994333023,-25.913382465275838,9.38252067348254,3.010281847332039,3.709346967143658,1.1101266765475413,-10.666850417117011,1.5030571137453088,-40.828651037464056
-123.07055110934495,0.8315740884210598,-9.413231025737069,3.010277323247154,-44.56311016650057,13.891918048217358,-9.26883604212979,11.264065821412315,1.076624504196781,-10.028213121987054,3.4132761717419515,-33.67606841893246
-73.34905949123413,-3.1783395063318203,-3.982125013929811,-10.776910117729003,-29.368810067446827,11.185761693745851,2.6654381911740357,7.816077852235885,0.9820861131366021,-9.496070889962507,5.845978423452132,-25.517280489521063
-48.08294879572669,0.03414089917892063,-4.844339597425595,-0.0018404539171965606,-24.064092767570322,10.326204820221008,0.5947138520797361,18.179135913746638,1.0942645115150964,-6.587799275617022,6.473080848829106,-12.632899468020774
-77.36955161856376,-0.7401775623079272,-5.948919980887325,-2.3269151265594106,-32.01423961612549,8.87222892075612,1.2175761051444223,9.657446453347061,4.026304970084106,-9.087256960984107,21.282092709666536,10.624813468774088
-25.256575970014655,-2.5577817099308127,-2.299400480667541,2.239526653973969,-19.08972615218528,14.442380330190637,7.409824249504718,5.570703982725812,2.4629083515386823,-9.147853161935343,4.097412854425448,-28.96564983553467
-102.91936672965362,-3.3083865929149145,-2.8766799302526174,-5.888081449552567,-24.262057635595617,11.613764759281263,-11.017240259626707,10.003700926964992,8.433184256654837,-10.730033792440944,24.637576873196625,11.88905779510419
-100.30656557882024,-1.4889570727941894,-5.484925220037475,2.2973902739189036,-31.881932502577353,8.547645487435556,-10.603685684212973,1.4215861451562564,4.383641958595324,-11.406165870852256,12.949408536265237,-18.72737360499277
-64.17222353060232,-1.3338857441350542,-4.300022108859616,-4.594183007217624,-25.551200039648247,9.250793931421882,6.433852015695631,0.02376489254440628,4.4835173360266065,-10.255085274614427,11.098164788002068,-17.784706747276484
-70.72442151211,-1.4837040976133882,-4.940770063004344,-2.8271411718328965,-29.121651148654088,11.828174398037199,2.4732942635855335,6.970143272901651,7.892082521721019,-10.182456089813371,12.470116943184115,-13.904409890257773
-35.44198200993433,2.309474995241176,-5.701999631742027,11.759699316896496,-21.51201454959435,13.181243247738836,-2.39669530713401,1.8575136139924275,8.544998441191668,-13.965044298340601,22.395185250653462,-6.911084038250764
-77.31009502409263,-4.435734092296912,-2.723683852253187,-2.8657936039635583,-26.957082481468962,14.591332813695496,-3.165607195441922,7.858932560934402,2.99596477864905,-12.564042908132105,4.472389888753177,-42.85621209809709
65.73423728186908,-0.5904233761625205,-6.063049823265549,-3.4309568048625847,-32.125626778046446,19.151536557354113,1.0761147834112972,-1.0341404402290113,-0.5235971025754438,-9.263936041600811,1.7478455859227315,-35.691020999337
-41.29313660833061,-2.2114548664814775,-3.4624564776439986,-1.960009536872735,-23.977228881260572,12.823451846916251,6.4267541499545775,13.954901175284366,2.7128762214868143,-10.565043647613665,8.364113310916467,-24.337480100149097
-121.57200937140279,-3.5684731721992016,-7.9903076102020965,-7.008775713865702,-50.6453563274483,11.691587153898528,4.83216095010302,13.502789761963939,-2.977120162677771,-7.675777857240796,3.7205567341690315,-23.448911503070757
-83.88960089823948,-2.391764231283184,-7.326829378351466,-1.1646022598404469,-43.85576415889272,9.433470871523198,1.2853739943632672,12.87378742096605,8.017658699209584,-8.715027556856247,14.09050526395663,-3.7988532212658854
-46.14118441628097,0.0770284864597173,-3.275628560177503,1.5094474066095083,-16.138467415457086,13.650959688768985,-2.749928424415007,-1.6507393853769967,3.052553166125482,-13.931938219075306,7.472415985100919,-40.59105369264677
-39.64097169928674,-2.175731974382472,-2.064448345925663,-12.917151236049456,-16.82331203937363,8.821549605447359,5.243665863233076,5.943279297207566,2.1499612960231467,-11.84569188363019,6.142272936821186,-35.12611873210692
-51.52664313438697,0.22215850144816135,-5.721127156751204,-1.3752229112915986,-28.01036730199131,12.581876705485094,3.3449024879637026,10.150795585188419,3.96089254629096,-6.314159030541532,8.853466484742155,-6.818062830330091
-86.05854256268853,-2.203928471445498,-6.405712654392761,-5.053671473447848,-38.65750675233032,10.28948058425283,3.842648171446169,7.944787227573697,4.8330259844422585,-11.37041141759361,12.833742092069361,-18.391984382423626
159.62136186376952,-6.832671595344673,-7.395000364434014,-10.629563967903481,-57.394571077838215,15.054433690345082,-3.1186593289571363,12.062896665280356,3.9944399974140725,-12.849868236593439,2.3138293214596075,-48.80060435805734
-10.266985685782627,4.432515950649988,-5.878457639127827,9.130192516997063,-16.088233361148482,12.220501670587002,2.342197861238575,5.422775050732393,2.2444125588091333,-9.432747022114066,5.031107461047241,-28.344335492416146
-101.16338907963303,-2.279159127556913,-7.543923346207428,-1.5200908584327926,-44.54335985149213,9.479367582183784,3.27446846775082,9.337385942049107,5.054516532188384,-13.792686996394284,12.724840624670232,-27.810868623429247
-18.46468601690837,3.090742918708895,-4.360212778703092,6.811503367860643,-12.453543177601944,13.870901857995726,0.3890827070974865,10.352062684389331,3.5604636325756798,-13.009573605885032,9.611874270431557,-33.23874861068366
-66.4552288188929,-1.4827045259272018,-3.5333360037996258,-2.5533965790906286,-21.97271663537974,8.82358400346685,-0.9332402832701634,13.766689574970716,2.779530100456476,-9.391578398455856,4.911028852283578,-27.537210304053374
-49.749736407326964,-0.8513314783189281,-4.150385443663778,-4.470796326866741,-23.28734288990619,9.678168597305586,-0.16804934037865848,-10.190907488351609,4.230259647430595,-7.344764759974053,7.052256450276843,-14.531142538857077
-121.34016276899037,-6.782085006282378,-5.468719065630815,-9.221259833765146,-47.70871063181278,11.340632818948766,-2.0988434877087805,12.435507347097161,2.3085414413771232,-7.885332141593844,7.323561792821552,-16.691342620408967
-10.409949930395832,5.144298791708941,-4.825932679032396,4.3794905803512245,-8.688820137037949,10.335050198390775,-2.089708643676765,11.62314200223637,6.297308252287863,-8.240456503011291,18.940118446631487,9.548394917816566
52.36585351426586,2.535902181909733,-8.25017557958098,10.723361253392587,-33.6432460158242,10.749475049589732,3.5015392789104682,-12.632794584042504,2.084738297137399,-6.417983778496608,9.864934587495695,-3.545879287652811
-103.25230711350862,-2.554736143222372,-6.241731471221675,-2.5227832274329822,-38.94069612067481,8.610649452336643,-3.2051778466051015,0.15713482514567456,-0.743265184997302,-10.102600358616652,2.5932926672444,-36.200687419612045
-63.98264639824289,-2.581314910415462,-4.506697436806769,-0.879577254464099,-30.271512602873308,12.364337042797489,-1.6815223072068424,-5.715357436124352,2.4306811658290863,-9.05015455656785,7.4428260088469615,-20.846476508329598
-70.27255683832063,-3.465952734925562,-4.357818024298614,-2.1688354619761485,-32.179669614439696,8.818236584326431,0.5137314979735503,-2.5944787745856477,3.918283166258986,-8.190511950041357,9.308420789615937,-13.607734626047108
-65.17648878053339,-3.094342331117728,-3.6772991362030036,-4.877412504592488,-27.654223625183587,9.152221804870429,2.9622184182726747,-2.4162894977029907,4.360505173303351,-5.214128275091084,8.173433479521629,-3.059393173467443
-62.36191621541424,-1.5629679211352001,-5.7668793809332595,0.8527977535907887,-33.50128723004742,12.3776830936601,-3.7576815408598208,5.023565164741637,2.142285265834483,-11.10657572632554,13.28086936546292,-16.26480480158619
-68.31679953696575,0.1428267723803778,-7.275354952111659,-2.052871833257801,-35.90250575627544,10.91381564543925,7.226365646861463,6.968920051822142,2.466753552717019,-9.178433212452795,3.1584036280708028,-32.12836621764169
-145.00925306858525,-2.1636953621363793,-8.673214389620705,-10.133191143195056,-49.875293099787406,13.645710266079352,0.32530442966016704,21.762923609492418,5.487642574517234,-7.605341852750727,10.564985867969305,-7.814138822491021
-8.854381346405022,0.6274880724265164,-3.4510734373696215,7.263134326516412,-15.322402212150731,8.036873297746093,4.004239570232976,-0.718300508194325,5.670120316202977,-11.166899001485742,12.345993931520338,-18.502811674333163
-118.48419523122325,-0.4177557998450865,-9.27879429380124,-8.512179958341731,-47.67522219794729,9.248541094457327,3.079781595096065,-0.4745714503974714,2.477519670422334,-7.377931151775974,4.978080563601392,-19.647582448019218
-21.87906055230713,0.8928069699114376,-5.467434295745652,8.844697051252277,-24.71525717009502,10.633842728482563,8.617042442924575,5.105474522593269,5.875720734241327,-9.001116021588574,16.278776874573666,-0.5263835166332548
-145.49111239540878,-7.215254990346079,-7.26885043983836,-8.093309624430926,-58.01287320525611,8.914281514018217,6.475384184447301,5.58190791977599,5.909412668092054,-9.917703268329317,21.00682937078906,6.283246914379215
-116.60800142608903,-1.4878016742647584,-5.166806827150593,-9.85551751491831,-30.32065517558854,10.344089777201269,-5.085358962431819,3.995452255535665,4.949674844813979,-9.788837402370005,19.322226559310142,2.6985188200369086
-99.51996397623073,-2.318118526125546,-7.138370709708543,-0.1205437756303871,-42.63589272060433,16.12822398170067,-2.287900756829952,14.288673530498004,3.225372488188722,-11.7644094150371,5.872626633105373,-35.83307287909645
33.3400218962572,5.271388857585417,-7.209667762684415,13.04986062054619,-20.07858643666162,9.409777289513277,2.809358589640465,5.8217720920762925,-0.06813188336210096,-7.018734207608569,-1.9601388760445038,-33.51131908328992
-13.004357207974707,9.18816196428829,-6.392868408115366,13.763375552411631,-4.394397534759792,12.745170076291888,3.8161407518642605,-8.937635972101846,3.216950467300173,-12.301230617281524,7.915299604505442,-33.246000642903056
7.721705082277461,1.9979031261791245,-3.4576586933987272,1.8251058417955184,-11.26730815103455,8.964710742932084,4.406447531214304,11.254087631595429,-3.1231336442655753,-5.687616077868729,-2.137760369059291,-28.4845651488021
-77.97331336176796,-1.3341336291126455,-7.172729587374102,-1.4904292022163341,-39.851732561929346,10.59912775291944,2.1583192218298506,9.28322401381726,2.3208715840826217,-8.693305641723978,9.315979057284562,-14.666439640253829
-15.371993180985843,0.494696673319783,-3.1093150942465564,1.3131841558612711,-14.041729567670506,11.25871715333146,-2.8486310144682747,-5.295107354655476,8.666966659470198,-12.492218608593095,18.571772301068016,-9.363967257709286
-112.69427880985467,-4.315033712886516,-6.602679581635604,-8.781318834494813,-45.899091203855505,11.031553504671892,1.9700784545994585,13.00385346739832,1.5473380662643201,-12.628685556499109,9.509662499705211,-31.112020796126743
24.227235585164895,4.8469284033756805,-4.0235390047107895,15.011562903551667,-5.5668916027488,13.449993423232716,-6.464188511175436,-2.047632593059877,-0.20131536844930853,-15.581008270637458,-7.063167142659532,-81.88270875053556
-5.870693752485946,2.10941449263946,-2.9202028886850284,8.60197693499213,-8.33880862972602,11.068722440408685,-0.2841894602496957,0.4204256180882737,7.915763990673725,-5.491386465804818,19.034950140432105,20.348545974655735
-35.6251801494731,1.009549475916201,-5.044520973361868,5.030749398018608,-22.10599006710857,13.557550276177292,3.1359012594669213,-6.189969180306409,6.495234654672924,-10.946155692566151,17.57500371524401,-6.330908159775083
-11.537070740094979,2.834231431879931,-5.019089201350353,5.587687141158492,-16.56303045604253,11.884746239386853,-0.5692605557644894,4.324680909790404,0.6964014514070693,-8.753376446447392,5.609289797849164,-23.74320631209535
-66.60364710184025,-4.197420852914444,-1.3343705338253544,-9.043911466807451,-19.29080979153688,8.186345798872495,0.5451502298178879,14.460558505733172,0.9824761364292485,-10.82832667130053,2.8167232535643882,-39.32363499090055
99.00770982497575,-3.380701751592419,-6.441283275546374,0.1056697361332537,-42.3398460868398,10.822118700710732,0.3351805390538267,-21.25384711119418,7.473461732548648,-7.026538538389589,13.350119900350048,0.7543295420689586
-70.8450182153641,0.32956353483153455,-5.148720635491348,-1.3959421158883727,-24.865836520572568,10.591550049251317,4.73518181527416,12.598775568434949,1.0321569123156848,-13.136892892854789,-0.4968701703142173,-56.25784150208891
-19.394536302399366,1.4946943856357946,-2.7111933499118264,2.533443333639455,-8.960268534463662,9.52480676748953,1.1242976709032462,9.359607161231079,2.915710026590099,-12.452948593189145,10.803809010391246,-27.74676060520492
-92.37401653595936,0.2550805693451201,-8.554562058104242,-2.3363471319092315,-42.04577882007474,14.71503729108591,1.015326371911005,10.052371826692534,4.195811786467604,-12.939821463602373,5.540711485663526,-41.809464313444224
